Aug 19 2016 01:,1471564800,6.067,53561
Aug 20 2016 01:,1471651200,3.38,50523
Aug 21 2016 01:,1471737600,2.37,49860
Aug 22 2016 01:,1471824000,1.911,52561
Aug 23 2016 01:,1471910400,1.589,49667
Aug 24 2016 01:,1471996800,1.466,48270
Aug 25 2016 01:,1472083200,1.453,49827
Aug 26 2016 01:,1472169600,1.366,51698
Aug 27 2016 01:,1472256000,1.352,49327
Aug 28 2016 01:,1472342400,1.131,49189
Aug 29 2016 01:,1472428800,0.999,49980
Aug 30 2016 01:,1472515200,0.896,49326
Aug 31 2016 01:,1472601600,0.925,48677
Sep 01 2016 01:,1472688000,0.969,42808
Sep 02 2016 01:,1472774400,0.996,43557
Sep 03 2016 01:,1472860800,0.899,47720
Sep 04 2016 01:,1472947200,0.758,46987
Sep 05 2016 01:,1473033600,0.819,44603
Sep 06 2016 01:,1473120000,0.764,39699
Sep 07 2016 01:,1473206400,0.737,39249
Sep 08 2016 01:,1473292800,0.706,42325
Sep 09 2016 01:,1473379200,0.737,46842
Sep 10 2016 01:,1473465600,0.665,52340
Sep 11 2016 01:,1473552000,0.574,51941
Sep 12 2016 01:,1473638400,0.594,42383
Sep 13 2016 01:,1473724800,0.593,40376
Sep 14 2016 01:,1473811200,0.596,38142
Sep 15 2016 01:,1473897600,0.61,42946
Sep 16 2016 01:,1473984000,0.615,47436
Sep 17 2016 01:,1474070400,0.525,55710
Sep 18 2016 01:,1474156800,0.479,54398
Sep 19 2016 01:,1474243200,0.481,41990
Sep 20 2016 01:,1474329600,0.503,41425
Sep 21 2016 01:,1474416000,0.512,39347
Sep 22 2016 01:,1474502400,0.511,40872
Sep 23 2016 01:,1474588800,0.519,49567
Sep 24 2016 01:,1474675200,0.48,52373
Sep 25 2016 01:,1474761600,0.431,53852
Sep 26 2016 01:,1474848000,0.426,43049
Sep 27 2016 01:,1474934400,0.434,42051
Sep 28 2016 01:,1475020800,0.448,39293
Sep 29 2016 01:,1475107200,0.454,43546
Sep 30 2016 01:,1475193600,0.465,52250
Oct 01 2016 01:,1475280000,0.452,56812
Oct 02 2016 01:,1475366400,0.433,55667
Oct 03 2016 01:,1475452800,0.431,44838
Oct 04 2016 01:,1475539200,0.433,41501
Oct 05 2016 01:,1475625600,0.429,41349
Oct 06 2016 01:,1475712000,0.423,41509
Oct 07 2016 01:,1475798400,0.378,50572
Oct 08 2016 01:,1475884800,0.303,56084
Oct 09 2016 01:,1475971200,0.256,52024
Oct 10 2016 01:,1476057600,0.263,47427
Oct 11 2016 01:,1476144000,0.314,45749
Oct 12 2016 01:,1476230400,0.32,40553
Oct 13 2016 01:,1476316800,0.315,40411
Oct 14 2016 01:,1476403200,0.309,51701
Oct 15 2016 01:,1476489600,0.276,56661
Oct 16 2016 01:,1476576000,0.26,55566
Oct 17 2016 01:,1476662400,0.277,42432
Oct 18 2016 01:,1476748800,0.279,38506
Oct 19 2016 01:,1476835200,0.287,40371
Oct 20 2016 01:,1476921600,0.289,38501
Oct 21 2016 01:,1477008000,0.288,44081
Oct 22 2016 01:,1477094400,0.26,48081
Oct 23 2016 01:,1477180800,0.239,47639
Oct 24 2016 01:,1477267200,0.231,38757
Oct 25 2016 01:,1477353600,0.229,38660
Oct 26 2016 01:,1477440000,0.23,37492
Oct 27 2016 01:,1477526400,0.226,38592
Oct 28 2016 01:,1477612800,0.216,46480
Oct 29 2016 01:,1477699200,0.199,50276
Oct 30 2016 01:,1477789200,0.178,49313
Oct 31 2016 01:,1477875600,0.171,41800
Nov 01 2016 01:,1477962000,0.179,40743
Nov 02 2016 01:,1478048400,0.199,41832
Nov 03 2016 01:,1478134800,0.205,34339
Nov 04 2016 01:,1478221200,0.224,46701
Nov 05 2016 01:,1478307600,0.197,52027
Nov 06 2016 01:,1478394000,0.191,48210
Nov 07 2016 01:,1478480400,0.181,37781
Nov 08 2016 01:,1478566800,0.173,36395
Nov 09 2016 01:,1478653200,0.172,34425
Nov 10 2016 01:,1478739600,0.164,35290
Nov 11 2016 01:,1478826000,0.171,45586
Nov 12 2016 01:,1478912400,0.167,48626
Nov 13 2016 01:,1478998800,0.156,45720
Nov 14 2016 01:,1479085200,0.147,36882
Nov 15 2016 01:,1479171600,0.151,36567
Nov 16 2016 01:,1479258000,0.15,34668
Nov 17 2016 01:,1479344400,0.148,34715
Nov 18 2016 01:,1479430800,0.149,39572
Nov 19 2016 01:,1479517200,0.15,46024
Nov 20 2016 01:,1479603600,0.137,42941
Nov 21 2016 01:,1479690000,0.134,36404
Nov 22 2016 01:,1479776400,0.129,33576
Nov 23 2016 01:,1479862800,0.123,34176
Nov 24 2016 01:,1479949200,0.119,39259
Nov 25 2016 01:,1480035600,0.119,47753
Nov 26 2016 01:,1480122000,0.116,49458
Nov 27 2016 01:,1480208400,0.104,43686
Nov 28 2016 01:,1480294800,0.1,37172
Nov 29 2016 01:,1480381200,0.097,44600
Nov 30 2016 01:,1480467600,0.098,43407
Dec 01 2016 01:,1480554000,0.105,42337
Dec 02 2016 01:,1480640400,0.096,42708
Dec 03 2016 01:,1480726800,0.091,47548
Dec 04 2016 01:,1480813200,0.081,49833
Dec 05 2016 01:,1480899600,0.078,39688
Dec 06 2016 01:,1480986000,0.078,37660
Dec 07 2016 01:,1481072400,0.073,37660
Dec 08 2016 01:,1481158800,0.068,41908
Dec 09 2016 01:,1481245200,0.075,36426
Dec 10 2016 01:,1481331600,0.075,42650
Dec 11 2016 01:,1481418000,0.066,41342
Dec 12 2016 01:,1481504400,0.059,34676
Dec 13 2016 01:,1481590800,0.055,31957
Dec 14 2016 01:,1481677200,0.052,34139
Dec 15 2016 01:,1481763600,0.051,33566
Dec 16 2016 01:,1481850000,0.049,35860
Dec 17 2016 01:,1481936400,0.047,44009
Dec 18 2016 01:,1482022800,0.041,39976
Dec 19 2016 01:,1482109200,0.036,27535
Dec 20 2016 01:,1482195600,0.039,28388
Dec 21 2016 01:,1482282000,0.042,29336
Dec 22 2016 01:,1482368400,0.041,31395
Dec 23 2016 01:,1482454800,0.039,28042
Dec 24 2016 01:,1482541200,0.041,44582
Dec 25 2016 01:,1482627600,0.048,56570
Dec 26 2016 01:,1482714000,0.052,58658
Dec 27 2016 01:,1482800400,0.052,49605
Dec 28 2016 01:,1482886800,0.049,50307
Dec 29 2016 01:,1482973200,0.042,57639
Dec 30 2016 01:,1483059600,0.043,57391
Dec 31 2016 01:,1483146000,0.049,49943
Jan 01 2017 01:,1483232400,0.049,52860
Jan 02 2017 01:,1483318800,0.049,51008
Jan 03 2017 01:,1483405200,0.05,45721
Jan 04 2017 01:,1483491600,0.05,46235
Jan 05 2017 01:,1483578000,0.049,42151
Jan 06 2017 01:,1483664400,0.051,49645
Jan 07 2017 01:,1483750800,0.05,47977
Jan 08 2017 01:,1483837200,0.047,50764
Jan 09 2017 01:,1483923600,0.047,44685
Jan 10 2017 01:,1484010000,0.044,46090
Jan 11 2017 01:,1484096400,0.044,47347
Jan 12 2017 01:,1484182800,0.043,41886
Jan 13 2017 01:,1484269200,0.047,56070
Jan 14 2017 01:,1484355600,0.042,66273
Jan 15 2017 01:,1484442000,0.046,55119
Jan 16 2017 01:,1484528400,0.044,39560
Jan 17 2017 01:,1484614800,0.036,36945
Jan 18 2017 01:,1484701200,0.035,37487
Jan 19 2017 01:,1484787600,0.035,36025
Jan 20 2017 01:,1484874000,0.035,43750
Jan 21 2017 01:,1484960400,0.033,55520
Jan 22 2017 01:,1485046800,0.035,44396
Jan 23 2017 01:,1485133200,0.031,36222
Jan 24 2017 01:,1485219600,0.03,35855
Jan 25 2017 01:,1485306000,0.032,43733
Jan 26 2017 01:,1485392400,0.03,42133
Jan 27 2017 01:,1485478800,0.031,48417
Jan 28 2017 01:,1485565200,0.034,51593
Jan 29 2017 01:,1485651600,0.032,48629
Jan 30 2017 01:,1485738000,0.03,44527
Jan 31 2017 01:,1485824400,0.031,45886
Feb 01 2017 01:,1485910800,0.031,46168
Feb 02 2017 01:,1485997200,0.032,42595
Feb 03 2017 01:,1486083600,0.037,42875
Feb 04 2017 01:,1486170000,0.04,52294
Feb 05 2017 01:,1486256400,0.03,62107
Feb 06 2017 01:,1486342800,0.034,54757
Feb 07 2017 01:,1486429200,0.034,55571
Feb 08 2017 01:,1486515600,0.039,46480
Feb 09 2017 01:,1486602000,0.043,41585
Feb 10 2017 01:,1486688400,0.035,46247
Feb 11 2017 01:,1486774800,0.036,69717
Feb 12 2017 01:,1486861200,0.037,57097
Feb 13 2017 01:,1486947600,0.038,46679
Feb 14 2017 01:,1487034000,0.038,44781
Feb 15 2017 01:,1487120400,0.037,42175
Feb 16 2017 01:,1487206800,0.039,42385
Feb 17 2017 01:,1487293200,0.04,49691
Feb 18 2017 01:,1487379600,0.04,55889
Feb 19 2017 01:,1487466000,0.038,54185
Feb 20 2017 01:,1487552400,0.039,45588
Feb 21 2017 01:,1487638800,0.037,44581
Feb 22 2017 01:,1487725200,0.04,40099
Feb 23 2017 01:,1487811600,0.039,47734
Feb 24 2017 01:,1487898000,0.045,51801
Feb 25 2017 01:,1487984400,0.046,55245
Feb 26 2017 01:,1488070800,0.041,51644
Feb 27 2017 01:,1488157200,0.044,46550
Feb 28 2017 01:,1488243600,0.051,46356
Mar 01 2017 01:,1488330000,0.045,48899
Mar 02 2017 01:,1488416400,0.047,45769
Mar 03 2017 01:,1488502800,0.044,47894
Mar 04 2017 01:,1488589200,0.045,53799
Mar 05 2017 01:,1488675600,0.041,50739
Mar 06 2017 01:,1488762000,0.042,49531
Mar 07 2017 01:,1488848400,0.041,46037
Mar 08 2017 01:,1488934800,0.043,42963
Mar 09 2017 01:,1489021200,0.043,43641
Mar 10 2017 01:,1489107600,0.043,48745
Mar 11 2017 01:,1489194000,0.046,51572
Mar 12 2017 01:,1489280400,0.046,49928
Mar 13 2017 01:,1489366800,0.044,41032
Mar 14 2017 01:,1489453200,0.045,38344
Mar 15 2017 01:,1489539600,0.047,37373
Mar 16 2017 01:,1489626000,0.042,43728
Mar 17 2017 01:,1489712400,0.039,47455
Mar 18 2017 01:,1489798800,0.037,60434
Mar 19 2017 01:,1489885200,0.034,46432
Mar 20 2017 01:,1489971600,0.03,43313
Mar 21 2017 01:,1490058000,0.032,44212
Mar 22 2017 01:,1490144400,0.031,42829
Mar 23 2017 01:,1490230800,0.03,41717
Mar 24 2017 01:,1490317200,0.032,49110
Mar 25 2017 01:,1490403600,0.03,49092
Mar 26 2017 01:,1490486400,0.03,45606
Mar 27 2017 01:,1490572800,0.03,40467
Mar 28 2017 01:,1490659200,0.03,37767
Mar 29 2017 01:,1490745600,0.03,30829
Mar 30 2017 01:,1490832000,0.03,34091
Mar 31 2017 01:,1490918400,0.03,41155
Apr 01 2017 01:,1491004800,0.03,41768
Apr 02 2017 01:,1491091200,0.03,38147
Apr 03 2017 01:,1491177600,0.03,36045
Apr 04 2017 01:,1491264000,0.03,32105
Apr 05 2017 01:,1491350400,0.03,30210
Apr 06 2017 01:,1491436800,0.03,28935
Apr 07 2017 01:,1491523200,0.03,29776
Apr 08 2017 01:,1491609600,0.03,32696
Apr 09 2017 01:,1491696000,0.03,32977
Apr 10 2017 01:,1491782400,0.03,29996
Apr 11 2017 01:,1491868800,0.03,30219
Apr 12 2017 01:,1491955200,0.03,30590
Apr 13 2017 01:,1492041600,0.03,34818
Apr 14 2017 01:,1492128000,0.03,32798
Apr 15 2017 01:,1492214400,0.03,31035
Apr 16 2017 01:,1492300800,0.03,32034
Apr 17 2017 01:,1492387200,0.03,30913
Apr 18 2017 01:,1492473600,0.03,28607
Apr 19 2017 01:,1492560000,0.03,26613
Apr 20 2017 01:,1492646400,0.03,26451
Apr 21 2017 01:,1492732800,0.03,29105
Apr 22 2017 01:,1492819200,0.03,32188
Apr 23 2017 01:,1492905600,0.03,34599
Apr 24 2017 01:,1492992000,0.03,38296
Apr 25 2017 01:,1493078400,0.03,32941
Apr 26 2017 01:,1493164800,0.03,28930
Apr 27 2017 01:,1493251200,0.03,27411
Apr 28 2017 01:,1493337600,0.03,31027
Apr 29 2017 01:,1493424000,0.03,30945
Apr 30 2017 01:,1493510400,0.03,31886
May 01 2017 01:,1493596800,0.03,31723
May 02 2017 01:,1493683200,0.03,28894
May 03 2017 01:,1493769600,0.03,28642
May 04 2017 01:,1493856000,0.03,27636
May 05 2017 01:,1493942400,0.03,33528
May 06 2017 01:,1494028800,0.03,38315
May 07 2017 01:,1494115200,0.03,31593
May 08 2017 01:,1494201600,0.03,30539
May 09 2017 01:,1494288000,0.03,27243
May 10 2017 01:,1494374400,0.03,25693
May 11 2017 01:,1494460800,0.03,31929
May 12 2017 01:,1494547200,0.03,28906
May 13 2017 01:,1494633600,0.03,35414
May 14 2017 01:,1494720000,0.03,31983
May 15 2017 01:,1494806400,0.03,27634
May 16 2017 01:,1494892800,0.03,32295
May 17 2017 01:,1494979200,0.03,27905
May 18 2017 01:,1495065600,0.03,28372
May 19 2017 01:,1495152000,0.03,29795
May 20 2017 01:,1495238400,0.03,30850
May 21 2017 01:,1495324800,0.03,26701
May 22 2017 01:,1495411200,0.03,43911
May 23 2017 01:,1495497600,0.03,24627
May 24 2017 01:,1495584000,0.03,34294
May 25 2017 01:,1495670400,0.03,29525
May 26 2017 01:,1495756800,0.03,26899
May 27 2017 01:,1495843200,0.03,31609
May 28 2017 01:,1495929600,0.03,30854
May 29 2017 01:,1496016000,0.03,30405
May 30 2017 01:,1496102400,0.03,28744
May 31 2017 01:,1496188800,0.03,31020
Jun 01 2017 01:,1496275200,0.03,28379
Jun 02 2017 01:,1496361600,0.03,38153
Jun 03 2017 01:,1496448000,0.03,38219
Jun 04 2017 01:,1496534400,0.03,37456
Jun 05 2017 01:,1496620800,0.03,33302
Jun 06 2017 01:,1496707200,0.03,31624
Jun 07 2017 01:,1496793600,0.03,29711
Jun 08 2017 01:,1496880000,0.03,25649
Jun 09 2017 01:,1496966400,0.03,31859
Jun 10 2017 01:,1497052800,0.03,53423
Jun 11 2017 01:,1497139200,0.03,28530
Jun 12 2017 01:,1497225600,0.03,29260
Jun 13 2017 01:,1497312000,0.03,32138
Jun 14 2017 01:,1497398400,0.03,26074
Jun 15 2017 01:,1497484800,0.03,30236
Jun 16 2017 01:,1497571200,0.03,30337
Jun 17 2017 01:,1497657600,0.03,28179
Jun 18 2017 01:,1497744000,0.03,31027
Jun 19 2017 01:,1497830400,0.03,24864
Jun 20 2017 01:,1497916800,0.03,25278
Jun 21 2017 01:,1498003200,0.03,33215
Jun 22 2017 01:,1498089600,0.03,30557
Jun 23 2017 01:,1498176000,0.03,34021
Jun 24 2017 01:,1498262400,0.03,32201
Jun 25 2017 01:,1498348800,0.03,31354
Jun 26 2017 01:,1498435200,0.03,31877
Jun 27 2017 01:,1498521600,0.03,31375
Jun 28 2017 01:,1498608000,0.03,40931
Jun 29 2017 01:,1498694400,0.03,30207
Jun 30 2017 01:,1498780800,0.03,33319
Jul 01 2017 01:,1498867200,0.03,33064
Jul 02 2017 01:,1498953600,0.03,28938
Jul 03 2017 01:,1499040000,0.03,28227
Jul 04 2017 01:,1499126400,0.03,25904
Jul 05 2017 01:,1499212800,0.03,26902
Jul 06 2017 01:,1499299200,0.03,29870
Jul 07 2017 01:,1499385600,0.03,25034
Jul 08 2017 01:,1499472000,0.03,26997
Jul 09 2017 01:,1499558400,0.03,29175
Jul 10 2017 01:,1499644800,0.03,37396
Jul 11 2017 01:,1499731200,0.03,35862
Jul 12 2017 01:,1499817600,0.03,38330
Jul 13 2017 01:,1499904000,0.03,35967
Jul 14 2017 01:,1499990400,0.03,31660
Jul 15 2017 01:,1500076800,0.03,27128
Jul 16 2017 01:,1500163200,0.03,26289
Jul 17 2017 01:,1500249600,0.03,24564
Jul 18 2017 01:,1500336000,0.03,30843
Jul 19 2017 01:,1500422400,0.03,30053
Jul 20 2017 01:,1500508800,0.03,29056
Jul 21 2017 01:,1500595200,0.03,25521
Jul 22 2017 01:,1500681600,0.03,30006
Jul 23 2017 01:,1500768000,0.03,32186
Jul 24 2017 01:,1500854400,0.03,37060
Jul 25 2017 01:,1500940800,0.03,29202
Jul 26 2017 01:,1501027200,0.03,32178
Jul 27 2017 01:,1501113600,0.03,36648
Jul 28 2017 01:,1501200000,0.03,37906
Jul 29 2017 01:,1501286400,0.03,37216
Jul 30 2017 01:,1501372800,0.03,32922
Jul 31 2017 01:,1501459200,0.03,38474
Aug 01 2017 01:,1501545600,0.03,37658
Aug 02 2017 01:,1501632000,0.03,37213
Aug 03 2017 01:,1501718400,0.03,36954
Aug 04 2017 01:,1501804800,0.03,44081
Aug 05 2017 01:,1501891200,0.03,50475
Aug 06 2017 01:,1501977600,0.03,40637
Aug 07 2017 01:,1502064000,0.03,37092
Aug 08 2017 01:,1502150400,0.03,35503
Aug 09 2017 01:,1502236800,0.03,38008
Aug 10 2017 01:,1502323200,0.03,38650
Aug 11 2017 01:,1502409600,0.03,38511
Aug 12 2017 01:,1502496000,0.03,44805
Aug 13 2017 01:,1502582400,0.03,41893
Aug 14 2017 01:,1502668800,0.03,47352
Aug 15 2017 01:,1502755200,0.03,43351
Aug 16 2017 01:,1502841600,0.03,45965
Aug 17 2017 01:,1502928000,0.03,50227
Aug 18 2017 01:,1503014400,0.03,40499
Aug 19 2017 01:,1503100800,0.03,31762
Aug 20 2017 01:,1503187200,0.03,27507
Aug 21 2017 01:,1503273600,0.03,39345
Aug 22 2017 01:,1503360000,0.03,37954
Aug 23 2017 01:,1503446400,0.03,33633
Aug 24 2017 01:,1503532800,0.03,43073
Aug 25 2017 01:,1503619200,0.03,33159
Aug 26 2017 01:,1503705600,0.03,33749
Aug 27 2017 01:,1503792000,0.03,36495
Aug 28 2017 01:,1503878400,0.03,36380
Aug 29 2017 01:,1503964800,0.03,33422
Aug 30 2017 01:,1504051200,0.03,40747
Aug 31 2017 01:,1504137600,0.03,35091
Sep 01 2017 01:,1504224000,0.03,38756
Sep 02 2017 01:,1504310400,0.03,42982
Sep 03 2017 01:,1504396800,0.03,49577
Sep 04 2017 01:,1504483200,0.03,37880
Sep 05 2017 01:,1504569600,0.03,32626
Sep 06 2017 01:,1504656000,0.03,29594
Sep 07 2017 01:,1504742400,0.03,36063
Sep 08 2017 01:,1504828800,0.03,34066
Sep 09 2017 01:,1504915200,0.03,38707
Sep 10 2017 01:,1505001600,0.03,42216
Sep 11 2017 01:,1505088000,0.03,34483
Sep 12 2017 01:,1505174400,0.03,46172
Sep 13 2017 01:,1505260800,0.03,42469
Sep 14 2017 01:,1505347200,0.03,48164
Sep 15 2017 01:,1505433600,0.03,41890
Sep 16 2017 01:,1505520000,0.03,48101
Sep 17 2017 01:,1505606400,0.03,47517
Sep 18 2017 01:,1505692800,0.03,48059
Sep 19 2017 01:,1505779200,0.03,47470
Sep 20 2017 01:,1505865600,0.03,45931
Sep 21 2017 01:,1505952000,0.03,48997
Sep 22 2017 01:,1506038400,0.03,53307
Sep 23 2017 01:,1506124800,0.03,49398
Sep 24 2017 01:,1506211200,0.03,51378
Sep 25 2017 01:,1506297600,0.03,45146
Sep 26 2017 01:,1506384000,0.03,29400
Sep 27 2017 01:,1506470400,0.03,77058
Sep 28 2017 01:,1506556800,0.03,49648
Sep 29 2017 01:,1506643200,0.03,48548
Sep 30 2017 01:,1506729600,0.03,53131
Oct 01 2017 01:,1506816000,0.03,50055
Oct 02 2017 01:,1506902400,0.03,41561
Oct 03 2017 01:,1506988800,0.03,38577
Oct 04 2017 01:,1507075200,0.03,47399
Oct 05 2017 01:,1507161600,0.03,41065
Oct 06 2017 01:,1507248000,0.03,39754
Oct 07 2017 01:,1507334400,0.03,44688
Oct 08 2017 01:,1507420800,0.03,45419
Oct 09 2017 01:,1507507200,0.03,54437
Oct 10 2017 01:,1507593600,0.03,48816
Oct 11 2017 01:,1507680000,0.03,44180
Oct 12 2017 01:,1507766400,0.03,50072
Oct 13 2017 01:,1507852800,0.03,33281
Oct 14 2017 01:,1507939200,0.03,34993
Oct 15 2017 01:,1508025600,0.03,63774
Oct 16 2017 01:,1508112000,0.03,42357
Oct 17 2017 01:,1508198400,0.03,50557
Oct 18 2017 01:,1508284800,0.03,57197
Oct 19 2017 01:,1508371200,0.03,48150
Oct 20 2017 01:,1508457600,0.03,33241
Oct 21 2017 01:,1508544000,0.03,52016
Oct 22 2017 01:,1508630400,0.03,53946
Oct 23 2017 01:,1508716800,0.03,56380
Oct 24 2017 01:,1508803200,0.03,50050
Oct 25 2017 01:,1508889600,0.03,45682
Oct 26 2017 01:,1508976000,0.03,38678
Oct 27 2017 01:,1509062400,0.03,33585
Oct 28 2017 01:,1509148800,0.03,34506
Oct 29 2017 01:,1509238800,0.03,37060
Oct 30 2017 01:,1509325200,0.03,40459
Oct 31 2017 01:,1509411600,0.03,33158
Nov 01 2017 01:,1509498000,0.03,35439
Nov 02 2017 01:,1509584400,0.03,31386
Nov 03 2017 01:,1509670800,0.03,34538
Nov 04 2017 01:,1509757200,0.03,38573
Nov 05 2017 01:,1509843600,0.03,37322
Nov 06 2017 01:,1509930000,0.03,48817
Nov 07 2017 01:,1510016400,0.03,30199
Nov 08 2017 01:,1510102800,0.03,29489
Nov 09 2017 01:,1510189200,0.03,40515
Nov 10 2017 01:,1510275600,0.03,32655
Nov 11 2017 01:,1510362000,0.03,32828
Nov 12 2017 01:,1510448400,0.03,27262
Nov 13 2017 01:,1510534800,0.03,31251
Nov 14 2017 01:,1510621200,0.03,52744
Nov 15 2017 01:,1510707600,0.03,71663
Nov 16 2017 01:,1510794000,0.03,24075
Nov 17 2017 01:,1510880400,0.03,34844
Nov 18 2017 01:,1510966800,0.03,35522
Nov 19 2017 01:,1511053200,0.03,59195
Nov 20 2017 01:,1511139600,0.03,36172
Nov 21 2017 01:,1511226000,0.03,33307
Nov 22 2017 01:,1511312400,0.03,32052
Nov 23 2017 01:,1511398800,0.03,32383
Nov 24 2017 01:,1511485200,0.03,33125
Nov 25 2017 01:,1511571600,0.03,67877
Nov 26 2017 01:,1511658000,0.03,37304
Nov 27 2017 01:,1511744400,0.03,26084
Nov 28 2017 01:,1511830800,0.03,27497
Nov 29 2017 01:,1511917200,0.03,32324
Nov 30 2017 01:,1512003600,0.03,31869
Dec 01 2017 01:,1512090000,0.03,51484
Dec 02 2017 01:,1512176400,0.03,35363
Dec 03 2017 01:,1512262800,0.03,36363
Dec 04 2017 01:,1512349200,0.03,29844
Dec 05 2017 01:,1512435600,0.03,29932
Dec 06 2017 01:,1512522000,0.03,28923
Dec 07 2017 01:,1512608400,0.03,29638
Dec 08 2017 01:,1512694800,0.03,31074
Dec 09 2017 01:,1512781200,0.03,35475
Dec 10 2017 01:,1512867600,0.03,46523
Dec 11 2017 01:,1512954000,0.03,41830
Dec 12 2017 01:,1513040400,0.03,33639
Dec 13 2017 01:,1513126800,0.03,32652
Dec 14 2017 01:,1513213200,0.03,57684
Dec 15 2017 01:,1513299600,0.03,27772
Dec 16 2017 01:,1513386000,0.03,28588
Dec 17 2017 01:,1513472400,0.03,29531
Dec 18 2017 01:,1513558800,0.03,26139
Dec 19 2017 01:,1513645200,0.03,25225
Dec 20 2017 01:,1513731600,0.03,31599
Dec 21 2017 01:,1513818000,0.03,26432
Dec 22 2017 01:,1513904400,0.03,49664
Dec 23 2017 01:,1513990800,0.03,35156
Dec 24 2017 01:,1514077200,0.03,33820
Dec 25 2017 01:,1514163600,0.03,34291
Dec 26 2017 01:,1514250000,0.03,55402
Dec 27 2017 01:,1514336400,0.03,33439
Dec 28 2017 01:,1514422800,0.03,60521
Dec 29 2017 01:,1514509200,0.03,30822
Dec 30 2017 01:,1514595600,0.03,29814
Dec 31 2017 01:,1514682000,0.03,30289
Jan 01 2018 01:,1514768400,0.03,33213
Jan 02 2018 01:,1514854800,0.03,36583
Jan 03 2018 01:,1514941200,0.03,39432
Jan 04 2018 01:,1515027600,0.03,38542
Jan 05 2018 01:,1515114000,0.03,36705
Jan 06 2018 01:,1515200400,0.03,31383
Jan 07 2018 01:,1515286800,0.03,34258
Jan 08 2018 01:,1515373200,0.03,44408
Jan 09 2018 01:,1515459600,0.03,36688
Jan 10 2018 01:,1515546000,0.03,33784
Jan 11 2018 01:,1515632400,0.03,29319
Jan 12 2018 01:,1515718800,0.03,30744
Jan 13 2018 01:,1515805200,0.03,29395
Jan 14 2018 01:,1515891600,0.03,31551
Jan 15 2018 01:,1515978000,0.03,33876
Jan 16 2018 01:,1516064400,0.03,28935
Jan 17 2018 01:,1516150800,0.03,27613
Jan 18 2018 01:,1516237200,0.03,41678
Jan 19 2018 01:,1516323600,0.03,23002
Jan 20 2018 01:,1516410000,0.03,34276
Jan 21 2018 01:,1516496400,0.03,36815
Jan 22 2018 01:,1516582800,0.03,30762
Jan 23 2018 01:,1516669200,0.03,23455
Jan 24 2018 01:,1516755600,0.03,32830
Jan 25 2018 01:,1516842000,0.03,32993
Jan 26 2018 01:,1516928400,0.03,30599
Jan 27 2018 01:,1517014800,0.03,31879
Jan 28 2018 01:,1517101200,0.03,37369
Jan 29 2018 01:,1517187600,0.03,34759
Jan 30 2018 01:,1517274000,0.03,28478
Jan 31 2018 01:,1517360400,0.03,32714
Feb 01 2018 01:,1517446800,0.03,29210
Feb 02 2018 01:,1517533200,0.03,27458
Feb 03 2018 01:,1517619600,0.03,40830
Feb 04 2018 01:,1517706000,0.03,36267
Feb 05 2018 01:,1517792400,0.03,32449
Feb 06 2018 01:,1517878800,0.03,32137
Feb 07 2018 01:,1517965200,0.03,30467
Feb 08 2018 01:,1518051600,0.03,28321
Feb 09 2018 01:,1518138000,0.03,32535
Feb 10 2018 01:,1518224400,0.03,33125
Feb 11 2018 01:,1518310800,0.03,31781
Feb 12 2018 01:,1518397200,0.03,26937
Feb 13 2018 01:,1518483600,0.03,28826
Feb 14 2018 01:,1518570000,0.03,30605
Feb 15 2018 01:,1518656400,0.03,32833
Feb 16 2018 01:,1518742800,0.03,32769
Feb 17 2018 01:,1518829200,0.03,43414
Feb 18 2018 01:,1518915600,0.03,41391
Feb 19 2018 01:,1519002000,0.03,34777
Feb 20 2018 01:,1519088400,0.03,36235
Feb 21 2018 01:,1519174800,0.03,36520
Feb 22 2018 01:,1519261200,0.03,39712
Feb 23 2018 01:,1519347600,0.03,45331
Feb 24 2018 01:,1519434000,0.03,37946
Feb 25 2018 01:,1519520400,0.03,43538
Feb 26 2018 01:,1519606800,0.03,34210
Feb 27 2018 01:,1519693200,0.03,38277
Feb 28 2018 01:,1519779600,0.03,33492
Mar 01 2018 01:,1519866000,0.03,37729
Mar 02 2018 01:,1519952400,0.03,33931
Mar 03 2018 01:,1520038800,0.03,35932
Mar 04 2018 01:,1520125200,0.03,38249
Mar 05 2018 01:,1520211600,0.03,32826
Mar 06 2018 01:,1520298000,0.03,29371
Mar 07 2018 01:,1520384400,0.03,24904
Mar 08 2018 01:,1520470800,0.03,32970
Mar 09 2018 01:,1520557200,0.03,31636
Mar 10 2018 01:,1520643600,0.03,36802
Mar 11 2018 01:,1520730000,0.03,39982
Mar 12 2018 01:,1520816400,0.03,34181
Mar 13 2018 01:,1520902800,0.03,35070
Mar 14 2018 01:,1520989200,0.03,29391
Mar 15 2018 01:,1521075600,0.03,34876
Mar 16 2018 01:,1521162000,0.03,29620
Mar 17 2018 01:,1521248400,0.03,33646
Mar 18 2018 01:,1521334800,0.03,37191
Mar 19 2018 01:,1521421200,0.03,33930
Mar 20 2018 01:,1521507600,0.03,26854
Mar 21 2018 01:,1521594000,0.03,24597
Mar 22 2018 01:,1521680400,0.03,19926
Mar 23 2018 01:,1521766800,0.03,28255
Mar 24 2018 01:,1521853200,0.03,31194
Mar 25 2018 01:,1521936000,0.03,36367
Mar 26 2018 01:,1522022400,0.03,27775
Mar 27 2018 01:,1522108800,0.03,27562
Mar 28 2018 01:,1522195200,0.03,44512
Mar 29 2018 01:,1522281600,0.03,49119
Mar 30 2018 01:,1522368000,0.03,28313
Mar 31 2018 01:,1522454400,0.03,17883
Apr 01 2018 01:,1522540800,0.03,13717
Apr 02 2018 01:,1522627200,0.03,12845
Apr 03 2018 01:,1522713600,0.03,14248
Apr 04 2018 01:,1522800000,0.03,14096
Apr 05 2018 01:,1522886400,0.03,15368
Apr 06 2018 01:,1522972800,0.03,15509
Apr 07 2018 01:,1523059200,0.03,15527
Apr 08 2018 01:,1523145600,0.03,16252
Apr 09 2018 01:,1523232000,0.03,11882
Apr 10 2018 01:,1523318400,0.03,15242
Apr 11 2018 01:,1523404800,0.03,14629
Apr 12 2018 01:,1523491200,0.03,18123
Apr 13 2018 01:,1523577600,0.03,14636
Apr 14 2018 01:,1523664000,0.03,16025
Apr 15 2018 01:,1523750400,0.03,22373
Apr 16 2018 01:,1523836800,0.03,24463
Apr 17 2018 01:,1523923200,0.03,16254
Apr 18 2018 01:,1524009600,0.03,13634
Apr 19 2018 01:,1524096000,0.03,14817
Apr 20 2018 01:,1524182400,0.03,20702
Apr 21 2018 01:,1524268800,0.03,22027
Apr 22 2018 01:,1524355200,0.03,17860
Apr 23 2018 01:,1524441600,0.03,15894
Apr 24 2018 01:,1524528000,0.03,18694
Apr 25 2018 01:,1524614400,0.03,19293
Apr 26 2018 01:,1524700800,0.03,16765
Apr 27 2018 01:,1524787200,0.03,20723
Apr 28 2018 01:,1524873600,0.03,17713
Apr 29 2018 01:,1524960000,0.03,19472
Apr 30 2018 01:,1525046400,0.03,18899
May 01 2018 01:,1525132800,0.03,12691
May 02 2018 01:,1525219200,0.03,17000
May 03 2018 01:,1525305600,0.03,15367
May 04 2018 01:,1525392000,0.03,11542
May 05 2018 01:,1525478400,0.03,15434
May 06 2018 01:,1525564800,0.03,13984
May 07 2018 01:,1525651200,0.03,12802
May 08 2018 01:,1525737600,0.03,11857
May 09 2018 01:,1525824000,0.03,12068
May 10 2018 01:,1525910400,0.03,14272
May 11 2018 01:,1525996800,0.03,11645
May 12 2018 01:,1526083200,0.03,11605
May 13 2018 01:,1526169600,0.03,11894
May 14 2018 01:,1526256000,0.03,11854
May 15 2018 01:,1526342400,0.03,10280
May 16 2018 01:,1526428800,0.03,12568
May 17 2018 01:,1526515200,0.03,9349
May 18 2018 01:,1526601600,0.03,12803
May 19 2018 01:,1526688000,0.03,13544
May 20 2018 01:,1526774400,0.03,16651
May 21 2018 01:,1526860800,0.03,12759
May 22 2018 01:,1526947200,0.03,8311
May 23 2018 01:,1527033600,0.03,10563
May 24 2018 01:,1527120000,0.03,9484
May 25 2018 01:,1527206400,0.03,14882
May 26 2018 01:,1527292800,0.03,14142
May 27 2018 01:,1527379200,0.03,11533
May 28 2018 01:,1527465600,0.03,10560
May 29 2018 01:,1527552000,0.03,12664
May 30 2018 01:,1527638400,0.03,10250
May 31 2018 01:,1527724800,0.03,12198
Jun 01 2018 01:,1527811200,0.03,11980
Jun 02 2018 01:,1527897600,0.03,12598
Jun 03 2018 01:,1527984000,0.03,12583
Jun 04 2018 01:,1528070400,0.03,10329
Jun 05 2018 01:,1528156800,0.03,14088
Jun 06 2018 01:,1528243200,0.03,10638
Jun 07 2018 01:,1528329600,0.03,12955
Jun 08 2018 01:,1528416000,0.03,14445
Jun 09 2018 01:,1528502400,0.03,12316
Jun 10 2018 01:,1528588800,0.03,12016
Jun 11 2018 01:,1528675200,0.03,10828
Jun 12 2018 01:,1528761600,0.03,13403
Jun 13 2018 01:,1528848000,0.03,12540
Jun 14 2018 01:,1528934400,0.03,15435
Jun 15 2018 01:,1529020800,0.03,11742
Jun 16 2018 01:,1529107200,0.03,13189
Jun 17 2018 01:,1529193600,0.03,10982
Jun 18 2018 01:,1529280000,0.03,10905
Jun 19 2018 01:,1529366400,0.03,12146
Jun 20 2018 01:,1529452800,0.03,11476
Jun 21 2018 01:,1529539200,0.03,16170
Jun 22 2018 01:,1529625600,0.03,17737
Jun 23 2018 01:,1529712000,0.03,16595
Jun 24 2018 01:,1529798400,0.03,13300
Jun 25 2018 01:,1529884800,0.03,14884
Jun 26 2018 01:,1529971200,0.03,13605
Jun 27 2018 01:,1530057600,0.03,12343
Jun 28 2018 01:,1530144000,0.03,13584
Jun 29 2018 01:,1530230400,0.03,14282
Jun 30 2018 01:,1530316800,0.03,13193
Jul 01 2018 01:,1530403200,0.03,12933
Jul 02 2018 01:,1530489600,0.03,13115
Jul 03 2018 01:,1530576000,0.03,13244
Jul 04 2018 01:,1530662400,0.03,13351
Jul 05 2018 01:,1530748800,0.03,12508
Jul 06 2018 01:,1530835200,0.03,11453
Jul 07 2018 01:,1530921600,0.03,10919
Jul 08 2018 01:,1531008000,0.03,13144
Jul 09 2018 01:,1531094400,0.03,11523
Jul 10 2018 01:,1531180800,0.03,13465
Jul 11 2018 01:,1531267200,0.03,13775
Jul 12 2018 01:,1531353600,0.03,12897
Jul 13 2018 01:,1531440000,0.03,12186
Jul 14 2018 01:,1531526400,0.03,13326
Jul 15 2018 01:,1531612800,0.03,11192
Jul 16 2018 01:,1531699200,0.03,13387
Jul 17 2018 01:,1531785600,0.03,13382
Jul 18 2018 01:,1531872000,0.03,14964
Jul 19 2018 01:,1531958400,0.03,10748
Jul 20 2018 01:,1532044800,0.03,11586
Jul 21 2018 01:,1532131200,0.03,13877
Jul 22 2018 01:,1532217600,0.03,12784
Jul 23 2018 01:,1532304000,0.03,12623
Jul 24 2018 01:,1532390400,0.03,14951
Jul 25 2018 01:,1532476800,0.03,15730
Jul 26 2018 01:,1532563200,0.03,12607
Jul 27 2018 01:,1532649600,0.03,14365
Jul 28 2018 01:,1532736000,0.03,15502
Jul 29 2018 01:,1532822400,0.03,11813
Jul 30 2018 01:,1532908800,0.03,15367
Jul 31 2018 01:,1532995200,0.03,13461
Aug 01 2018 01:,1533081600,0.03,11620
Aug 02 2018 01:,1533168000,0.03,13427
Aug 03 2018 01:,1533254400,0.03,16241
Aug 04 2018 01:,1533340800,0.03,14233
Aug 05 2018 01:,1533427200,0.03,16270
Aug 06 2018 01:,1533513600,0.03,17424
Aug 07 2018 01:,1533600000,0.03,14005
Aug 08 2018 01:,1533686400,0.03,14909
Aug 09 2018 01:,1533772800,0.03,16680
Aug 10 2018 01:,1533859200,0.03,24587
Aug 11 2018 01:,1533945600,0.03,22117
Aug 12 2018 01:,1534032000,0.03,19313
Aug 13 2018 01:,1534118400,0.03,16918
Aug 14 2018 01:,1534204800,0.03,13852
Aug 15 2018 01:,1534291200,0.03,20804
Aug 16 2018 01:,1534377600,0.03,21403
Aug 17 2018 01:,1534464000,0.03,35265
Aug 18 2018 01:,1534550400,0.03,21756
Aug 19 2018 01:,1534636800,0.03,22414
Aug 20 2018 01:,1534723200,0.03,24021
Aug 21 2018 01:,1534809600,0.03,25245
Aug 22 2018 01:,1534896000,0.03,19845
Aug 23 2018 01:,1534982400,0.03,17167
Aug 24 2018 01:,1535068800,0.03,19353
Aug 25 2018 01:,1535155200,0.03,16749
Aug 26 2018 01:,1535241600,0.03,15466
Aug 27 2018 01:,1535328000,0.03,16865
Aug 28 2018 01:,1535414400,0.03,17647
Aug 29 2018 01:,1535500800,0.03,19484
Aug 30 2018 01:,1535587200,0.03,16701
Aug 31 2018 01:,1535673600,0.03,19983
Sep 01 2018 01:,1535760000,0.03,19059
Sep 02 2018 01:,1535846400,0.03,23795
Sep 03 2018 01:,1535932800,0.03,19949
Sep 04 2018 01:,1536019200,0.03,20253
Sep 05 2018 01:,1536105600,0.03,18575
Sep 06 2018 01:,1536192000,0.03,26011
Sep 07 2018 01:,1536278400,0.03,21940
Sep 08 2018 01:,1536364800,0.03,23845
Sep 09 2018 01:,1536451200,0.03,26034
Sep 10 2018 01:,1536537600,0.03,23016
Sep 11 2018 01:,1536624000,0.03,15854
Sep 12 2018 01:,1536710400,0.03,11640
Sep 13 2018 01:,1536796800,0.03,29572
Sep 14 2018 01:,1536883200,0.03,27410
Sep 15 2018 01:,1536969600,0.03,26507
Sep 16 2018 01:,1537056000,0.03,14743
Sep 17 2018 01:,1537142400,0.03,17923
Sep 18 2018 01:,1537228800,0.03,16349
Sep 19 2018 01:,1537315200,0.03,14685
Sep 20 2018 01:,1537401600,0.03,13433
Sep 21 2018 01:,1537488000,0.03,16325
Sep 22 2018 01:,1537574400,0.03,19412
Sep 23 2018 01:,1537660800,0.03,17080
Sep 24 2018 01:,1537747200,0.03,14862
Sep 25 2018 01:,1537833600,0.03,12605
Sep 26 2018 01:,1537920000,0.03,10406
Sep 27 2018 01:,1538006400,0.03,10304
Sep 28 2018 01:,1538092800,0.03,13376
Sep 29 2018 01:,1538179200,0.03,25191
Sep 30 2018 01:,1538265600,0.03,26675
Oct 01 2018 01:,1538352000,0.03,14598
Oct 02 2018 01:,1538438400,0.03,10817
Oct 03 2018 01:,1538524800,0.03,12520
Oct 04 2018 01:,1538611200,0.03,13638
Oct 05 2018 01:,1538697600,0.03,17446
Oct 06 2018 01:,1538784000,0.03,13546
Oct 07 2018 01:,1538870400,0.03,16866
Oct 08 2018 01:,1538956800,0.03,14604
Oct 09 2018 01:,1539043200,0.03,173668
Oct 10 2018 01:,1539129600,0.03,352604
Oct 11 2018 01:,1539216000,0.03,11945
Oct 12 2018 01:,1539302400,0.03,14117
Oct 13 2018 01:,1539388800,0.03,18739
Oct 14 2018 01:,1539475200,0.03,19094
Oct 15 2018 01:,1539561600,0.03,16731
Oct 16 2018 01:,1539648000,0.03,16043
Oct 17 2018 01:,1539734400,0.03,14966
Oct 18 2018 01:,1539820800,0.03,13769
Oct 19 2018 01:,1539907200,0.03,98332
Oct 20 2018 01:,1539993600,0.03,267744
Oct 21 2018 01:,1540080000,0.03,177067
Oct 22 2018 01:,1540166400,0.03,137636
Oct 23 2018 01:,1540252800,0.03,307779
Oct 24 2018 01:,1540339200,0.03,67369
Oct 25 2018 01:,1540425600,0.03,278285
Oct 26 2018 01:,1540512000,0.03,128880
Oct 27 2018 01:,1540598400,0.03,425206
Oct 28 2018 01:,1540688400,0.03,254022
Oct 29 2018 01:,1540774800,0.03,136330
Oct 30 2018 01:,1540861200,0.03,127713
Oct 31 2018 01:,1540947600,0.03,59069
Nov 01 2018 01:,1541034000,0.03,567808
Nov 02 2018 01:,1541120400,0.03,261628
Nov 03 2018 01:,1541206800,0.03,87764
Nov 04 2018 01:,1541293200,0.03,36556
Nov 05 2018 01:,1541379600,0.03,527346
Nov 06 2018 01:,1541466000,0.03,271414
Nov 07 2018 01:,1541552400,0.03,117059
Nov 08 2018 01:,1541638800,0.03,13594
Nov 09 2018 01:,1541725200,0.03,34701
Nov 10 2018 01:,1541811600,0.03,766767
Nov 11 2018 01:,1541898000,0.03,143929
Nov 12 2018 01:,1541984400,0.03,61888
Nov 13 2018 01:,1542070800,0.03,48018
Nov 14 2018 01:,1542157200,0.03,355106
Nov 15 2018 01:,1542243600,0.03,355103
Nov 16 2018 01:,1542330000,0.03,193831
Nov 17 2018 01:,1542416400,0.03,85732
Nov 18 2018 01:,1542502800,0.03,72768
Nov 19 2018 01:,1542589200,0.03,81870
Nov 20 2018 01:,1542675600,0.03,600185
Nov 21 2018 01:,1542762000,0.03,168453
Nov 22 2018 01:,1542848400,0.03,206888
Nov 23 2018 01:,1542934800,0.03,114486
Nov 24 2018 01:,1543021200,0.03,183693
Nov 25 2018 01:,1543107600,0.03,322186
Nov 26 2018 01:,1543194000,0.03,244207
Nov 27 2018 01:,1543280400,0.03,124711
Nov 28 2018 01:,1543366800,0.03,201127
Nov 29 2018 01:,1543453200,0.03,129734
Nov 30 2018 01:,1543539600,0.03,119327
Dec 01 2018 01:,1543626000,0.03,348001
Dec 02 2018 01:,1543712400,0.03,348849
Dec 03 2018 01:,1543798800,0.03,260995
Dec 04 2018 01:,1543885200,0.03,181428
Dec 05 2018 01:,1543971600,0.03,71017
Dec 06 2018 01:,1544058000,0.03,395349
Dec 07 2018 01:,1544144400,0.03,209036
Dec 08 2018 01:,1544230800,0.03,264378
Dec 09 2018 01:,1544317200,0.03,247566
Dec 10 2018 01:,1544403600,0.03,121020
Dec 11 2018 01:,1544490000,0.03,45126
Dec 12 2018 01:,1544576400,0.03,73523
Dec 13 2018 01:,1544662800,0.03,47155
Dec 14 2018 01:,1544749200,0.03,468478
Dec 15 2018 01:,1544835600,0.03,360854
Dec 16 2018 01:,1544922000,0.03,320824
Dec 17 2018 01:,1545008400,0.03,241037
Dec 18 2018 01:,1545094800,0.03,166758
Dec 19 2018 01:,1545181200,0.03,815250
Dec 20 2018 01:,1545267600,0.03,364169
Dec 21 2018 01:,1545354000,0.03,114072
Dec 22 2018 01:,1545440400,0.03,30740
Dec 23 2018 01:,1545526800,0.03,44666
Dec 24 2018 01:,1545613200,0.03,283110
Dec 25 2018 01:,1545699600,0.03,192926
Dec 26 2018 01:,1545786000,0.03,181759
Dec 27 2018 01:,1545872400,0.03,151211
Dec 28 2018 01:,1545958800,0.03,168946
Dec 29 2018 01:,1546045200,0.03,224530
Dec 30 2018 01:,1546131600,0.03,212239
Dec 31 2018 01:,1546218000,0.03,144742
Jan 01 2019 01:,1546304400,0.03,11974
Jan 02 2019 01:,1546390800,0.03,58837
Jan 03 2019 01:,1546477200,0.03,493939
Jan 04 2019 01:,1546563600,0.03,465529
Jan 05 2019 01:,1546650000,0.03,305271
Jan 06 2019 01:,1546736400,0.03,58151
Jan 07 2019 01:,1546822800,0.03,115971
Jan 08 2019 01:,1546909200,0.03,133390
Jan 09 2019 01:,1546995600,0.03,142855
Jan 10 2019 01:,1547082000,0.03,482189
Jan 11 2019 01:,1547168400,0.03,506521
Jan 12 2019 01:,1547254800,0.03,235331
Jan 13 2019 01:,1547341200,0.03,203523
Jan 14 2019 01:,1547427600,0.03,110847
Jan 15 2019 01:,1547514000,0.03,90102
Jan 16 2019 01:,1547600400,0.03,395110
Jan 17 2019 01:,1547686800,0.03,304706
Jan 18 2019 01:,1547773200,0.03,331625
Jan 19 2019 01:,1547859600,0.03,202550
Jan 20 2019 01:,1547946000,0.03,166556
Jan 21 2019 01:,1548032400,0.03,71732
Jan 22 2019 01:,1548118800,0.03,121384
Jan 23 2019 01:,1548205200,0.03,39245
Jan 24 2019 01:,1548291600,0.03,46640
Jan 25 2019 01:,1548378000,0.03,35956
Jan 26 2019 01:,1548464400,0.03,15110
Jan 27 2019 01:,1548550800,0.03,14379
Jan 28 2019 01:,1548637200,0.03,12360
Jan 29 2019 01:,1548723600,0.03,13741
Jan 30 2019 01:,1548810000,0.03,964250
Jan 31 2019 01:,1548896400,0.03,567760
Feb 01 2019 01:,1548982800,0.03,97541
Feb 02 2019 01:,1549069200,0.03,76494
Feb 03 2019 01:,1549155600,0.03,14488
Feb 04 2019 01:,1549242000,0.03,193149
Feb 05 2019 01:,1549328400,0.03,399339
Feb 06 2019 01:,1549414800,0.03,133035
Feb 07 2019 01:,1549501200,0.03,146616
Feb 08 2019 01:,1549587600,0.03,46995
Feb 09 2019 01:,1549674000,0.03,209962
Feb 10 2019 01:,1549760400,0.03,108174
Feb 11 2019 01:,1549846800,0.03,99423
Feb 12 2019 01:,1549933200,0.03,120678
Feb 13 2019 01:,1550019600,0.03,359495
Feb 14 2019 01:,1550106000,0.03,52272
Feb 15 2019 01:,1550192400,0.03,94541
Feb 16 2019 01:,1550278800,0.03,702139
Feb 17 2019 01:,1550365200,0.03,469954
Feb 18 2019 01:,1550451600,0.03,385596
Feb 19 2019 01:,1550538000,0.03,144578
Feb 20 2019 01:,1550624400,0.03,68007
Feb 21 2019 01:,1550710800,0.03,410729
Feb 22 2019 01:,1550797200,0.03,473959
Feb 23 2019 01:,1550883600,0.03,170148
Feb 24 2019 01:,1550970000,0.03,194169
Feb 25 2019 01:,1551056400,0.03,143777
Feb 26 2019 01:,1551142800,0.03,243731
Feb 27 2019 01:,1551229200,0.03,266110
Feb 28 2019 01:,1551315600,0.03,205234
Mar 01 2019 01:,1551402000,0.03,416230
Mar 02 2019 01:,1551488400,0.03,212652
Mar 03 2019 01:,1551574800,0.03,389031
Mar 04 2019 01:,1551661200,0.03,179985
Mar 05 2019 01:,1551747600,0.03,117499
Mar 06 2019 01:,1551834000,0.03,401871
Mar 07 2019 01:,1551920400,0.03,11107
Mar 08 2019 01:,1552006800,0.03,344159
Mar 09 2019 01:,1552093200,0.03,693658
Mar 10 2019 01:,1552179600,0.03,420250
Mar 11 2019 01:,1552266000,0.03,207712
Mar 12 2019 01:,1552352400,0.03,112224
Mar 13 2019 01:,1552438800,0.03,151115
Mar 14 2019 01:,1552525200,0.03,216456
Mar 15 2019 01:,1552611600,0.03,440123
Mar 16 2019 01:,1552698000,0.03,320245
Mar 17 2019 01:,1552784400,0.03,187818
Mar 18 2019 01:,1552870800,0.03,84789
Mar 19 2019 01:,1552957200,0.03,113381
Mar 20 2019 01:,1553043600,0.03,556433
Mar 21 2019 01:,1553130000,0.03,65590
Mar 22 2019 01:,1553216400,0.03,397591
Mar 23 2019 01:,1553302800,0.03,492230
Mar 24 2019 01:,1553389200,0.03,471377
Mar 25 2019 01:,1553475600,0.03,259251
Mar 26 2019 01:,1553562000,0.03,114936
Mar 27 2019 01:,1553648400,0.03,229236
Mar 28 2019 01:,1553734800,0.03,456282
Mar 29 2019 01:,1553821200,0.03,414275
Mar 30 2019 01:,1553907600,0.03,196012
Mar 31 2019 01:,1553990400,0.03,100951
Apr 01 2019 01:,1554076800,0.03,75528
Apr 02 2019 01:,1554163200,0.03,31399
Apr 03 2019 01:,1554249600,0.03,502424
Apr 04 2019 01:,1554336000,0.03,189968
Apr 05 2019 01:,1554422400,0.03,42623
Apr 06 2019 01:,1554508800,0.03,445734
Apr 07 2019 01:,1554595200,0.03,581451
Apr 08 2019 01:,1554681600,0.03,208959
Apr 09 2019 01:,1554768000,0.03,65616
Apr 10 2019 01:,1554854400,0.03,555763
Apr 11 2019 01:,1554940800,0.03,103089
Apr 12 2019 01:,1555027200,0.03,18086
Apr 13 2019 01:,1555113600,0.03,660424
Apr 14 2019 01:,1555200000,0.03,625521
Apr 15 2019 01:,1555286400,0.03,451940
Apr 16 2019 01:,1555372800,0.03,151366
Apr 17 2019 01:,1555459200,0.03,45946
Apr 18 2019 01:,1555545600,0.03,516962
Apr 19 2019 01:,1555632000,0.03,582540
Apr 20 2019 01:,1555718400,0.03,368555
Apr 21 2019 01:,1555804800,0.03,144772
Apr 22 2019 01:,1555891200,0.03,212865
Apr 23 2019 01:,1555977600,0.03,100134
Apr 24 2019 01:,1556064000,0.03,34838
Apr 25 2019 01:,1556150400,0.03,26345
Apr 26 2019 01:,1556236800,0.03,289464
Apr 27 2019 01:,1556323200,0.03,619135
Apr 28 2019 01:,1556409600,0.03,378750
Apr 29 2019 01:,1556496000,0.03,91719
Apr 30 2019 01:,1556582400,0.03,62062
May 01 2019 01:,1556668800,0.03,130076
May 02 2019 01:,1556755200,0.03,258872
May 03 2019 01:,1556841600,0.03,250956
May 04 2019 01:,1556928000,0.03,141969
May 05 2019 01:,1557014400,0.03,596095
May 06 2019 01:,1557100800,0.03,263863
May 07 2019 01:,1557187200,0.03,185121
May 08 2019 01:,1557273600,0.03,418714
May 09 2019 01:,1557360000,0.03,217819
May 10 2019 01:,1557446400,0.03,211748
May 11 2019 01:,1557532800,0.03,330717
May 12 2019 01:,1557619200,0.03,362739
May 13 2019 01:,1557705600,0.03,139957
May 14 2019 01:,1557792000,0.03,208572
May 15 2019 01:,1557878400,0.03,405668
May 16 2019 01:,1557964800,0.03,53289
May 17 2019 01:,1558051200,0.03,53843
May 18 2019 01:,1558137600,0.03,337472
May 19 2019 01:,1558224000,0.03,63337
May 20 2019 01:,1558310400,0.03,628685
May 21 2019 01:,1558396800,0.03,520309
May 22 2019 01:,1558483200,0.03,291459
May 23 2019 01:,1558569600,0.03,21378
May 24 2019 01:,1558656000,0.03,19319
May 25 2019 01:,1558742400,0.03,18581
May 26 2019 01:,1558828800,0.03,508661
May 27 2019 01:,1558915200,0.03,417800
May 28 2019 01:,1559001600,0.03,188470
May 29 2019 01:,1559088000,0.03,356413
May 30 2019 01:,1559174400,0.03,201094
May 31 2019 01:,1559260800,0.03,23592
Jun 01 2019 01:,1559347200,0.03,25571
Jun 02 2019 01:,1559433600,0.03,49893
Jun 03 2019 01:,1559520000,0.03,27331
Jun 04 2019 01:,1559606400,0.03,21011
Jun 05 2019 01:,1559692800,0.03,23180
Jun 06 2019 01:,1559779200,0.03,24346
Jun 07 2019 01:,1559865600,0.03,18671
Jun 08 2019 01:,1559952000,0.03,21858
Jun 09 2019 01:,1560038400,0.03,19905
Jun 10 2019 01:,1560124800,0.03,20068
Jun 11 2019 01:,1560211200,0.03,18249
Jun 12 2019 01:,1560297600,0.03,23451
Jun 13 2019 01:,1560384000,0.03,18929
Jun 14 2019 01:,1560470400,0.03,21453
Jun 15 2019 01:,1560556800,0.03,23074
Jun 16 2019 01:,1560643200,0.03,21802
Jun 17 2019 01:,1560729600,0.03,21526
Jun 18 2019 01:,1560816000,0.03,25315
Jun 19 2019 01:,1560902400,0.03,25924
Jun 20 2019 01:,1560988800,0.03,33112
Jun 21 2019 01:,1561075200,0.03,24042
Jun 22 2019 01:,1561161600,0.03,26019
Jun 23 2019 01:,1561248000,0.03,25931
Jun 24 2019 01:,1561334400,0.03,22894
Jun 25 2019 01:,1561420800,0.03,43644
Jun 26 2019 01:,1561507200,0.03,32295
Jun 27 2019 01:,1561593600,0.03,38210
Jun 28 2019 01:,1561680000,0.03,21603
Jun 29 2019 01:,1561766400,0.03,22744
Jun 30 2019 01:,1561852800,0.03,28773
Jul 01 2019 01:,1561939200,0.03,23063
Jul 02 2019 01:,1562025600,0.03,23840
Jul 03 2019 01:,1562112000,0.03,26386
Jul 04 2019 01:,1562198400,0.03,21875
Jul 05 2019 01:,1562284800,0.03,27477
Jul 06 2019 01:,1562371200,0.03,22246
Jul 07 2019 01:,1562457600,0.03,22756
Jul 08 2019 01:,1562544000,0.03,24727
Jul 09 2019 01:,1562630400,0.03,27758
Jul 10 2019 01:,1562716800,0.03,22541
Jul 11 2019 01:,1562803200,0.03,24739
Jul 12 2019 01:,1562889600,0.03,22621
Jul 13 2019 01:,1562976000,0.03,56171
Jul 14 2019 01:,1563062400,0.03,22064
Jul 15 2019 01:,1563148800,0.03,26864
Jul 16 2019 01:,1563235200,0.03,22371
Jul 17 2019 01:,1563321600,0.03,24803
Jul 18 2019 01:,1563408000,0.03,22001
Jul 19 2019 01:,1563494400,0.03,24351
Jul 20 2019 01:,1563580800,0.03,21534
Jul 21 2019 01:,1563667200,0.03,22695
Jul 22 2019 01:,1563753600,0.03,21734
Jul 23 2019 01:,1563840000,0.03,19262
Jul 24 2019 01:,1563926400,0.03,21626
Jul 25 2019 01:,1564012800,0.03,21697
Jul 26 2019 01:,1564099200,0.03,20421
Jul 27 2019 01:,1564185600,0.03,22777
Jul 28 2019 01:,1564272000,0.03,20532
Jul 29 2019 01:,1564358400,0.03,22206
Jul 30 2019 01:,1564444800,0.03,20699
Jul 31 2019 01:,1564531200,0.03,26374
Aug 01 2019 01:,1564617600,0.03,20753
Aug 02 2019 01:,1564704000,0.03,21991
Aug 03 2019 01:,1564790400,0.03,25989
Aug 04 2019 01:,1564876800,0.03,50101
Aug 05 2019 01:,1564963200,0.03,31770
Aug 06 2019 01:,1565049600,0.03,33891
Aug 07 2019 01:,1565136000,0.03,35969
Aug 08 2019 01:,1565222400,0.03,34703
Aug 09 2019 01:,1565308800,0.03,42189
Aug 10 2019 01:,1565395200,0.03,56298
Aug 11 2019 01:,1565481600,0.03,53114
Aug 12 2019 01:,1565568000,0.03,48991
Aug 13 2019 01:,1565654400,0.03,49994
Aug 14 2019 01:,1565740800,0.03,36537
Aug 15 2019 01:,1565827200,0.03,33179
Aug 16 2019 01:,1565913600,0.03,39531
Aug 17 2019 01:,1566000000,0.03,53748
Aug 18 2019 01:,1566086400,0.03,35320
Aug 19 2019 01:,1566172800,0.03,38793
Aug 20 2019 01:,1566259200,0.03,36838
Aug 21 2019 01:,1566345600,0.03,50273
Aug 22 2019 01:,1566432000,0.03,28208
Aug 23 2019 01:,1566518400,0.03,34033
Aug 24 2019 01:,1566604800,0.03,31229
Aug 25 2019 01:,1566691200,0.03,30347
Aug 26 2019 01:,1566777600,0.03,28705
Aug 27 2019 01:,1566864000,0.03,33097
Aug 28 2019 01:,1566950400,0.03,29296
Aug 29 2019 01:,1567036800,0.03,37894
Aug 30 2019 01:,1567123200,0.03,28634
Aug 31 2019 01:,1567209600,0.03,40223
Sep 01 2019 01:,1567296000,0.03,45765
Sep 02 2019 01:,1567382400,0.03,41589
Sep 03 2019 01:,1567468800,0.03,33291
Sep 04 2019 01:,1567555200,0.03,42439
Sep 05 2019 01:,1567641600,0.03,32470
Sep 06 2019 01:,1567728000,0.03,29219
Sep 07 2019 01:,1567814400,0.03,31348
Sep 08 2019 01:,1567900800,0.03,32905
Sep 09 2019 01:,1567987200,0.03,29544
Sep 10 2019 01:,1568073600,0.03,28397
Sep 11 2019 01:,1568160000,0.03,27627
Sep 12 2019 01:,1568246400,0.03,31920
Sep 13 2019 01:,1568332800,0.03,33604
Sep 14 2019 01:,1568419200,0.03,32434
Sep 15 2019 01:,1568505600,0.03,29954
Sep 16 2019 01:,1568592000,0.03,23743
Sep 17 2019 01:,1568678400,0.03,26308
Sep 18 2019 01:,1568764800,0.03,28314
Sep 19 2019 01:,1568851200,0.03,25080
Sep 20 2019 01:,1568937600,0.03,29604
Sep 21 2019 01:,1569024000,0.03,34062
Sep 22 2019 01:,1569110400,0.03,35880
Sep 23 2019 01:,1569196800,0.03,35326
Sep 24 2019 01:,1569283200,0.03,40145
Sep 25 2019 01:,1569369600,0.03,36241
Sep 26 2019 01:,1569456000,0.03,35858
Sep 27 2019 01:,1569542400,0.03,73801
Sep 28 2019 01:,1569628800,0.03,51783
Sep 29 2019 01:,1569715200,0.03,87881
Sep 30 2019 01:,1569801600,0.03,130043
Oct 01 2019 01:,1569888000,0.03,162526
Oct 02 2019 01:,1569974400,0.03,117713
Oct 03 2019 01:,1570060800,0.03,71070
Oct 04 2019 01:,1570147200,0.03,65423
Oct 05 2019 01:,1570233600,0.03,63594
Oct 06 2019 01:,1570320000,0.03,55138
Oct 07 2019 01:,1570406400,0.03,52322
Oct 08 2019 01:,1570492800,0.03,52245
Oct 09 2019 01:,1570579200,0.03,43683
Oct 10 2019 01:,1570665600,0.03,48237
Oct 11 2019 01:,1570752000,0.03,57236
Oct 12 2019 01:,1570838400,0.03,67440
Oct 13 2019 01:,1570924800,0.03,54828
Oct 14 2019 01:,1571011200,0.03,50880
Oct 15 2019 01:,1571097600,0.03,46891
Oct 16 2019 01:,1571184000,0.03,40198
Oct 17 2019 01:,1571270400,0.03,50553
Oct 18 2019 01:,1571356800,0.03,67234
Oct 19 2019 01:,1571443200,0.03,75065
Oct 20 2019 01:,1571529600,0.03,65191
Oct 21 2019 01:,1571616000,0.03,43718
Oct 22 2019 01:,1571702400,0.03,41239
Oct 23 2019 01:,1571788800,0.03,37480
Oct 24 2019 01:,1571875200,0.03,30517
Oct 25 2019 01:,1571961600,0.03,31884
Oct 26 2019 01:,1572048000,0.03,42488
Oct 27 2019 01:,1572138000,0.03,40713
Oct 28 2019 01:,1572224400,0.03,30936
Oct 29 2019 01:,1572310800,0.03,38613
Oct 30 2019 01:,1572397200,0.03,29595
Oct 31 2019 01:,1572483600,0.03,26980
Nov 01 2019 01:,1572570000,0.03,22520
Nov 02 2019 01:,1572656400,0.03,24357
Nov 03 2019 01:,1572742800,0.03,28242
Nov 04 2019 01:,1572829200,0.03,21950
Nov 05 2019 01:,1572915600,0.03,25648
Nov 06 2019 01:,1573002000,0.03,22069
Nov 07 2019 01:,1573088400,0.03,23293
Nov 08 2019 01:,1573174800,0.03,22839
Nov 09 2019 01:,1573261200,0.03,25984
Nov 10 2019 01:,1573347600,0.03,23790
Nov 11 2019 01:,1573434000,0.03,22552
Nov 12 2019 01:,1573520400,0.03,24191
Nov 13 2019 01:,1573606800,0.03,18411
Nov 14 2019 01:,1573693200,0.03,19693
Nov 15 2019 01:,1573779600,0.03,20464
Nov 16 2019 01:,1573866000,0.03,22622
Nov 17 2019 01:,1573952400,0.03,24099
Nov 18 2019 01:,1574038800,0.03,17178
Nov 19 2019 01:,1574125200,0.03,24197
Nov 20 2019 01:,1574211600,0.03,25528
Nov 21 2019 01:,1574298000,0.03,17384
Nov 22 2019 01:,1574384400,0.03,15838
Nov 23 2019 01:,1574470800,0.03,27209
Nov 24 2019 01:,1574557200,0.03,22395
Nov 25 2019 01:,1574643600,0.03,18603
Nov 26 2019 01:,1574730000,0.03,16584
Nov 27 2019 01:,1574816400,0.03,18859
Nov 28 2019 01:,1574902800,0.03,21867
Nov 29 2019 01:,1574989200,0.03,20439
Nov 30 2019 01:,1575075600,0.03,22220
Dec 01 2019 01:,1575162000,0.03,27374
Dec 02 2019 01:,1575248400,0.03,25592
Dec 03 2019 01:,1575334800,0.03,18035
Dec 04 2019 01:,1575421200,0.03,16423
Dec 05 2019 01:,1575507600,0.03,17268
Dec 06 2019 01:,1575594000,0.03,17868
Dec 07 2019 01:,1575680400,0.03,22915
Dec 08 2019 01:,1575766800,0.03,20243
Dec 09 2019 01:,1575853200,0.03,21985
Dec 10 2019 01:,1575939600,0.03,19262
Dec 11 2019 01:,1576026000,0.03,21165
Dec 12 2019 01:,1576112400,0.03,18615
Dec 13 2019 01:,1576198800,0.03,19205
Dec 14 2019 01:,1576285200,0.03,20964
Dec 15 2019 01:,1576371600,0.03,20281
Dec 16 2019 01:,1576458000,0.03,17058
Dec 17 2019 01:,1576544400,0.03,15960
Dec 18 2019 01:,1576630800,0.03,19986
Dec 19 2019 01:,1576717200,0.03,19521
Dec 20 2019 01:,1576803600,0.03,22510
Dec 21 2019 01:,1576890000,0.03,21815
Dec 22 2019 01:,1576976400,0.03,21297
Dec 23 2019 01:,1577062800,0.03,20101
Dec 24 2019 01:,1577149200,0.03,22086
Dec 25 2019 01:,1577235600,0.03,24758
Dec 26 2019 01:,1577322000,0.03,22245
Dec 27 2019 01:,1577408400,0.03,32324
Dec 28 2019 01:,1577494800,0.03,30325
Dec 29 2019 01:,1577581200,0.03,23971
Dec 30 2019 01:,1577667600,0.03,23236
Dec 31 2019 01:,1577754000,0.03,25418
Jan 01 2020 01:,1577840400,0.03,27060
Jan 02 2020 01:,1577926800,0.03,27499
Jan 03 2020 01:,1578013200,0.03,28674
Jan 04 2020 01:,1578099600,0.03,29098
Jan 05 2020 01:,1578186000,0.03,30672
Jan 06 2020 01:,1578272400,0.03,33752
Jan 07 2020 01:,1578358800,0.03,27364
Jan 08 2020 01:,1578445200,0.03,25038
Jan 09 2020 01:,1578531600,0.03,37350
Jan 10 2020 01:,1578618000,0.03,30677
Jan 11 2020 01:,1578704400,0.03,33191
Jan 12 2020 01:,1578790800,0.03,31363
Jan 13 2020 01:,1578877200,0.03,42712
Jan 14 2020 01:,1578963600,0.03,30770
Jan 15 2020 01:,1579050000,0.03,27888
Jan 16 2020 01:,1579136400,0.03,33796
Jan 17 2020 01:,1579222800,0.03,29401
Jan 18 2020 01:,1579309200,0.03,39304
Jan 19 2020 01:,1579395600,0.03,79931
Jan 20 2020 01:,1579482000,0.03,53528
Jan 21 2020 01:,1579568400,0.03,39883
Jan 22 2020 01:,1579654800,0.03,47390
Jan 23 2020 01:,1579741200,0.03,38924
Jan 24 2020 01:,1579827600,0.03,43732
Jan 25 2020 01:,1579914000,0.03,49293
Jan 26 2020 01:,1580000400,0.03,45258
Jan 27 2020 01:,1580086800,0.03,36351
Jan 28 2020 01:,1580173200,0.03,34960
Jan 29 2020 01:,1580259600,0.03,33366
Jan 30 2020 01:,1580346000,0.03,29903
Jan 31 2020 01:,1580432400,0.03,38171
Feb 01 2020 01:,1580518800,0.03,43702
Feb 02 2020 01:,1580605200,0.03,53140
Feb 03 2020 01:,1580691600,0.03,36743
Feb 04 2020 01:,1580778000,0.03,39735
Feb 05 2020 01:,1580864400,0.03,43714
Feb 06 2020 01:,1580950800,0.031,55190
Feb 07 2020 01:,1581037200,0.035,65282
Feb 08 2020 01:,1581123600,0.038,75233
Feb 09 2020 01:,1581210000,0.038,62565
Feb 10 2020 01:,1581296400,0.042,48085
Feb 11 2020 01:,1581382800,0.04,55349
Feb 12 2020 01:,1581469200,0.038,44090
Feb 13 2020 01:,1581555600,0.037,36521
Feb 14 2020 01:,1581642000,0.04,47129
Feb 15 2020 01:,1581728400,0.043,53197
Feb 16 2020 01:,1581814800,0.042,48330
Feb 17 2020 01:,1581901200,0.041,40604
Feb 18 2020 01:,1581987600,0.038,36376
Feb 19 2020 01:,1582074000,0.039,41792
Feb 20 2020 01:,1582160400,0.038,37323
Feb 21 2020 01:,1582246800,0.039,45508
Feb 22 2020 01:,1582333200,0.039,45802
Feb 23 2020 01:,1582419600,0.043,59612
Feb 24 2020 01:,1582506000,0.045,67094
Feb 25 2020 01:,1582592400,0.042,67820
Feb 26 2020 01:,1582678800,0.041,53072
Feb 27 2020 01:,1582765200,0.039,53131
Feb 28 2020 01:,1582851600,0.043,56485
Feb 29 2020 01:,1582938000,0.04,63021
Mar 01 2020 01:,1583024400,0.039,58229
Mar 02 2020 01:,1583110800,0.038,47537
Mar 03 2020 01:,1583197200,0.038,48939
Mar 04 2020 01:,1583283600,0.037,51387
Mar 05 2020 01:,1583370000,0.036,39526
Mar 06 2020 01:,1583456400,0.037,43949
Mar 07 2020 01:,1583542800,0.036,49457
Mar 08 2020 01:,1583629200,0.035,46181
Mar 09 2020 01:,1583715600,0.037,43740
Mar 10 2020 01:,1583802000,0.036,51378
Mar 11 2020 01:,1583888400,0.04,71324
Mar 12 2020 01:,1583974800,0.039,47434
Mar 13 2020 01:,1584061200,0.041,69789
Mar 14 2020 01:,1584147600,0.043,62714
Mar 15 2020 01:,1584234000,0.043,55799
Mar 16 2020 01:,1584320400,0.043,60372
Mar 17 2020 01:,1584406800,0.043,62926
Mar 18 2020 01:,1584493200,0.04,48553
Mar 19 2020 01:,1584579600,0.037,56980
Mar 20 2020 01:,1584666000,0.033,58046
Mar 21 2020 01:,1584752400,0.032,52003
Mar 22 2020 01:,1584838800,0.03,47951
Mar 23 2020 01:,1584925200,0.03,45773
Mar 24 2020 01:,1585011600,0.03,49637
Mar 25 2020 01:,1585098000,0.03,52783
Mar 26 2020 01:,1585184400,0.03,49332
Mar 27 2020 01:,1585270800,0.03,48385
Mar 28 2020 01:,1585357200,0.03,42372
Mar 29 2020 01:,1585440000,0.03,45144
Mar 30 2020 01:,1585526400,0.03,48418
Mar 31 2020 01:,1585612800,0.03,54001
Apr 01 2020 01:,1585699200,0.03,61266
Apr 02 2020 01:,1585785600,0.03,60506
Apr 03 2020 01:,1585872000,0.03,66465
Apr 04 2020 01:,1585958400,0.03,61272
Apr 05 2020 01:,1586044800,0.03,55561
Apr 06 2020 01:,1586131200,0.03,58226
Apr 07 2020 01:,1586217600,0.03,64846
Apr 08 2020 01:,1586304000,0.03,65374
Apr 09 2020 01:,1586390400,0.03,56415
Apr 10 2020 01:,1586476800,0.03,55840
Apr 11 2020 01:,1586563200,0.03,57153
Apr 12 2020 01:,1586649600,0.03,47672
Apr 13 2020 01:,1586736000,0.03,49778
Apr 14 2020 01:,1586822400,0.03,58679
Apr 15 2020 01:,1586908800,0.03,55526
Apr 16 2020 01:,1586995200,0.03,58515
Apr 17 2020 01:,1587081600,0.03,53777
Apr 18 2020 01:,1587168000,0.03,53004
Apr 19 2020 01:,1587254400,0.03,55990
Apr 20 2020 01:,1587340800,0.03,49250
Apr 21 2020 01:,1587427200,0.03,55621
Apr 22 2020 01:,1587513600,0.03,53744
Apr 23 2020 01:,1587600000,0.03,55223
Apr 24 2020 01:,1587686400,0.03,56041
Apr 25 2020 01:,1587772800,0.03,61442
Apr 26 2020 01:,1587859200,0.03,60092
Apr 27 2020 01:,1587945600,0.03,51644
Apr 28 2020 01:,1588032000,0.03,52463
Apr 29 2020 01:,1588118400,0.03,26932
Apr 29 2020 15:,1588168800,0.03,2847
Apr 29 2020 16:,1588172400,0.03,2698
Apr 29 2020 17:,1588176000,0.03,2642
Apr 29 2020 18:,1588179600,0.03,2507
Apr 29 2020 19:,1588183200,0.03,3403
Apr 29 2020 20:,1588186800,0.04,2951
Apr 29 2020 21:,1588190400,0.03,2083
Apr 29 2020 22:,1588194000,0.03,2427
Apr 29 2020 23:,1588197600,0.03,1742
Apr 30 2020 00:,1588201200,0.03,1501
Apr 30 2020 01:,1588204800,0.036,1611
Apr 30 2020 02:,1588208400,0.03,1528
Apr 30 2020 03:,1588212000,0.03,1546
Apr 30 2020 04:,1588215600,0.03,1582
Apr 30 2020 05:,1588219200,0.036,1536
Apr 30 2020 06:,1588222800,0.03,1530
Apr 30 2020 07:,1588226400,0.03,1910
Apr 30 2020 08:,1588230000,0.03,2289
Apr 30 2020 09:,1588233600,0.03,2851
Apr 30 2020 10:,1588237200,0.03,1594
Apr 30 2020 11:,1588240800,0.03,2052
Apr 30 2020 12:,1588244400,0.03,2448
Apr 30 2020 13:,1588248000,0.03,2430
Apr 30 2020 14:,1588251600,0.03,2205
Apr 30 2020 15:,1588255200,0.03,2152
Apr 30 2020 16:,1588258800,0.03,2913
Apr 30 2020 17:,1588262400,0.03,2493
Apr 30 2020 18:,1588266000,0.03,2883
Apr 30 2020 19:,1588269600,0.03,2195
Apr 30 2020 20:,1588273200,0.03,2488
Apr 30 2020 21:,1588276800,0.043,2891
Apr 30 2020 22:,1588280400,0.03,2550
Apr 30 2020 23:,1588284000,0.03,1854
May 01 2020 00:,1588287600,0.03,2205
May 01 2020 01:,1588291200,0.03,1652
May 01 2020 02:,1588294800,0.03,1945
May 01 2020 03:,1588298400,0.03,2046
May 01 2020 04:,1588302000,0.03,1210
May 01 2020 05:,1588305600,0.03,1692
May 01 2020 06:,1588309200,0.03,1442
May 01 2020 07:,1588312800,0.03,1834
May 01 2020 08:,1588316400,0.03,1521
May 01 2020 09:,1588320000,0.042,1993
May 01 2020 10:,1588323600,0.03,2442
May 01 2020 11:,1588327200,0.03,2869
May 01 2020 12:,1588330800,0.03,3156
May 01 2020 13:,1588334400,0.03,3525
May 01 2020 14:,1588338000,0.03,2833
May 01 2020 15:,1588341600,0.03,3029
May 01 2020 16:,1588345200,0.03,2743
May 01 2020 17:,1588348800,0.03,2494
May 01 2020 18:,1588352400,0.03,3293
May 01 2020 19:,1588356000,0.03,2699
May 01 2020 20:,1588359600,0.03,2959
May 01 2020 21:,1588363200,0.03,2610
May 01 2020 22:,1588366800,0.03,2242
May 01 2020 23:,1588370400,0.03,1796
May 02 2020 00:,1588374000,0.03,1815
May 02 2020 01:,1588377600,0.03,2057
May 02 2020 02:,1588381200,0.044,1692
May 02 2020 03:,1588384800,0.03,1778
May 02 2020 04:,1588388400,0.03,1260
May 02 2020 05:,1588392000,0.03,1797
May 02 2020 06:,1588395600,0.03,1666
May 02 2020 07:,1588399200,0.03,1862
May 02 2020 08:,1588402800,0.03,1883
May 02 2020 09:,1588406400,0.03,2207
May 02 2020 10:,1588410000,0.03,2307
May 02 2020 11:,1588413600,0.03,2695
May 02 2020 12:,1588417200,0.03,2567
May 02 2020 13:,1588420800,0.03,3292
May 02 2020 14:,1588424400,0.03,3059
May 02 2020 15:,1588428000,0.03,2650
May 02 2020 16:,1588431600,0.03,2471
May 02 2020 17:,1588435200,0.03,2533
May 02 2020 18:,1588438800,0.03,3277
May 02 2020 19:,1588442400,0.03,3021
May 02 2020 20:,1588446000,0.03,2136
May 02 2020 21:,1588449600,0.03,2073
May 02 2020 22:,1588453200,0.03,2398
May 02 2020 23:,1588456800,0.03,2040
May 03 2020 00:,1588460400,0.03,1672
May 03 2020 01:,1588464000,0.03,1540
May 03 2020 02:,1588467600,0.03,1491
May 03 2020 03:,1588471200,0.03,3090
May 03 2020 04:,1588474800,0.03,2413
May 03 2020 05:,1588478400,0.03,1494
May 03 2020 06:,1588482000,0.03,1520
May 03 2020 07:,1588485600,0.03,1741
May 03 2020 08:,1588489200,0.03,2035
May 03 2020 09:,1588492800,0.03,2111
May 03 2020 10:,1588496400,0.03,2733
May 03 2020 11:,1588500000,0.03,3015
May 03 2020 12:,1588503600,0.03,2718
May 03 2020 13:,1588507200,0.03,2881
May 03 2020 14:,1588510800,0.03,3003
May 03 2020 15:,1588514400,0.03,2362
May 03 2020 16:,1588518000,0.03,2196
May 03 2020 17:,1588521600,0.03,1862
May 03 2020 18:,1588525200,0.03,3086
May 03 2020 19:,1588528800,0.03,4006
May 03 2020 20:,1588532400,0.03,2293
May 03 2020 21:,1588536000,0.03,2843
May 03 2020 22:,1588539600,0.036,2196
May 03 2020 23:,1588543200,0.036,2278
May 04 2020 00:,1588546800,0.036,2132
May 04 2020 01:,1588550400,0.036,1660
May 04 2020 02:,1588554000,0.03,1645
May 04 2020 03:,1588557600,0.03,2869
May 04 2020 04:,1588561200,0.03,1896
May 04 2020 05:,1588564800,0.03,1757
May 04 2020 06:,1588568400,0.03,1497
May 04 2020 07:,1588572000,0.03,1641
May 04 2020 08:,1588575600,0.03,1756
May 04 2020 09:,1588579200,0.03,2301
May 04 2020 10:,1588582800,0.03,1709
May 04 2020 11:,1588586400,0.03,2523
May 04 2020 12:,1588590000,0.03,2542
May 04 2020 13:,1588593600,0.03,2451
May 04 2020 14:,1588597200,0.03,2557
May 04 2020 15:,1588600800,0.03,2394
May 04 2020 16:,1588604400,0.03,4025
May 04 2020 17:,1588608000,0.03,2774
May 04 2020 18:,1588611600,0.03,3379
May 04 2020 19:,1588615200,0.03,3088
May 04 2020 20:,1588618800,0.03,2589
May 04 2020 21:,1588622400,0.03,1960
May 04 2020 22:,1588626000,0.03,2478
May 04 2020 23:,1588629600,0.03,2005
May 05 2020 00:,1588633200,0.03,1561
May 05 2020 01:,1588636800,0.03,1219
May 05 2020 02:,1588640400,0.03,1489
May 05 2020 03:,1588644000,0.03,1907
May 05 2020 04:,1588647600,0.03,1845
May 05 2020 05:,1588651200,0.03,1060
May 05 2020 06:,1588654800,0.03,2626
May 05 2020 07:,1588658400,0.03,2507
May 05 2020 08:,1588662000,0.03,2000
May 05 2020 09:,1588665600,0.03,2280
May 05 2020 10:,1588669200,0.03,2634
May 05 2020 11:,1588672800,0.03,2419
May 05 2020 12:,1588676400,0.03,3410
May 05 2020 13:,1588680000,0.03,2883
May 05 2020 14:,1588683600,0.03,2574
May 05 2020 15:,1588687200,0.03,2349
May 05 2020 16:,1588690800,0.03,2227
May 05 2020 17:,1588694400,0.03,3309
May 05 2020 18:,1588698000,0.043,2569
May 05 2020 19:,1588701600,0.03,2230
May 05 2020 20:,1588705200,0.03,2143
May 05 2020 21:,1588708800,0.03,2671
May 05 2020 22:,1588712400,0.03,3159
May 05 2020 23:,1588716000,0.03,2838
May 06 2020 00:,1588719600,0.03,1491
May 06 2020 01:,1588723200,0.03,2004
May 06 2020 02:,1588726800,0.03,1836
May 06 2020 03:,1588730400,0.036,1755
May 06 2020 04:,1588734000,0.03,1515
May 06 2020 05:,1588737600,0.03,1896
May 06 2020 06:,1588741200,0.03,1384
May 06 2020 07:,1588744800,0.03,2127
May 06 2020 08:,1588748400,0.03,1777
May 06 2020 09:,1588752000,0.03,2732
May 06 2020 10:,1588755600,0.03,2243
May 06 2020 11:,1588759200,0.03,2951
May 06 2020 12:,1588762800,0.03,3443
May 06 2020 13:,1588766400,0.03,2707
May 06 2020 14:,1588770000,0.03,2990
May 06 2020 15:,1588773600,0.03,3178
May 06 2020 16:,1588777200,0.03,2752
May 06 2020 17:,1588780800,0.03,3794
May 06 2020 18:,1588784400,0.03,3656
May 06 2020 19:,1588788000,0.03,3708
May 06 2020 20:,1588791600,0.03,3397
May 06 2020 21:,1588795200,0.03,2087
May 06 2020 22:,1588798800,0.03,2021
May 06 2020 23:,1588802400,0.03,2188
May 07 2020 00:,1588806000,0.03,1685
May 07 2020 01:,1588809600,0.03,1865
May 07 2020 02:,1588813200,0.03,1438
May 07 2020 03:,1588816800,0.03,1197
May 07 2020 04:,1588820400,0.03,1609
May 07 2020 05:,1588824000,0.03,1272
May 07 2020 06:,1588827600,0.03,2133
May 07 2020 07:,1588831200,0.03,1940
May 07 2020 08:,1588834800,0.03,3118
May 07 2020 09:,1588838400,0.03,1570
May 07 2020 10:,1588842000,0.03,2128
May 07 2020 11:,1588845600,0.03,2061
May 07 2020 12:,1588849200,0.03,2314
May 07 2020 13:,1588852800,0.03,2376
May 07 2020 14:,1588856400,0.03,2878
May 07 2020 15:,1588860000,0.03,2695
May 07 2020 16:,1588863600,0.03,2755
May 07 2020 17:,1588867200,0.03,2705
May 07 2020 18:,1588870800,0.03,3424
May 07 2020 19:,1588874400,0.03,3297
May 07 2020 20:,1588878000,0.03,2968
May 07 2020 21:,1588881600,0.03,3262
May 07 2020 22:,1588885200,0.03,2447
May 07 2020 23:,1588888800,0.03,4020
May 08 2020 00:,1588892400,0.03,2985
May 08 2020 01:,1588896000,0.03,2397
May 08 2020 02:,1588899600,0.03,1729
May 08 2020 03:,1588903200,0.03,1975
May 08 2020 04:,1588906800,0.03,1901
May 08 2020 05:,1588910400,0.03,1590
May 08 2020 06:,1588914000,0.036,1307
May 08 2020 07:,1588917600,0.03,1607
May 08 2020 08:,1588921200,0.03,3661
May 08 2020 09:,1588924800,0.032,2516
May 08 2020 10:,1588928400,0.03,2176
May 08 2020 11:,1588932000,0.032,2963
May 08 2020 12:,1588935600,0.032,3003
May 08 2020 13:,1588939200,0.03,2790
May 08 2020 14:,1588942800,0.03,2506
May 08 2020 15:,1588946400,0.032,3525
May 08 2020 16:,1588950000,0.032,3422
May 08 2020 17:,1588953600,0.03,2359
May 08 2020 18:,1588957200,0.031,3106
May 08 2020 19:,1588960800,0.03,2378
May 08 2020 20:,1588964400,0.03,3321
May 08 2020 21:,1588968000,0.03,2526
May 08 2020 22:,1588971600,0.03,2271
May 08 2020 23:,1588975200,0.03,2042
May 09 2020 00:,1588978800,0.03,1907
May 09 2020 01:,1588982400,0.03,2021
May 09 2020 02:,1588986000,0.03,1697
May 09 2020 03:,1588989600,0.03,3251
May 09 2020 04:,1588993200,0.03,2523
May 09 2020 05:,1588996800,0.03,1781
May 09 2020 06:,1589000400,0.032,1762
May 09 2020 07:,1589004000,0.03,1854
May 09 2020 08:,1589007600,0.03,1794
May 09 2020 09:,1589011200,0.032,2345
May 09 2020 10:,1589014800,0.032,2350
May 09 2020 11:,1589018400,0.03,2559
May 09 2020 12:,1589022000,0.03,2114
May 09 2020 13:,1589025600,0.03,2648
May 09 2020 14:,1589029200,0.03,3320
May 09 2020 15:,1589032800,0.031,3203
May 09 2020 16:,1589036400,0.032,3360
May 09 2020 17:,1589040000,0.03,3432
May 09 2020 18:,1589043600,0.03,2701
May 09 2020 19:,1589047200,0.031,2943
May 09 2020 20:,1589050800,0.031,3119
May 09 2020 21:,1589054400,0.03,2545
May 09 2020 22:,1589058000,0.03,2352
May 09 2020 23:,1589061600,0.032,4223
May 10 2020 00:,1589065200,0.032,3271
May 10 2020 01:,1589068800,0.031,1414
May 10 2020 02:,1589072400,0.032,2669
May 10 2020 03:,1589076000,0.033,1623
May 10 2020 04:,1589079600,0.034,1501
May 10 2020 05:,1589083200,0.034,2014
May 10 2020 06:,1589086800,0.034,2271
May 10 2020 07:,1589090400,0.035,2421
May 10 2020 08:,1589094000,0.035,2193
May 10 2020 09:,1589097600,0.034,1733
May 10 2020 10:,1589101200,0.034,2126
May 10 2020 11:,1589104800,0.035,3000
May 10 2020 12:,1589108400,0.035,3637
May 10 2020 13:,1589112000,0.035,2885
May 10 2020 14:,1589115600,0.034,3786
May 10 2020 15:,1589119200,0.034,3746
May 10 2020 16:,1589122800,0.034,3653
May 10 2020 17:,1589126400,0.035,2993
May 10 2020 18:,1589130000,0.035,3657
May 10 2020 19:,1589133600,0.035,3524
May 10 2020 20:,1589137200,0.034,2288
May 10 2020 21:,1589140800,0.033,2482
May 10 2020 22:,1589144400,0.032,2077
May 10 2020 23:,1589148000,0.033,3109
May 11 2020 00:,1589151600,0.033,3108
May 11 2020 01:,1589155200,0.034,2043
May 11 2020 02:,1589158800,0.034,2311
May 11 2020 03:,1589162400,0.035,3330
May 11 2020 04:,1589166000,0.037,1883
May 11 2020 05:,1589169600,0.037,1942
May 11 2020 06:,1589173200,0.037,1639
May 11 2020 07:,1589176800,0.035,1368
May 11 2020 08:,1589180400,0.035,1834
May 11 2020 09:,1589184000,0.037,3099
May 11 2020 10:,1589187600,0.037,3942
May 11 2020 11:,1589191200,0.045,4329
May 11 2020 12:,1589194800,0.037,2803
May 11 2020 13:,1589198400,0.037,3407
May 11 2020 14:,1589202000,0.037,3172
May 11 2020 15:,1589205600,0.037,2983
May 11 2020 16:,1589209200,0.038,3681
May 11 2020 17:,1589212800,0.038,5134
May 11 2020 18:,1589216400,0.039,5758
May 11 2020 19:,1589220000,0.038,4331
May 11 2020 20:,1589223600,0.038,3925
May 11 2020 21:,1589227200,0.038,3403
May 11 2020 22:,1589230800,0.04,3930
May 11 2020 23:,1589234400,0.038,2253
May 12 2020 00:,1589238000,0.038,2373
May 12 2020 01:,1589241600,0.038,2275
May 12 2020 02:,1589245200,0.037,1528
May 12 2020 03:,1589248800,0.038,2260
May 12 2020 04:,1589252400,0.039,1914
May 12 2020 05:,1589256000,0.039,1830
May 12 2020 06:,1589259600,0.038,2141
May 12 2020 07:,1589263200,0.038,2596
May 12 2020 08:,1589266800,0.039,2736
May 12 2020 09:,1589270400,0.038,2851
May 12 2020 10:,1589274000,0.039,2856
May 12 2020 11:,1589277600,0.038,2694
May 12 2020 12:,1589281200,0.038,2513
May 12 2020 13:,1589284800,0.038,3520
May 12 2020 14:,1589288400,0.038,3820
May 12 2020 15:,1589292000,0.038,3006
May 12 2020 16:,1589295600,0.038,3673
May 12 2020 17:,1589299200,0.038,3569
May 12 2020 18:,1589302800,0.038,3404
May 12 2020 19:,1589306400,0.038,3254
May 12 2020 20:,1589310000,0.038,2765
May 12 2020 21:,1589313600,0.05,3095
May 12 2020 22:,1589317200,0.034,1977
May 12 2020 23:,1589320800,0.035,1844
May 13 2020 00:,1589324400,0.05,2461
May 13 2020 01:,1589328000,0.037,1527
May 13 2020 02:,1589331600,0.037,1993
May 13 2020 03:,1589335200,0.038,1772
May 13 2020 04:,1589338800,0.038,2112
May 13 2020 05:,1589342400,0.038,2361
May 13 2020 06:,1589346000,0.038,1648
May 13 2020 07:,1589349600,0.037,1522
May 13 2020 08:,1589353200,0.035,1754
May 13 2020 09:,1589356800,0.038,3707
May 13 2020 10:,1589360400,0.038,2923
May 13 2020 11:,1589364000,0.038,2396
May 13 2020 12:,1589367600,0.038,3079
May 13 2020 13:,1589371200,0.039,3391
May 13 2020 14:,1589374800,0.039,3486
May 13 2020 15:,1589378400,0.038,2934
May 13 2020 16:,1589382000,0.039,3855
May 13 2020 17:,1589385600,0.039,4241
May 13 2020 18:,1589389200,0.039,2988
May 13 2020 19:,1589392800,0.038,2816
May 13 2020 20:,1589396400,0.037,2811
May 13 2020 21:,1589400000,0.038,4705
May 13 2020 22:,1589403600,0.038,2496
May 13 2020 23:,1589407200,0.038,2107
May 14 2020 00:,1589410800,0.045,1875
May 14 2020 01:,1589414400,0.038,2121
May 14 2020 02:,1589418000,0.045,1582
May 14 2020 03:,1589421600,0.039,1861
May 14 2020 04:,1589425200,0.038,1385
May 14 2020 05:,1589428800,0.038,1231
May 14 2020 06:,1589432400,0.038,1793
May 14 2020 07:,1589436000,0.038,1938
May 14 2020 08:,1589439600,0.038,1826
May 14 2020 09:,1589443200,0.039,2623
May 14 2020 10:,1589446800,0.038,2901
May 14 2020 11:,1589450400,0.038,2938
May 14 2020 12:,1589454000,0.038,3415
May 14 2020 13:,1589457600,0.038,2352
May 14 2020 14:,1589461200,0.038,3064
May 14 2020 15:,1589464800,0.039,3854
May 14 2020 16:,1589468400,0.039,3916
May 14 2020 17:,1589472000,0.039,3265
May 14 2020 18:,1589475600,0.038,3153
May 14 2020 19:,1589479200,0.038,3374
May 14 2020 20:,1589482800,0.038,3247
May 14 2020 21:,1589486400,0.037,3008
May 14 2020 22:,1589490000,0.037,2476
May 14 2020 23:,1589493600,0.038,2129
May 15 2020 00:,1589497200,0.035,1362
May 15 2020 01:,1589500800,0.037,1594
May 15 2020 02:,1589504400,0.048,1954
May 15 2020 03:,1589508000,0.038,1812
May 15 2020 04:,1589511600,0.038,1877
May 15 2020 05:,1589515200,0.038,1528
May 15 2020 06:,1589518800,0.038,2008
May 15 2020 07:,1589522400,0.038,3418
May 15 2020 08:,1589526000,0.038,3400
May 15 2020 09:,1589529600,0.038,3025
May 15 2020 10:,1589533200,0.038,3055
May 15 2020 11:,1589536800,0.038,2491
May 15 2020 12:,1589540400,0.038,3079
May 15 2020 13:,1589544000,0.038,3069
May 15 2020 14:,1589547600,0.038,3046
May 15 2020 15:,1589551200,0.038,3782
May 15 2020 16:,1589554800,0.038,5062
May 15 2020 17:,1589558400,0.038,5196
May 15 2020 18:,1589562000,0.038,6245
May 15 2020 19:,1589565600,0.038,5167
May 15 2020 20:,1589569200,0.038,4651
May 15 2020 21:,1589572800,0.038,3202
May 15 2020 22:,1589576400,0.038,3205
May 15 2020 23:,1589580000,0.038,2482
May 16 2020 00:,1589583600,0.05,1879
May 16 2020 01:,1589587200,0.038,1883
May 16 2020 02:,1589590800,0.039,2157
May 16 2020 03:,1589594400,0.039,2074
May 16 2020 04:,1589598000,0.039,2693
May 16 2020 05:,1589601600,0.039,3260
May 16 2020 06:,1589605200,0.039,3424
May 16 2020 07:,1589608800,0.039,4103
May 16 2020 08:,1589612400,0.039,3750
May 16 2020 09:,1589616000,0.039,5220
May 16 2020 10:,1589619600,0.039,7012
May 16 2020 11:,1589623200,0.039,8964
May 16 2020 12:,1589626800,0.039,3782
May 16 2020 13:,1589630400,0.039,3756
May 16 2020 14:,1589634000,0.039,3546
May 16 2020 15:,1589637600,0.039,4150
May 16 2020 16:,1589641200,0.039,4258
May 16 2020 17:,1589644800,0.039,4171
May 16 2020 18:,1589648400,0.038,3186
May 16 2020 19:,1589652000,0.039,3609
May 16 2020 20:,1589655600,0.039,3982
May 16 2020 21:,1589659200,0.038,3019
May 16 2020 22:,1589662800,0.038,2684
May 16 2020 23:,1589666400,0.038,2858
May 17 2020 00:,1589670000,0.039,2589
May 17 2020 01:,1589673600,0.045,2014
May 17 2020 02:,1589677200,0.039,1555
May 17 2020 03:,1589680800,0.039,2113
May 17 2020 04:,1589684400,0.039,5192
May 17 2020 05:,1589688000,0.039,2672
May 17 2020 06:,1589691600,0.039,3075
May 17 2020 07:,1589695200,0.039,6598
May 17 2020 08:,1589698800,0.041,7101
May 17 2020 09:,1589702400,0.041,5838
May 17 2020 10:,1589706000,0.041,8116
May 17 2020 11:,1589709600,0.042,5018
May 17 2020 12:,1589713200,0.042,4945
May 17 2020 13:,1589716800,0.041,3173
May 17 2020 14:,1589720400,0.041,3276
May 17 2020 15:,1589724000,0.042,4329
May 17 2020 16:,1589727600,0.044,4444
May 17 2020 17:,1589731200,0.042,3247
May 17 2020 18:,1589734800,0.042,3213
May 17 2020 19:,1589738400,0.042,3153
May 17 2020 20:,1589742000,0.041,2974
May 17 2020 21:,1589745600,0.044,3251
May 17 2020 22:,1589749200,0.041,2073
May 17 2020 23:,1589752800,0.05,2280
May 18 2020 00:,1589756400,0.041,1606
May 18 2020 01:,1589760000,0.042,1632
May 18 2020 02:,1589763600,0.042,2349
May 18 2020 03:,1589767200,0.044,2813
May 18 2020 04:,1589770800,0.044,1855
May 18 2020 05:,1589774400,0.044,2441
May 18 2020 06:,1589778000,0.044,3164
May 18 2020 07:,1589781600,0.045,4082
May 18 2020 08:,1589785200,0.045,3454
May 18 2020 09:,1589788800,0.045,2612
May 18 2020 10:,1589792400,0.045,2686
May 18 2020 11:,1589796000,0.045,3513
May 18 2020 12:,1589799600,0.044,3394
May 18 2020 13:,1589803200,0.045,4038
May 18 2020 14:,1589806800,0.045,6546
May 18 2020 15:,1589810400,0.045,5828
May 18 2020 16:,1589814000,0.045,5602
May 18 2020 17:,1589817600,0.047,6850
May 18 2020 18:,1589821200,0.045,4788
May 18 2020 19:,1589824800,0.045,4611
May 18 2020 20:,1589828400,0.045,3566
May 18 2020 21:,1589832000,0.045,3065
May 18 2020 22:,1589835600,0.045,2496
May 18 2020 23:,1589839200,0.045,2666
May 19 2020 00:,1589842800,0.045,2426
May 19 2020 01:,1589846400,0.047,2279
May 19 2020 02:,1589850000,0.048,1788
May 19 2020 03:,1589853600,0.045,1695
May 19 2020 04:,1589857200,0.048,1932
May 19 2020 05:,1589860800,0.048,1413
May 19 2020 06:,1589864400,0.048,2033
May 19 2020 07:,1589868000,0.048,2140
May 19 2020 08:,1589871600,0.048,4159
May 19 2020 09:,1589875200,0.048,3214
May 19 2020 10:,1589878800,0.065,4745
May 19 2020 11:,1589882400,0.048,3492
May 19 2020 12:,1589886000,0.048,3440
May 19 2020 13:,1589889600,0.048,3605
May 19 2020 14:,1589893200,0.048,3914
May 19 2020 15:,1589896800,0.048,3574
May 19 2020 16:,1589900400,0.049,3790
May 19 2020 17:,1589904000,0.048,3040
May 19 2020 18:,1589907600,0.047,3269
May 19 2020 19:,1589911200,0.047,2551
May 19 2020 20:,1589914800,0.046,3058
May 19 2020 21:,1589918400,0.048,3501
May 19 2020 22:,1589922000,0.057,3672
May 19 2020 23:,1589925600,0.046,1888
May 20 2020 00:,1589929200,0.048,1336
May 20 2020 01:,1589932800,0.048,2209
May 20 2020 02:,1589936400,0.046,1569
May 20 2020 03:,1589940000,0.049,1744
May 20 2020 04:,1589943600,0.049,1351
May 20 2020 05:,1589947200,0.049,1400
May 20 2020 06:,1589950800,0.051,1998
May 20 2020 07:,1589954400,0.051,1880
May 20 2020 08:,1589958000,0.049,1917
May 20 2020 09:,1589961600,0.048,1992
May 20 2020 10:,1589965200,0.049,3094
May 20 2020 11:,1589968800,0.048,3364
May 20 2020 12:,1589972400,0.049,3272
May 20 2020 13:,1589976000,0.05,2840
May 20 2020 14:,1589979600,0.05,2952
May 20 2020 15:,1589983200,0.051,4052
May 20 2020 16:,1589986800,0.051,3178
May 20 2020 17:,1589990400,0.048,2644
May 20 2020 18:,1589994000,0.048,3079
May 20 2020 19:,1589997600,0.048,3247
May 20 2020 20:,1590001200,0.048,3921
May 20 2020 21:,1590004800,0.048,3577
May 20 2020 22:,1590008400,0.046,2555
May 20 2020 23:,1590012000,0.045,1664
May 21 2020 00:,1590015600,0.048,2422
May 21 2020 01:,1590019200,0.048,2792
May 21 2020 02:,1590022800,0.049,2141
May 21 2020 03:,1590026400,0.049,1621
May 21 2020 04:,1590030000,0.05,2038
May 21 2020 05:,1590033600,0.051,2156
May 21 2020 06:,1590037200,0.051,2770
May 21 2020 07:,1590040800,0.051,1917
May 21 2020 08:,1590044400,0.051,1860
May 21 2020 09:,1590048000,0.051,2010
May 21 2020 10:,1590051600,0.051,1916
May 21 2020 11:,1590055200,0.051,3144
May 21 2020 12:,1590058800,0.051,3515
May 21 2020 13:,1590062400,0.051,2910
May 21 2020 14:,1590066000,0.049,2923
May 21 2020 15:,1590069600,0.051,3206
May 21 2020 16:,1590073200,0.051,4123
May 21 2020 17:,1590076800,0.049,2823
May 21 2020 18:,1590080400,0.051,3003
May 21 2020 19:,1590084000,0.047,2240
May 21 2020 20:,1590087600,0.048,3024
May 21 2020 21:,1590091200,0.051,2438
May 21 2020 22:,1590094800,0.048,2614
May 21 2020 23:,1590098400,0.047,1773
May 22 2020 00:,1590102000,0.048,1653
May 22 2020 01:,1590105600,0.048,1667
May 22 2020 02:,1590109200,0.05,1781
May 22 2020 03:,1590112800,0.058,1704
May 22 2020 04:,1590116400,0.051,1885
May 22 2020 05:,1590120000,0.052,1743
May 22 2020 06:,1590123600,0.052,1584
May 22 2020 07:,1590127200,0.051,1668
May 22 2020 08:,1590130800,0.048,2173
May 22 2020 09:,1590134400,0.059,3286
May 22 2020 10:,1590138000,0.051,3305
May 22 2020 11:,1590141600,0.05,2861
May 22 2020 12:,1590145200,0.051,3324
May 22 2020 13:,1590148800,0.051,3274
May 22 2020 14:,1590152400,0.049,3556
May 22 2020 15:,1590156000,0.051,3372
May 22 2020 16:,1590159600,0.052,4532
May 22 2020 17:,1590163200,0.052,3581
May 22 2020 18:,1590166800,0.051,2503
May 22 2020 19:,1590170400,0.048,2383
May 22 2020 20:,1590174000,0.051,2930
May 22 2020 21:,1590177600,0.049,2574
May 22 2020 22:,1590181200,0.048,2606
May 22 2020 23:,1590184800,0.05,2247
May 23 2020 00:,1590188400,0.057,2267
May 23 2020 01:,1590192000,0.057,2031
May 23 2020 02:,1590195600,0.051,1587
May 23 2020 03:,1590199200,0.052,2317
May 23 2020 04:,1590202800,0.052,1784
May 23 2020 05:,1590206400,0.052,1766
May 23 2020 06:,1590210000,0.052,2182
May 23 2020 07:,1590213600,0.051,1931
May 23 2020 08:,1590217200,0.052,2429
May 23 2020 09:,1590220800,0.051,2136
May 23 2020 10:,1590224400,0.052,2727
May 23 2020 11:,1590228000,0.052,3320
May 23 2020 12:,1590231600,0.052,3043
May 23 2020 13:,1590235200,0.052,3073
May 23 2020 14:,1590238800,0.052,3692
May 23 2020 15:,1590242400,0.052,4010
May 23 2020 16:,1590246000,0.051,2852
May 23 2020 17:,1590249600,0.051,3039
May 23 2020 18:,1590253200,0.051,3280
May 23 2020 19:,1590256800,0.051,3144
May 23 2020 20:,1590260400,0.052,2915
May 23 2020 21:,1590264000,0.051,2820
May 23 2020 22:,1590267600,0.049,3022
May 23 2020 23:,1590271200,0.048,1895
May 24 2020 00:,1590274800,0.049,2075
May 24 2020 01:,1590278400,0.049,2066
May 24 2020 02:,1590282000,0.049,1520
May 24 2020 03:,1590285600,0.049,1427
May 24 2020 04:,1590289200,0.051,1788
May 24 2020 05:,1590292800,0.051,1711
May 24 2020 06:,1590296400,0.051,1767
May 24 2020 07:,1590300000,0.051,2067
May 24 2020 08:,1590303600,0.052,2704
May 24 2020 09:,1590307200,0.052,2661
May 24 2020 10:,1590310800,0.052,2489
May 24 2020 11:,1590314400,0.051,2676
May 24 2020 12:,1590318000,0.051,2988
May 24 2020 13:,1590321600,0.066,4319
May 24 2020 14:,1590325200,0.066,4635
May 24 2020 15:,1590328800,0.052,4478
May 24 2020 16:,1590332400,0.052,3257
May 24 2020 17:,1590336000,0.065,4180
May 24 2020 18:,1590339600,0.066,3210
May 24 2020 19:,1590343200,0.066,3296
May 24 2020 20:,1590346800,0.049,2582
May 24 2020 21:,1590350400,0.049,3065
May 24 2020 22:,1590354000,0.049,2346
May 24 2020 23:,1590357600,0.049,2652
May 25 2020 00:,1590361200,0.049,1781
May 25 2020 01:,1590364800,0.049,1619
May 25 2020 02:,1590368400,0.049,1622
May 25 2020 03:,1590372000,0.048,1145
May 25 2020 04:,1590375600,0.048,1599
May 25 2020 05:,1590379200,0.057,2665
May 25 2020 06:,1590382800,0.049,2132
May 25 2020 07:,1590386400,0.05,1933
May 25 2020 08:,1590390000,0.052,2306
May 25 2020 09:,1590393600,0.049,2762
May 25 2020 10:,1590397200,0.049,2863
May 25 2020 11:,1590400800,0.048,4049
May 25 2020 12:,1590404400,0.048,3371
May 25 2020 13:,1590408000,0.047,3633
May 25 2020 14:,1590411600,0.048,3716
May 25 2020 15:,1590415200,0.047,3870
May 25 2020 16:,1590418800,0.047,3835
May 25 2020 17:,1590422400,0.048,4505
May 25 2020 18:,1590426000,0.045,2999
May 25 2020 19:,1590429600,0.046,3560
May 25 2020 20:,1590433200,0.046,2339
May 25 2020 21:,1590436800,0.046,338
May 25 2020 22:,1590440400,0.046,1405
May 25 2020 23:,1590444000,0.044,1687
May 26 2020 00:,1590447600,0.043,3362
May 26 2020 01:,1590451200,0.042,2394
May 26 2020 02:,1590454800,0.044,1863
May 26 2020 03:,1590458400,0.044,1352
May 26 2020 04:,1590462000,0.044,1476
May 26 2020 05:,1590465600,0.044,1800
May 26 2020 06:,1590469200,0.041,1369
May 26 2020 07:,1590472800,0.041,2049
May 26 2020 08:,1590476400,0.039,2870
May 26 2020 09:,1590480000,0.038,3135
May 26 2020 10:,1590483600,0.038,5598
May 26 2020 11:,1590487200,0.038,3099
May 26 2020 12:,1590490800,0.038,3160
May 26 2020 13:,1590494400,0.041,4551
May 26 2020 14:,1590498000,0.039,2299
May 26 2020 15:,1590501600,0.041,3150
May 26 2020 16:,1590505200,0.042,2602
May 26 2020 17:,1590508800,0.044,3058
May 26 2020 18:,1590512400,0.045,4206
May 26 2020 19:,1590516000,0.044,3209
May 26 2020 20:,1590519600,0.041,2261
May 26 2020 21:,1590523200,0.041,2209
May 26 2020 22:,1590526800,0.041,2179
May 26 2020 23:,1590530400,0.042,1713
May 27 2020 00:,1590534000,0.04,1200
May 27 2020 01:,1590537600,0.041,1292
May 27 2020 02:,1590541200,0.041,1010
May 27 2020 03:,1590544800,0.042,1975
May 27 2020 04:,1590548400,0.048,1382
May 27 2020 05:,1590552000,0.048,1728
May 27 2020 06:,1590555600,0.049,3013
May 27 2020 07:,1590559200,0.048,1932
May 27 2020 08:,1590562800,0.048,2291
May 27 2020 09:,1590566400,0.048,2297
May 27 2020 10:,1590570000,0.05,3597
May 27 2020 11:,1590573600,0.049,2572
May 27 2020 12:,1590577200,0.048,2577
May 27 2020 13:,1590580800,0.045,1981
May 27 2020 14:,1590584400,0.048,3236
May 27 2020 15:,1590588000,0.048,2759
May 27 2020 16:,1590591600,0.048,2833
May 27 2020 17:,1590595200,0.047,2961
May 27 2020 18:,1590598800,0.045,2404
May 27 2020 19:,1590602400,0.049,3539
May 27 2020 20:,1590606000,0.046,2371
May 27 2020 21:,1590609600,0.043,1785
May 27 2020 22:,1590613200,0.041,1817
May 27 2020 23:,1590616800,0.045,2436
May 28 2020 00:,1590620400,0.046,1438
May 28 2020 01:,1590624000,0.047,1577
May 28 2020 02:,1590627600,0.045,1292
May 28 2020 03:,1590631200,0.047,1552
May 28 2020 04:,1590634800,0.047,1155
May 28 2020 05:,1590638400,0.049,987
May 28 2020 06:,1590642000,0.047,1125
May 28 2020 07:,1590645600,0.047,1338
May 28 2020 08:,1590649200,0.047,1734
May 28 2020 09:,1590652800,0.047,1974
May 28 2020 10:,1590656400,0.045,1679
May 28 2020 11:,1590660000,0.045,2193
May 28 2020 12:,1590663600,0.047,2797
May 28 2020 13:,1590667200,0.045,2396
May 28 2020 14:,1590670800,0.045,2712
May 28 2020 15:,1590674400,0.043,2347
May 28 2020 16:,1590678000,0.043,2483
May 28 2020 17:,1590681600,0.043,2655
May 28 2020 18:,1590685200,0.045,3374
May 28 2020 19:,1590688800,0.042,2301
May 28 2020 20:,1590692400,0.042,2809
May 28 2020 21:,1590696000,0.042,2606
May 28 2020 22:,1590699600,0.041,2368
May 28 2020 23:,1590703200,0.04,1840
May 29 2020 00:,1590706800,0.041,1539
May 29 2020 01:,1590710400,0.042,1183
May 29 2020 02:,1590714000,0.042,1218
May 29 2020 03:,1590717600,0.043,1669
May 29 2020 04:,1590721200,0.043,1535
May 29 2020 05:,1590724800,0.048,1906
May 29 2020 06:,1590728400,0.048,2269
May 29 2020 07:,1590732000,0.048,2056
May 29 2020 08:,1590735600,0.048,2647
May 29 2020 09:,1590739200,0.048,2304
May 29 2020 10:,1590742800,0.047,2231
May 29 2020 11:,1590746400,0.049,3712
May 29 2020 12:,1590750000,0.048,2667
May 29 2020 13:,1590753600,0.046,2665
May 29 2020 14:,1590757200.0,0.044999999999999998,2608.0
May 29 2020 15:,1590760800.0,0.044999999999999998,2724.0
May 29 2020 16:,1590764400.0,0.049000000000000002,4633.0
May 29 2020 17:,1590768000.0,0.049000000000000002,3754.0
May 29 2020 18:,1590771600.0,0.050999999999999997,3562.0
May 29 2020 19:,1590775200.0,0.050000000000000003,2964.0
May 29 2020 20:,1590778800.0,0.042999999999999997,2246.0
May 29 2020 21:,1590782400.0,0.042999999999999997,2211.0
May 29 2020 22:,1590786000.0,0.048000000000000001,2115.0
May 29 2020 23:,1590789600.0,0.067000000000000004,4586.0
May 30 2020 00:,1590793200.0,0.067000000000000004,3520.0
May 30 2020 01:,1590796800.0,0.067000000000000004,3373.0
May 30 2020 02:,1590800400.0,0.065000000000000002,1937.0
May 30 2020 03:,1590804000.0,0.059999999999999998,1273.0
May 30 2020 04:,1590807600.0,0.051999999999999998,1544.0
May 30 2020 05:,1590811200.0,0.051999999999999998,1484.0
May 30 2020 06:,1590814800.0,0.051999999999999998,2169.0
May 30 2020 07:,1590818400.0,0.051999999999999998,1928.0
May 30 2020 08:,1590822000.0,0.051999999999999998,2309.0
May 30 2020 09:,1590825600.0,0.050000000000000003,1451.0
May 30 2020 10:,1590829200.0,0.049000000000000002,1761.0
May 30 2020 11:,1590832800.0,0.050999999999999997,2473.0
May 30 2020 12:,1590836400.0,0.049000000000000002,2108.0
May 30 2020 13:,1590840000.0,0.051999999999999998,3131.0
May 30 2020 14:,1590843600.0,0.051999999999999998,2330.0
May 30 2020 15:,1590847200.0,0.051999999999999998,3162.0
May 30 2020 16:,1590850800.0,0.051999999999999998,3203.0
May 30 2020 17:,1590854400.0,0.051999999999999998,3584.0
May 30 2020 18:,1590858000.0,0.049000000000000002,2566.0
May 30 2020 19:,1590861600.0,0.067000000000000004,2502.0
May 30 2020 20:,1590865200.0,0.050000000000000003,2532.0
May 30 2020 21:,1590868800.0,0.047,2001.0
May 30 2020 22:,1590872400.0,0.045999999999999999,1910.0
May 30 2020 23:,1590876000.0,0.044999999999999998,3046.0
May 31 2020 00:,1590879600.0,0.058000000000000003,2143.0
May 31 2020 01:,1590883200.0,0.048000000000000001,1472.0
May 31 2020 02:,1590886800.0,0.049000000000000002,1594.0
May 31 2020 03:,1590890400.0,0.050000000000000003,1969.0
May 31 2020 04:,1590894000.0,0.051999999999999998,1397.0
May 31 2020 05:,1590897600.0,0.051999999999999998,1585.0
May 31 2020 06:,1590901200.0,0.051999999999999998,4712.0
May 31 2020 07:,1590904800.0,0.051999999999999998,5038.0
May 31 2020 08:,1590908400.0,0.051999999999999998,2917.0
May 31 2020 09:,1590912000.0,0.052999999999999999,2712.0
May 31 2020 10:,1590915600.0,0.055,3310.0
May 31 2020 11:,1590919200.0,0.055,2509.0
May 31 2020 12:,1590922800.0,0.052999999999999999,2411.0
May 31 2020 13:,1590926400.0,0.052999999999999999,2986.0
May 31 2020 14:,1590930000.0,0.055,3589.0
May 31 2020 15:,1590933600.0,0.055,3156.0
May 31 2020 16:,1590937200.0,0.056000000000000001,3728.0
May 31 2020 17:,1590940800.0,0.055,2839.0
May 31 2020 18:,1590944400.0,0.059999999999999998,2541.0
May 31 2020 19:,1590948000.0,0.065000000000000002,2004.0
May 31 2020 20:,1590951600.0,0.050000000000000003,2734.0
May 31 2020 21:,1590955200.0,0.050000000000000003,2761.0
May 31 2020 22:,1590958800.0,0.051999999999999998,2140.0
May 31 2020 23:,1590962400.0,0.065000000000000002,2099.0
Jun 01 2020 00:,1590966000.0,0.065000000000000002,1709.0
Jun 01 2020 01:,1590969600.0,0.049000000000000002,1625.0
Jun 01 2020 02:,1590973200.0,0.052999999999999999,2201.0
Jun 01 2020 03:,1590976800.0,0.067000000000000004,1731.0
Jun 01 2020 04:,1590980400.0,0.056000000000000001,1881.0
Jun 01 2020 05:,1590984000.0,0.056000000000000001,2440.0
Jun 01 2020 06:,1590987600.0,0.056000000000000001,2496.0
Jun 01 2020 07:,1590991200.0,0.056000000000000001,2389.0
Jun 01 2020 08:,1590994800.0,0.057000000000000002,1977.0
Jun 01 2020 09:,1590998400.0,0.052999999999999999,1954.0
Jun 01 2020 10:,1591002000.0,0.056000000000000001,2322.0
Jun 01 2020 11:,1591005600.0,0.055,1969.0
Jun 01 2020 12:,1591009200.0,0.055,2658.0
Jun 01 2020 13:,1591012800.0,0.051999999999999998,2301.0
Jun 01 2020 14:,1591016400.0,0.052999999999999999,2605.0
Jun 01 2020 15:,1591020000.0,0.055,2829.0
Jun 01 2020 16:,1591023600.0,0.056000000000000001,2772.0
Jun 01 2020 17:,1591027200.0,0.056000000000000001,2716.0
Jun 01 2020 18:,1591030800.0,0.055,2986.0
Jun 01 2020 19:,1591034400.0,0.052999999999999999,2637.0
Jun 01 2020 20:,1591038000.0,0.051999999999999998,2816.0
Jun 01 2020 21:,1591041600.0,0.051999999999999998,2249.0
Jun 01 2020 22:,1591045200.0,0.050000000000000003,1876.0
Jun 01 2020 23:,1591048800.0,0.049000000000000002,1518.0
Jun 02 2020 00:,1591052400.0,0.049000000000000002,1360.0
Jun 02 2020 01:,1591056000.0,0.049000000000000002,1341.0
Jun 02 2020 02:,1591059600.0,0.049000000000000002,1085.0
Jun 02 2020 03:,1591063200.0,0.051999999999999998,1389.0
Jun 02 2020 04:,1591066800.0,0.055,1449.0
Jun 02 2020 05:,1591070400.0,0.052999999999999999,1074.0
Jun 02 2020 06:,1591074000.0,0.055,1298.0
Jun 02 2020 07:,1591077600.0,0.052999999999999999,1293.0
Jun 02 2020 08:,1591081200.0,0.052999999999999999,1444.0
Jun 02 2020 09:,1591084800.0,0.055,1974.0
Jun 02 2020 10:,1591088400.0,0.052999999999999999,2247.0
Jun 02 2020 11:,1591092000.0,0.052999999999999999,2046.0
Jun 02 2020 12:,1591095600.0,0.051999999999999998,2311.0
Jun 02 2020 13:,1591099200.0,0.053999999999999999,2847.0
Jun 02 2020 14:,1591102800.0,0.055,3466.0
Jun 02 2020 15:,1591106400.0,0.052999999999999999,2586.0
Jun 02 2020 16:,1591110000.0,0.055,2912.0
Jun 02 2020 17:,1591113600.0,0.052999999999999999,2964.0
Jun 02 2020 18:,1591117200.0,0.058000000000000003,4888.0
Jun 02 2020 19:,1591120800.0,0.078,4552.0
Jun 02 2020 20:,1591124400.0,0.078,3882.0
Jun 02 2020 21:,1591128000.0,0.052999999999999999,3048.0
Jun 02 2020 22:,1591131600.0,0.050000000000000003,2055.0
Jun 02 2020 23:,1591135200.0,0.050999999999999997,1589.0
Jun 03 2020 00:,1591138800.0,0.050000000000000003,809.0
Jun 03 2020 01:,1591142400.0,0.055,2458.0
Jun 03 2020 02:,1591146000.0,0.056000000000000001,1565.0
Jun 03 2020 03:,1591149600.0,0.056000000000000001,1500.0
Jun 03 2020 04:,1591153200.0,0.056000000000000001,1668.0
Jun 03 2020 05:,1591156800.0,0.056000000000000001,1795.0
Jun 03 2020 06:,1591160400.0,0.056000000000000001,1550.0
Jun 03 2020 07:,1591164000.0,0.056000000000000001,1759.0
Jun 03 2020 08:,1591167600.0,0.056000000000000001,2089.0
Jun 03 2020 09:,1591171200.0,0.056000000000000001,3160.0
Jun 03 2020 10:,1591174800.0,0.057000000000000002,3612.0
Jun 03 2020 11:,1591178400.0,0.057000000000000002,3257.0
Jun 03 2020 12:,1591182000.0,0.055,2068.0
Jun 03 2020 13:,1591185600.0,0.055,2259.0
Jun 03 2020 14:,1591189200.0,0.056000000000000001,2982.0
Jun 03 2020 15:,1591192800.0,0.055,3643.0
Jun 03 2020 16:,1591196400.0,0.055,2566.0
Jun 03 2020 17:,1591200000.0,0.056000000000000001,3635.0
Jun 03 2020 18:,1591203600.0,0.056000000000000001,3328.0
Jun 03 2020 19:,1591207200.0,0.051999999999999998,2153.0
Jun 03 2020 20:,1591210800.0,0.051999999999999998,2137.0
Jun 03 2020 21:,1591214400.0,0.050999999999999997,2203.0
Jun 03 2020 22:,1591218000.0,0.050999999999999997,2297.0
Jun 03 2020 23:,1591221600.0,0.050999999999999997,2003.0
Jun 04 2020 00:,1591225200.0,0.050999999999999997,1357.0
Jun 04 2020 01:,1591228800.0,0.052999999999999999,1025.0
Jun 04 2020 02:,1591232400.0,0.051999999999999998,1430.0
Jun 04 2020 03:,1591236000.0,0.053999999999999999,1260.0
Jun 04 2020 04:,1591239600.0,0.056000000000000001,1718.0
Jun 04 2020 05:,1591243200.0,0.056000000000000001,1636.0
Jun 04 2020 06:,1591246800.0,0.056000000000000001,934.0
Jun 04 2020 07:,1591250400.0,0.056000000000000001,1776.0
Jun 04 2020 08:,1591254000.0,0.056000000000000001,2205.0
Jun 04 2020 09:,1591257600.0,0.055,2188.0
Jun 04 2020 10:,1591261200.0,0.055,2696.0
Jun 04 2020 11:,1591264800.0,0.052999999999999999,1986.0
Jun 04 2020 12:,1591268400.0,0.052999999999999999,2404.0
Jun 04 2020 13:,1591272000.0,0.052999999999999999,2816.0
Jun 04 2020 14:,1591275600.0,0.051999999999999998,3286.0
Jun 04 2020 15:,1591279200.0,0.052999999999999999,3283.0
Jun 04 2020 16:,1591282800.0,0.056000000000000001,5251.0
Jun 04 2020 17:,1591286400.0,0.062,5488.0
Jun 04 2020 18:,1591290000.0,0.051999999999999998,2465.0
Jun 04 2020 19:,1591293600.0,0.050000000000000003,2102.0
Jun 04 2020 20:,1591297200.0,0.051999999999999998,3354.0
Jun 04 2020 21:,1591300800.0,0.052999999999999999,2607.0
Jun 04 2020 22:,1591304400.0,0.066000000000000003,1855.0
Jun 04 2020 23:,1591308000.0,0.051999999999999998,1597.0
Jun 05 2020 00:,1591311600.0,0.051999999999999998,1526.0
Jun 05 2020 01:,1591315200.0,0.051999999999999998,1448.0
Jun 05 2020 02:,1591318800.0,0.052999999999999999,1571.0
Jun 05 2020 03:,1591322400.0,0.052999999999999999,1234.0
Jun 05 2020 04:,1591326000.0,0.052999999999999999,1631.0
Jun 05 2020 05:,1591329600.0,0.055,1918.0
Jun 05 2020 06:,1591333200.0,0.064000000000000001,3308.0
Jun 05 2020 07:,1591336800.0,0.056000000000000001,1627.0
Jun 05 2020 08:,1591340400.0,0.056000000000000001,1786.0
Jun 05 2020 09:,1591344000.0,0.056000000000000001,2144.0
Jun 05 2020 10:,1591347600.0,0.055,2670.0
Jun 05 2020 11:,1591351200.0,0.056000000000000001,3968.0
Jun 05 2020 12:,1591354800.0,0.056000000000000001,3909.0
Jun 05 2020 13:,1591358400.0,0.062,4145.0
Jun 05 2020 14:,1591362000.0,0.070000000000000007,4229.0
Jun 05 2020 15:,1591365600.0,0.058000000000000003,3272.0
Jun 05 2020 16:,1591369200.0,0.058000000000000003,4263.0
Jun 05 2020 17:,1591372800.0,0.058000000000000003,2907.0
Jun 05 2020 18:,1591376400.0,0.058000000000000003,4099.0
Jun 05 2020 19:,1591380000.0,0.056000000000000001,2796.0
Jun 05 2020 20:,1591383600.0,0.058000000000000003,3161.0
Jun 05 2020 21:,1591387200.0,0.052999999999999999,1844.0
Jun 05 2020 22:,1591390800.0,0.052999999999999999,1719.0
Jun 05 2020 23:,1591394400.0,0.051999999999999998,2045.0
Jun 06 2020 00:,1591398000.0,0.053999999999999999,1639.0
Jun 06 2020 01:,1591401600.0,0.056000000000000001,1849.0
Jun 06 2020 02:,1591405200.0,0.056000000000000001,1380.0
Jun 06 2020 03:,1591408800.0,0.056000000000000001,1762.0
Jun 06 2020 04:,1591412400.0,0.058000000000000003,2932.0
Jun 06 2020 05:,1591416000.0,0.058000000000000003,2522.0
Jun 06 2020 06:,1591419600.0,0.058000000000000003,2919.0
Jun 06 2020 07:,1591423200.0,0.058000000000000003,3275.0
Jun 06 2020 08:,1591426800.0,0.058000000000000003,2168.0
Jun 06 2020 09:,1591430400.0,0.057000000000000002,1677.0
Jun 06 2020 10:,1591434000.0,0.058000000000000003,2936.0
Jun 06 2020 11:,1591437600.0,0.056000000000000001,2406.0
Jun 06 2020 12:,1591441200.0,0.058000000000000003,3217.0
Jun 06 2020 13:,1591444800.0,0.058000000000000003,4213.0
Jun 06 2020 14:,1591448400.0,0.058000000000000003,4502.0
Jun 06 2020 15:,1591452000.0,0.058000000000000003,4672.0
Jun 06 2020 16:,1591455600.0,0.058999999999999997,5270.0
Jun 06 2020 17:,1591459200.0,0.058000000000000003,4185.0
Jun 06 2020 18:,1591462800.0,0.067000000000000004,4217.0
Jun 06 2020 19:,1591466400.0,0.060999999999999999,3413.0
Jun 06 2020 20:,1591470000.0,0.058999999999999997,2871.0
Jun 06 2020 21:,1591473600.0,0.058000000000000003,2706.0
Jun 06 2020 22:,1591477200.0,0.067000000000000004,4079.0
Jun 06 2020 23:,1591480800.0,0.073999999999999996,3228.0
Jun 07 2020 00:,1591484400.0,0.079000000000000001,2619.0
Jun 07 2020 01:,1591488000.0,0.058000000000000003,1930.0
Jun 07 2020 02:,1591491600.0,0.058999999999999997,2310.0
Jun 07 2020 03:,1591495200.0,0.065000000000000002,1618.0
Jun 07 2020 04:,1591498800.0,0.065000000000000002,1545.0
Jun 07 2020 05:,1591502400.0,0.065000000000000002,2084.0
Jun 07 2020 06:,1591506000.0,0.065000000000000002,1833.0
Jun 07 2020 07:,1591509600.0,0.066000000000000003,2014.0
Jun 07 2020 08:,1591513200.0,0.065000000000000002,1775.0
Jun 07 2020 09:,1591516800.0,0.065000000000000002,2470.0
Jun 07 2020 10:,1591520400.0,0.064000000000000001,2902.0
Jun 07 2020 11:,1591524000.0,0.065000000000000002,2717.0
Jun 07 2020 12:,1591527600.0,0.062,2953.0
Jun 07 2020 13:,1591531200.0,0.066000000000000003,3513.0
Jun 07 2020 14:,1591534800.0,0.066000000000000003,2997.0
Jun 07 2020 15:,1591538400.0,0.066000000000000003,2830.0
Jun 07 2020 16:,1591542000.0,0.068000000000000005,3413.0
Jun 07 2020 17:,1591545600.0,0.067000000000000004,3323.0
Jun 07 2020 18:,1591549200.0,0.066000000000000003,2708.0
Jun 07 2020 19:,1591552800.0,0.066000000000000003,2461.0
Jun 07 2020 20:,1591556400.0,0.065000000000000002,2601.0
Jun 07 2020 21:,1591560000.0,0.066000000000000003,2799.0
Jun 07 2020 22:,1591563600.0,0.073999999999999996,1948.0
Jun 07 2020 23:,1591567200.0,0.067000000000000004,2605.0
Jun 08 2020 00:,1591570800.0,0.073999999999999996,1355.0
Jun 08 2020 01:,1591574400.0,0.079000000000000001,1537.0
Jun 08 2020 02:,1591578000.0,0.079000000000000001,1066.0
Jun 08 2020 03:,1591581600.0,0.068000000000000005,1382.0
Jun 08 2020 04:,1591585200.0,0.066000000000000003,1604.0
Jun 08 2020 05:,1591588800.0,0.073999999999999996,1501.0
Jun 08 2020 06:,1591592400.0,0.066000000000000003,1274.0
Jun 08 2020 07:,1591596000.0,0.066000000000000003,1178.0
Jun 08 2020 08:,1591599600.0,0.066000000000000003,2184.0
Jun 08 2020 09:,1591603200.0,0.066000000000000003,2001.0
Jun 08 2020 10:,1591606800.0,0.065000000000000002,2089.0
Jun 08 2020 11:,1591610400.0,0.065000000000000002,2251.0
Jun 08 2020 12:,1591614000.0,0.062,2059.0
Jun 08 2020 13:,1591617600.0,0.060999999999999999,2247.0
