Jun 16 2016 01:,1466035200,10.789,65943
Jun 17 2016 01:,1466121600,7.049,58459
Jun 18 2016 01:,1466208000,5.918,58243
Jun 19 2016 01:,1466294400,5.097,57399
Jun 20 2016 01:,1466380800,4.557,53421
Jun 21 2016 01:,1466467200,4.128,53467
Jun 22 2016 01:,1466553600,4.022,51857
Jun 23 2016 01:,1466640000,3.722,53129
Jun 24 2016 01:,1466726400,3.678,52885
Jun 25 2016 01:,1466812800,3.275,52604
Jun 26 2016 01:,1466899200,3.068,56617
Jun 27 2016 01:,1466985600,2.804,56502
Jun 28 2016 01:,1467072000,2.627,54704
Jun 29 2016 01:,1467158400,2.553,50779
Jun 30 2016 01:,1467244800,2.639,53725
Jul 01 2016 01:,1467331200,2.791,53349
Jul 02 2016 01:,1467417600,2.741,51120
Jul 03 2016 01:,1467504000,2.479,51504
Jul 04 2016 01:,1467590400,2.177,59948
Jul 05 2016 01:,1467676800,2.157,53330
Jul 06 2016 01:,1467763200,2.196,53838
Jul 07 2016 01:,1467849600,2.108,53974
Jul 08 2016 01:,1467936000,2.168,55728
Jul 09 2016 01:,1468022400,2.119,52290
Jul 10 2016 01:,1468108800,1.892,54374
Jul 11 2016 01:,1468195200,1.717,54689
Jul 12 2016 01:,1468281600,1.739,59329
Jul 13 2016 01:,1468368000,1.862,48760
Jul 14 2016 01:,1468454400,1.683,54101
Jul 15 2016 01:,1468540800,1.708,55013
Jul 16 2016 01:,1468627200,1.748,51733
Jul 17 2016 01:,1468713600,1.62,49939
Jul 18 2016 01:,1468800000,1.422,54291
Jul 19 2016 01:,1468886400,1.339,52355
Jul 20 2016 01:,1468972800,1.298,49635
Jul 21 2016 01:,1469059200,1.222,49044
Jul 22 2016 01:,1469145600,1.265,51658
Jul 23 2016 01:,1469232000,1.305,49442
Jul 24 2016 01:,1469318400,1.235,49250
Jul 25 2016 01:,1469404800,1.208,53922
Jul 26 2016 01:,1469491200,1.175,50929
Jul 27 2016 01:,1469577600,1.125,52653
Jul 28 2016 01:,1469664000,1.145,53691
Jul 29 2016 01:,1469750400,1.238,56897
Jul 30 2016 01:,1469836800,1.288,52525
Jul 31 2016 01:,1469923200,1.244,51460
Aug 01 2016 01:,1470009600,1.146,50911
Aug 02 2016 01:,1470096000,1.092,52685
Aug 03 2016 01:,1470182400,1.036,49999
Aug 04 2016 01:,1470268800,1.031,52968
Aug 05 2016 01:,1470355200,1.072,52219
Aug 06 2016 01:,1470441600,1.058,49503
Aug 07 2016 01:,1470528000,0.984,48563
Aug 08 2016 01:,1470614400,0.909,50933
Aug 09 2016 01:,1470700800,0.868,50009
Aug 10 2016 01:,1470787200,0.86,50326
Aug 11 2016 01:,1470873600,0.874,50832
Aug 12 2016 01:,1470960000,0.918,54112
Aug 13 2016 01:,1471046400,0.921,48735
Aug 14 2016 01:,1471132800,0.87,48079
Aug 15 2016 01:,1471219200,0.806,49814
Aug 16 2016 01:,1471305600,0.759,51024
Aug 17 2016 01:,1471392000,0.74,49674
Aug 18 2016 01:,1471478400,0.735,50902
Aug 19 2016 01:,1471564800,0.623,67274
Aug 20 2016 01:,1471651200,0.553,57648
Aug 21 2016 01:,1471737600,0.481,55045
Aug 22 2016 01:,1471824000,0.436,57046
Aug 23 2016 01:,1471910400,0.417,52440
Aug 24 2016 01:,1471996800,0.397,50957
Aug 25 2016 01:,1472083200,0.414,57447
Aug 26 2016 01:,1472169600,0.464,55447
Aug 27 2016 01:,1472256000,0.47,51387
Aug 28 2016 01:,1472342400,0.398,51757
Aug 29 2016 01:,1472428800,0.367,48390
Aug 30 2016 01:,1472515200,0.3,44648
Aug 31 2016 01:,1472601600,0.264,49259
Sep 01 2016 01:,1472688000,0.304,47971
Sep 02 2016 01:,1472774400,0.351,46471
Sep 03 2016 01:,1472860800,0.332,48516
Sep 04 2016 01:,1472947200,0.251,45160
Sep 05 2016 01:,1473033600,0.272,47431
Sep 06 2016 01:,1473120000,0.28,40166
Sep 07 2016 01:,1473206400,0.273,39989
Sep 08 2016 01:,1473292800,0.254,43154
Sep 09 2016 01:,1473379200,0.278,52915
Sep 10 2016 01:,1473465600,0.248,54372
Sep 11 2016 01:,1473552000,0.2,47622
Sep 12 2016 01:,1473638400,0.195,44331
Sep 13 2016 01:,1473724800,0.199,38469
Sep 14 2016 01:,1473811200,0.203,36260
Sep 15 2016 01:,1473897600,0.211,46025
Sep 16 2016 01:,1473984000,0.215,48828
Sep 17 2016 01:,1474070400,0.173,50010
Sep 18 2016 01:,1474156800,0.138,44609
Sep 19 2016 01:,1474243200,0.132,35206
Sep 20 2016 01:,1474329600,0.135,36056
Sep 21 2016 01:,1474416000,0.149,38378
Sep 22 2016 01:,1474502400,0.15,36104
Sep 23 2016 01:,1474588800,0.157,45264
Sep 24 2016 01:,1474675200,0.136,44526
Sep 25 2016 01:,1474761600,0.112,42363
Sep 26 2016 01:,1474848000,0.119,36288
Sep 27 2016 01:,1474934400,0.117,33043
Sep 28 2016 01:,1475020800,0.114,34585
Sep 29 2016 01:,1475107200,0.111,34627
Sep 30 2016 01:,1475193600,0.113,40607
Oct 01 2016 01:,1475280000,0.098,42729
Oct 02 2016 01:,1475366400,0.097,43909
Oct 03 2016 01:,1475452800,0.102,35735
Oct 04 2016 01:,1475539200,0.106,35712
Oct 05 2016 01:,1475625600,0.104,35266
Oct 06 2016 01:,1475712000,0.1,34002
Oct 07 2016 01:,1475798400,0.094,44006
Oct 08 2016 01:,1475884800,0.076,41783
Oct 09 2016 01:,1475971200,0.06,37723
Oct 10 2016 01:,1476057600,0.057,33835
Oct 11 2016 01:,1476144000,0.06,31572
Oct 12 2016 01:,1476230400,0.064,33101
Oct 13 2016 01:,1476316800,0.063,31443
Oct 14 2016 01:,1476403200,0.06,41121
Oct 15 2016 01:,1476489600,0.054,42502
Oct 16 2016 01:,1476576000,0.045,38618
Oct 17 2016 01:,1476662400,0.051,31563
Oct 18 2016 01:,1476748800,0.053,32452
Oct 19 2016 01:,1476835200,0.052,36564
Oct 20 2016 01:,1476921600,0.049,35290
Oct 21 2016 01:,1477008000,0.048,43502
Oct 22 2016 01:,1477094400,0.047,38081
Oct 23 2016 01:,1477180800,0.04,39843
Oct 24 2016 01:,1477267200,0.036,32493
Oct 25 2016 01:,1477353600,0.042,30841
Oct 26 2016 01:,1477440000,0.037,34844
Oct 27 2016 01:,1477526400,0.037,37663
Oct 28 2016 01:,1477612800,0.038,40551
Oct 29 2016 01:,1477699200,0.035,39313
Oct 30 2016 01:,1477789200,0.034,31097
Oct 31 2016 01:,1477875600,0.036,31403
Nov 01 2016 01:,1477962000,0.035,32575
Nov 02 2016 01:,1478048400,0.035,29330
Nov 03 2016 01:,1478134800,0.036,26004
Nov 04 2016 01:,1478221200,0.036,34332
Nov 05 2016 01:,1478307600,0.033,46683
Nov 06 2016 01:,1478394000,0.032,39013
Nov 07 2016 01:,1478480400,0.034,37237
Nov 08 2016 01:,1478566800,0.037,31948
Nov 09 2016 01:,1478653200,0.033,32613
Nov 10 2016 01:,1478739600,0.032,30664
Nov 11 2016 01:,1478826000,0.034,44965
Nov 12 2016 01:,1478912400,0.034,42072
Nov 13 2016 01:,1478998800,0.032,45435
Nov 14 2016 01:,1479085200,0.032,40760
Nov 15 2016 01:,1479171600,0.032,37748
Nov 16 2016 01:,1479258000,0.03,30215
Nov 17 2016 01:,1479344400,0.032,46251
Nov 18 2016 01:,1479430800,0.037,43963
Nov 19 2016 01:,1479517200,0.034,39866
Nov 20 2016 01:,1479603600,0.031,44059
Nov 21 2016 01:,1479690000,0.03,29699
Nov 22 2016 01:,1479776400,0.031,33688
Nov 23 2016 01:,1479862800,0.03,33089
Nov 24 2016 01:,1479949200,0.03,32959
Nov 25 2016 01:,1480035600,0.03,33952
Nov 26 2016 01:,1480122000,0.03,42426
Nov 27 2016 01:,1480208400,0.03,36838
Nov 28 2016 01:,1480294800,0.03,25162
Nov 29 2016 01:,1480381200,0.03,42276
Nov 30 2016 01:,1480467600,0.03,30522
Dec 01 2016 01:,1480554000,0.03,28923
Dec 02 2016 01:,1480640400,0.03,28402
Dec 03 2016 01:,1480726800,0.03,37146
Dec 04 2016 01:,1480813200,0.03,36125
Dec 05 2016 01:,1480899600,0.03,28727
Dec 06 2016 01:,1480986000,0.03,28074
Dec 07 2016 01:,1481072400,0.03,25807
Dec 08 2016 01:,1481158800,0.03,34991
Dec 09 2016 01:,1481245200,0.03,34830
Dec 10 2016 01:,1481331600,0.03,30806
Dec 11 2016 01:,1481418000,0.03,28411
Dec 12 2016 01:,1481504400,0.03,32587
Dec 13 2016 01:,1481590800,0.03,28408
Dec 14 2016 01:,1481677200,0.03,28426
Dec 15 2016 01:,1481763600,0.03,27716
Dec 16 2016 01:,1481850000,0.03,29490
Dec 17 2016 01:,1481936400,0.03,44358
Dec 18 2016 01:,1482022800,0.03,36406
Dec 19 2016 01:,1482109200,0.03,30478
Dec 20 2016 01:,1482195600,0.03,23643
Dec 21 2016 01:,1482282000,0.03,23453
Dec 22 2016 01:,1482368400,0.03,41526
Dec 23 2016 01:,1482454800,0.03,36655
Dec 24 2016 01:,1482541200,0.03,38658
Dec 25 2016 01:,1482627600,0.03,47326
Dec 26 2016 01:,1482714000,0.03,44163
Dec 27 2016 01:,1482800400,0.03,34302
Dec 28 2016 01:,1482886800,0.03,34144
Dec 29 2016 01:,1482973200,0.03,39178
Dec 30 2016 01:,1483059600,0.03,37359
Dec 31 2016 01:,1483146000,0.03,37754
Jan 01 2017 01:,1483232400,0.03,33915
Jan 02 2017 01:,1483318800,0.03,36295
Jan 03 2017 01:,1483405200,0.03,30271
Jan 04 2017 01:,1483491600,0.03,28415
Jan 05 2017 01:,1483578000,0.03,30397
Jan 06 2017 01:,1483664400,0.03,34509
Jan 07 2017 01:,1483750800,0.03,33006
Jan 08 2017 01:,1483837200,0.03,45670
Jan 09 2017 01:,1483923600,0.03,35660
Jan 10 2017 01:,1484010000,0.03,31680
Jan 11 2017 01:,1484096400,0.03,34257
Jan 12 2017 01:,1484182800,0.03,32381
Jan 13 2017 01:,1484269200,0.03,40597
Jan 14 2017 01:,1484355600,0.03,36799
Jan 15 2017 01:,1484442000,0.03,36459
Jan 16 2017 01:,1484528400,0.03,35634
Jan 17 2017 01:,1484614800,0.03,35736
Jan 18 2017 01:,1484701200,0.03,35545
Jan 19 2017 01:,1484787600,0.03,30742
Jan 20 2017 01:,1484874000,0.03,33534
Jan 21 2017 01:,1484960400,0.03,32959
Jan 22 2017 01:,1485046800,0.03,33436
Jan 23 2017 01:,1485133200,0.03,31636
Jan 24 2017 01:,1485219600,0.03,30349
Jan 25 2017 01:,1485306000,0.03,31322
Jan 26 2017 01:,1485392400,0.03,34962
Jan 27 2017 01:,1485478800,0.03,40003
Jan 28 2017 01:,1485565200,0.03,41407
Jan 29 2017 01:,1485651600,0.03,42410
Jan 30 2017 01:,1485738000,0.03,40423
Jan 31 2017 01:,1485824400,0.03,41977
Feb 01 2017 01:,1485910800,0.03,36247
Feb 02 2017 01:,1485997200,0.03,33462
Feb 03 2017 01:,1486083600,0.03,39382
Feb 04 2017 01:,1486170000,0.03,39827
Feb 05 2017 01:,1486256400,0.03,39101
Feb 06 2017 01:,1486342800,0.03,36750
Feb 07 2017 01:,1486429200,0.03,37685
Feb 08 2017 01:,1486515600,0.03,31498
Feb 09 2017 01:,1486602000,0.03,30650
Feb 10 2017 01:,1486688400,0.03,36583
Feb 11 2017 01:,1486774800,0.03,44848
Feb 12 2017 01:,1486861200,0.03,40123
Feb 13 2017 01:,1486947600,0.03,35312
Feb 14 2017 01:,1487034000,0.03,31733
Feb 15 2017 01:,1487120400,0.03,32361
Feb 16 2017 01:,1487206800,0.03,31194
Feb 17 2017 01:,1487293200,0.03,34588
Feb 18 2017 01:,1487379600,0.03,40482
Feb 19 2017 01:,1487466000,0.03,36892
Feb 20 2017 01:,1487552400,0.03,31492
Feb 21 2017 01:,1487638800,0.03,29053
Feb 22 2017 01:,1487725200,0.03,32910
Feb 23 2017 01:,1487811600,0.03,36943
Feb 24 2017 01:,1487898000,0.03,41540
Feb 25 2017 01:,1487984400,0.03,45854
Feb 26 2017 01:,1488070800,0.03,39492
Feb 27 2017 01:,1488157200,0.03,34799
Feb 28 2017 01:,1488243600,0.03,35491
Mar 01 2017 01:,1488330000,0.03,34253
Mar 02 2017 01:,1488416400,0.03,37275
Mar 03 2017 01:,1488502800,0.03,37972
Mar 04 2017 01:,1488589200,0.03,42606
Mar 05 2017 01:,1488675600,0.03,39966
Mar 06 2017 01:,1488762000,0.03,35044
Mar 07 2017 01:,1488848400,0.03,30928
Mar 08 2017 01:,1488934800,0.03,33784
Mar 09 2017 01:,1489021200,0.03,30663
Mar 10 2017 01:,1489107600,0.03,36398
Mar 11 2017 01:,1489194000,0.03,45212
Mar 12 2017 01:,1489280400,0.03,41551
Mar 13 2017 01:,1489366800,0.03,36741
Mar 14 2017 01:,1489453200,0.03,31389
Mar 15 2017 01:,1489539600,0.03,32693
Mar 16 2017 01:,1489626000,0.03,44530
Mar 17 2017 01:,1489712400,0.03,46328
Mar 18 2017 01:,1489798800,0.03,48040
Mar 19 2017 01:,1489885200,0.03,54817
Mar 20 2017 01:,1489971600,0.03,43950
Mar 21 2017 01:,1490058000,0.03,38140
Mar 22 2017 01:,1490144400,0.03,37718
Mar 23 2017 01:,1490230800,0.03,38751
Mar 24 2017 01:,1490317200,0.03,41911
Mar 25 2017 01:,1490403600,0.03,45758
Mar 26 2017 01:,1490486400,0.03,43231
Mar 27 2017 01:,1490572800,0.03,40606
Mar 28 2017 01:,1490659200,0.03,38555
Mar 29 2017 01:,1490745600,0.03,34647
Mar 30 2017 01:,1490832000,0.03,43634
Mar 31 2017 01:,1490918400,0.03,39683
Apr 01 2017 01:,1491004800,0.03,40633
Apr 02 2017 01:,1491091200,0.03,37913
Apr 03 2017 01:,1491177600,0.03,33771
Apr 04 2017 01:,1491264000,0.03,31810
Apr 05 2017 01:,1491350400,0.03,32135
Apr 06 2017 01:,1491436800,0.03,32987
Apr 07 2017 01:,1491523200,0.03,35726
Apr 08 2017 01:,1491609600,0.03,37630
Apr 09 2017 01:,1491696000,0.03,38331
Apr 10 2017 01:,1491782400,0.03,33794
Apr 11 2017 01:,1491868800,0.03,35228
Apr 12 2017 01:,1491955200,0.03,31660
Apr 13 2017 01:,1492041600,0.03,34255
Apr 14 2017 01:,1492128000,0.03,38896
Apr 15 2017 01:,1492214400,0.03,38902
Apr 16 2017 01:,1492300800,0.03,41575
Apr 17 2017 01:,1492387200,0.03,38042
Apr 18 2017 01:,1492473600,0.03,32156
Apr 19 2017 01:,1492560000,0.03,29295
Apr 20 2017 01:,1492646400,0.03,34317
Apr 21 2017 01:,1492732800,0.03,37301
Apr 22 2017 01:,1492819200,0.03,38387
Apr 23 2017 01:,1492905600,0.03,36877
Apr 24 2017 01:,1492992000,0.03,36129
Apr 25 2017 01:,1493078400,0.03,34308
Apr 26 2017 01:,1493164800,0.03,34947
Apr 27 2017 01:,1493251200,0.03,31010
Apr 28 2017 01:,1493337600,0.03,37674
Apr 29 2017 01:,1493424000,0.03,39130
Apr 30 2017 01:,1493510400,0.03,38227
May 01 2017 01:,1493596800,0.03,34875
May 02 2017 01:,1493683200,0.03,32554
May 03 2017 01:,1493769600,0.03,30885
May 04 2017 01:,1493856000,0.03,31104
May 05 2017 01:,1493942400,0.03,31436
May 06 2017 01:,1494028800,0.03,40252
May 07 2017 01:,1494115200,0.03,39661
May 08 2017 01:,1494201600,0.03,34338
May 09 2017 01:,1494288000,0.03,33754
May 10 2017 01:,1494374400,0.03,29074
May 11 2017 01:,1494460800,0.03,27520
May 12 2017 01:,1494547200,0.03,41117
May 13 2017 01:,1494633600,0.03,37389
May 14 2017 01:,1494720000,0.03,35493
May 15 2017 01:,1494806400,0.03,31006
May 16 2017 01:,1494892800,0.03,29005
May 17 2017 01:,1494979200,0.03,31704
May 18 2017 01:,1495065600,0.03,33111
May 19 2017 01:,1495152000,0.03,35066
May 20 2017 01:,1495238400,0.03,31961
May 21 2017 01:,1495324800,0.03,38579
May 22 2017 01:,1495411200,0.03,32765
May 23 2017 01:,1495497600,0.03,29001
May 24 2017 01:,1495584000,0.03,36506
May 25 2017 01:,1495670400,0.03,35727
May 26 2017 01:,1495756800,0.03,34736
May 27 2017 01:,1495843200,0.03,38171
May 28 2017 01:,1495929600,0.03,37775
May 29 2017 01:,1496016000,0.03,38010
May 30 2017 01:,1496102400,0.03,34606
May 31 2017 01:,1496188800,0.03,35412
Jun 01 2017 01:,1496275200,0.03,34688
Jun 02 2017 01:,1496361600,0.03,37755
Jun 03 2017 01:,1496448000,0.03,41219
Jun 04 2017 01:,1496534400,0.03,50364
Jun 05 2017 01:,1496620800,0.03,35680
Jun 06 2017 01:,1496707200,0.03,38151
Jun 07 2017 01:,1496793600,0.03,33607
Jun 08 2017 01:,1496880000,0.03,33300
Jun 09 2017 01:,1496966400,0.03,34388
Jun 10 2017 01:,1497052800,0.03,35819
Jun 11 2017 01:,1497139200,0.03,33410
Jun 12 2017 01:,1497225600,0.03,32701
Jun 13 2017 01:,1497312000,0.03,31383
Jun 14 2017 01:,1497398400,0.03,31653
Jun 15 2017 01:,1497484800,0.03,28009
Jun 16 2017 01:,1497571200,0.03,35847
Jun 17 2017 01:,1497657600,0.03,30730
Jun 18 2017 01:,1497744000,0.03,32711
Jun 19 2017 01:,1497830400,0.03,28932
Jun 20 2017 01:,1497916800,0.03,29527
Jun 21 2017 01:,1498003200,0.03,32190
Jun 22 2017 01:,1498089600,0.03,32629
Jun 23 2017 01:,1498176000,0.03,35794
Jun 24 2017 01:,1498262400,0.03,34221
Jun 25 2017 01:,1498348800,0.03,35274
Jun 26 2017 01:,1498435200,0.03,36947
Jun 27 2017 01:,1498521600,0.03,32774
Jun 28 2017 01:,1498608000,0.03,32749
Jun 29 2017 01:,1498694400,0.03,30712
Jun 30 2017 01:,1498780800,0.03,36479
Jul 01 2017 01:,1498867200,0.03,32805
Jul 02 2017 01:,1498953600,0.03,41379
Jul 03 2017 01:,1499040000,0.03,34759
Jul 04 2017 01:,1499126400,0.03,34701
Jul 05 2017 01:,1499212800,0.03,31579
Jul 06 2017 01:,1499299200,0.03,34263
Jul 07 2017 01:,1499385600,0.03,34064
Jul 08 2017 01:,1499472000,0.03,36371
Jul 09 2017 01:,1499558400,0.03,36485
Jul 10 2017 01:,1499644800,0.03,37287
Jul 11 2017 01:,1499731200,0.03,40299
Jul 12 2017 01:,1499817600,0.03,43109
Jul 13 2017 01:,1499904000,0.03,35211
Jul 14 2017 01:,1499990400,0.03,47219
Jul 15 2017 01:,1500076800,0.03,35244
Jul 16 2017 01:,1500163200,0.03,37152
Jul 17 2017 01:,1500249600,0.03,45611
Jul 18 2017 01:,1500336000,0.03,44339
Jul 19 2017 01:,1500422400,0.03,41802
Jul 20 2017 01:,1500508800,0.03,49378
Jul 21 2017 01:,1500595200,0.03,38619
Jul 22 2017 01:,1500681600,0.03,33596
Jul 23 2017 01:,1500768000,0.03,47776
Jul 24 2017 01:,1500854400,0.03,51812
Jul 25 2017 01:,1500940800,0.03,59809
Jul 26 2017 01:,1501027200,0.03,45989
Jul 27 2017 01:,1501113600,0.03,45317
Jul 28 2017 01:,1501200000,0.03,41996
Jul 29 2017 01:,1501286400,0.03,45083
Jul 30 2017 01:,1501372800,0.03,47446
Jul 31 2017 01:,1501459200,0.03,48209
Aug 01 2017 01:,1501545600,0.03,47188
Aug 02 2017 01:,1501632000,0.03,50867
Aug 03 2017 01:,1501718400,0.03,49321
Aug 04 2017 01:,1501804800,0.03,43076
Aug 05 2017 01:,1501891200,0.03,50509
Aug 06 2017 01:,1501977600,0.03,44831
Aug 07 2017 01:,1502064000,0.03,47683
Aug 08 2017 01:,1502150400,0.03,39846
Aug 09 2017 01:,1502236800,0.03,48400
Aug 10 2017 01:,1502323200,0.03,44938
Aug 11 2017 01:,1502409600,0.03,46282
Aug 12 2017 01:,1502496000,0.03,46620
Aug 13 2017 01:,1502582400,0.03,43698
Aug 14 2017 01:,1502668800,0.03,48805
Aug 15 2017 01:,1502755200,0.03,43190
Aug 16 2017 01:,1502841600,0.03,45047
Aug 17 2017 01:,1502928000,0.03,56134
Aug 18 2017 01:,1503014400,0.03,49645
Aug 19 2017 01:,1503100800,0.03,38141
Aug 20 2017 01:,1503187200,0.03,36149
Aug 21 2017 01:,1503273600,0.03,38474
Aug 22 2017 01:,1503360000,0.03,35975
Aug 23 2017 01:,1503446400,0.03,43066
Aug 24 2017 01:,1503532800,0.03,41837
Aug 25 2017 01:,1503619200,0.03,36050
Aug 26 2017 01:,1503705600,0.03,43355
Aug 27 2017 01:,1503792000,0.03,39956
Aug 28 2017 01:,1503878400,0.03,44477
Aug 29 2017 01:,1503964800,0.03,40648
Aug 30 2017 01:,1504051200,0.03,45485
Aug 31 2017 01:,1504137600,0.03,35801
Sep 01 2017 01:,1504224000,0.03,46561
Sep 02 2017 01:,1504310400,0.03,45709
Sep 03 2017 01:,1504396800,0.03,45029
Sep 04 2017 01:,1504483200,0.03,44516
Sep 05 2017 01:,1504569600,0.03,33702
Sep 06 2017 01:,1504656000,0.03,38697
Sep 07 2017 01:,1504742400,0.03,39703
Sep 08 2017 01:,1504828800,0.03,51745
Sep 09 2017 01:,1504915200,0.03,47021
Sep 10 2017 01:,1505001600,0.03,48943
Sep 11 2017 01:,1505088000,0.03,37048
Sep 12 2017 01:,1505174400,0.03,43016
Sep 13 2017 01:,1505260800,0.03,40763
Sep 14 2017 01:,1505347200,0.03,42905
Sep 15 2017 01:,1505433600,0.03,58866
Sep 16 2017 01:,1505520000,0.03,53934
Sep 17 2017 01:,1505606400,0.03,58596
Sep 18 2017 01:,1505692800,0.03,59171
Sep 19 2017 01:,1505779200,0.03,65502
Sep 20 2017 01:,1505865600,0.03,49565
Sep 21 2017 01:,1505952000,0.03,58058
Sep 22 2017 01:,1506038400,0.03,54528
Sep 23 2017 01:,1506124800,0.03,49999
Sep 24 2017 01:,1506211200,0.03,59552
Sep 25 2017 01:,1506297600,0.03,52246
Sep 26 2017 01:,1506384000,0.03,36699
Sep 27 2017 01:,1506470400,0.03,55076
Sep 28 2017 01:,1506556800,0.03,57465
Sep 29 2017 01:,1506643200,0.03,52548
Sep 30 2017 01:,1506729600,0.03,62434
Oct 01 2017 01:,1506816000,0.03,63894
Oct 02 2017 01:,1506902400,0.03,53540
Oct 03 2017 01:,1506988800,0.03,56518
Oct 04 2017 01:,1507075200,0.03,60072
Oct 05 2017 01:,1507161600,0.03,53772
Oct 06 2017 01:,1507248000,0.03,52794
Oct 07 2017 01:,1507334400,0.03,51615
Oct 08 2017 01:,1507420800,0.03,56303
Oct 09 2017 01:,1507507200,0.03,72450
Oct 10 2017 01:,1507593600,0.03,70129
Oct 11 2017 01:,1507680000,0.03,57157
Oct 12 2017 01:,1507766400,0.03,65475
Oct 13 2017 01:,1507852800,0.03,44426
Oct 14 2017 01:,1507939200,0.03,32427
Oct 15 2017 01:,1508025600,0.03,53532
Oct 16 2017 01:,1508112000,0.03,59248
Oct 17 2017 01:,1508198400,0.03,70484
Oct 18 2017 01:,1508284800,0.03,63512
Oct 19 2017 01:,1508371200,0.03,62328
Oct 20 2017 01:,1508457600,0.03,50553
Oct 21 2017 01:,1508544000,0.03,76685
Oct 22 2017 01:,1508630400,0.03,68790
Oct 23 2017 01:,1508716800,0.03,65873
Oct 24 2017 01:,1508803200,0.03,62247
Oct 25 2017 01:,1508889600,0.03,51399
Oct 26 2017 01:,1508976000,0.03,39845
Oct 27 2017 01:,1509062400,0.03,35473
Oct 28 2017 01:,1509148800,0.03,38790
Oct 29 2017 01:,1509238800,0.03,51663
Oct 30 2017 01:,1509325200,0.03,43576
Oct 31 2017 01:,1509411600,0.03,36489
Nov 01 2017 01:,1509498000,0.03,33625
Nov 02 2017 01:,1509584400,0.03,39118
Nov 03 2017 01:,1509670800,0.03,37255
Nov 04 2017 01:,1509757200,0.03,40369
Nov 05 2017 01:,1509843600,0.03,46050
Nov 06 2017 01:,1509930000,0.03,43919
Nov 07 2017 01:,1510016400,0.03,36845
Nov 08 2017 01:,1510102800,0.03,27556
Nov 09 2017 01:,1510189200,0.03,33718
Nov 10 2017 01:,1510275600,0.03,34011
Nov 11 2017 01:,1510362000,0.03,36077
Nov 12 2017 01:,1510448400,0.03,39142
Nov 13 2017 01:,1510534800,0.03,34196
Nov 14 2017 01:,1510621200,0.03,39973
Nov 15 2017 01:,1510707600,0.03,29254
Nov 16 2017 01:,1510794000,0.03,31018
Nov 17 2017 01:,1510880400,0.03,41485
Nov 18 2017 01:,1510966800,0.03,36054
Nov 19 2017 01:,1511053200,0.03,39020
Nov 20 2017 01:,1511139600,0.03,29678
Nov 21 2017 01:,1511226000,0.03,35573
Nov 22 2017 01:,1511312400,0.03,37055
Nov 23 2017 01:,1511398800,0.03,39563
Nov 24 2017 01:,1511485200,0.03,35765
Nov 25 2017 01:,1511571600,0.03,35342
Nov 26 2017 01:,1511658000,0.03,37112
Nov 27 2017 01:,1511744400,0.03,28426
Nov 28 2017 01:,1511830800,0.03,37046
Nov 29 2017 01:,1511917200,0.03,58622
Nov 30 2017 01:,1512003600,0.03,42246
Dec 01 2017 01:,1512090000,0.03,34073
Dec 02 2017 01:,1512176400,0.03,36728
Dec 03 2017 01:,1512262800,0.03,34976
Dec 04 2017 01:,1512349200,0.03,44956
Dec 05 2017 01:,1512435600,0.03,29430
Dec 06 2017 01:,1512522000,0.03,32632
Dec 07 2017 01:,1512608400,0.03,32360
Dec 08 2017 01:,1512694800,0.03,28434
Dec 09 2017 01:,1512781200,0.03,34628
Dec 10 2017 01:,1512867600,0.03,38456
Dec 11 2017 01:,1512954000,0.03,33127
Dec 12 2017 01:,1513040400,0.03,102844
Dec 13 2017 01:,1513126800,0.03,51969
Dec 14 2017 01:,1513213200,0.03,26207
Dec 15 2017 01:,1513299600,0.03,31211
Dec 16 2017 01:,1513386000,0.03,31840
Dec 17 2017 01:,1513472400,0.03,32048
Dec 18 2017 01:,1513558800,0.03,32109
Dec 19 2017 01:,1513645200,0.03,26688
Dec 20 2017 01:,1513731600,0.03,29589
Dec 21 2017 01:,1513818000,0.03,26239
Dec 22 2017 01:,1513904400,0.03,31066
Dec 23 2017 01:,1513990800,0.03,37899
Dec 24 2017 01:,1514077200,0.03,32214
Dec 25 2017 01:,1514163600,0.03,41115
Dec 26 2017 01:,1514250000,0.03,40052
Dec 27 2017 01:,1514336400,0.03,42888
Dec 28 2017 01:,1514422800,0.03,47932
Dec 29 2017 01:,1514509200,0.03,38611
Dec 30 2017 01:,1514595600,0.03,35914
Dec 31 2017 01:,1514682000,0.03,36454
Jan 01 2018 01:,1514768400,0.03,33968
Jan 02 2018 01:,1514854800,0.03,48407
Jan 03 2018 01:,1514941200,0.03,44236
Jan 04 2018 01:,1515027600,0.03,40944
Jan 05 2018 01:,1515114000,0.03,39779
Jan 06 2018 01:,1515200400,0.03,34741
Jan 07 2018 01:,1515286800,0.03,39709
Jan 08 2018 01:,1515373200,0.03,37205
Jan 09 2018 01:,1515459600,0.03,48070
Jan 10 2018 01:,1515546000,0.03,43032
Jan 11 2018 01:,1515632400,0.03,38745
Jan 12 2018 01:,1515718800,0.03,34151
Jan 13 2018 01:,1515805200,0.03,36504
Jan 14 2018 01:,1515891600,0.03,35894
Jan 15 2018 01:,1515978000,0.03,36386
Jan 16 2018 01:,1516064400,0.03,31045
Jan 17 2018 01:,1516150800,0.03,33276
Jan 18 2018 01:,1516237200,0.03,35165
Jan 19 2018 01:,1516323600,0.03,27604
Jan 20 2018 01:,1516410000,0.03,36765
Jan 21 2018 01:,1516496400,0.03,48634
Jan 22 2018 01:,1516582800,0.03,34602
Jan 23 2018 01:,1516669200,0.03,29140
Jan 24 2018 01:,1516755600,0.03,40157
Jan 25 2018 01:,1516842000,0.03,39274
Jan 26 2018 01:,1516928400,0.03,36594
Jan 27 2018 01:,1517014800,0.03,40365
Jan 28 2018 01:,1517101200,0.03,42966
Jan 29 2018 01:,1517187600,0.03,37369
Jan 30 2018 01:,1517274000,0.03,33559
Jan 31 2018 01:,1517360400,0.03,34586
Feb 01 2018 01:,1517446800,0.03,35002
Feb 02 2018 01:,1517533200,0.03,31367
Feb 03 2018 01:,1517619600,0.03,47330
Feb 04 2018 01:,1517706000,0.03,36769
Feb 05 2018 01:,1517792400,0.03,34179
Feb 06 2018 01:,1517878800,0.03,35878
Feb 07 2018 01:,1517965200,0.03,32372
Feb 08 2018 01:,1518051600,0.03,35488
Feb 09 2018 01:,1518138000,0.03,35006
Feb 10 2018 01:,1518224400,0.03,46826
Feb 11 2018 01:,1518310800,0.03,34676
Feb 12 2018 01:,1518397200,0.03,32398
Feb 13 2018 01:,1518483600,0.03,36396
Feb 14 2018 01:,1518570000,0.03,35759
Feb 15 2018 01:,1518656400,0.03,34628
Feb 16 2018 01:,1518742800,0.03,36012
Feb 17 2018 01:,1518829200,0.03,41032
Feb 18 2018 01:,1518915600,0.03,37613
Feb 19 2018 01:,1519002000,0.03,32712
Feb 20 2018 01:,1519088400,0.03,35744
Feb 21 2018 01:,1519174800,0.03,32812
Feb 22 2018 01:,1519261200,0.03,45583
Feb 23 2018 01:,1519347600,0.03,43249
Feb 24 2018 01:,1519434000,0.03,41732
Feb 25 2018 01:,1519520400,0.03,40658
Feb 26 2018 01:,1519606800,0.03,38013
Feb 27 2018 01:,1519693200,0.03,49248
Feb 28 2018 01:,1519779600,0.03,34798
Mar 01 2018 01:,1519866000,0.03,36682
Mar 02 2018 01:,1519952400,0.03,35259
Mar 03 2018 01:,1520038800,0.03,37110
Mar 04 2018 01:,1520125200,0.03,35830
Mar 05 2018 01:,1520211600,0.03,28178
Mar 06 2018 01:,1520298000,0.03,29529
Mar 07 2018 01:,1520384400,0.03,27727
Mar 08 2018 01:,1520470800,0.03,31628
Mar 09 2018 01:,1520557200,0.03,30687
Mar 10 2018 01:,1520643600,0.03,37974
Mar 11 2018 01:,1520730000,0.03,41743
Mar 12 2018 01:,1520816400,0.03,26751
Mar 13 2018 01:,1520902800,0.03,30156
Mar 14 2018 01:,1520989200,0.03,32044
Mar 15 2018 01:,1521075600,0.03,30147
Mar 16 2018 01:,1521162000,0.03,31489
Mar 17 2018 01:,1521248400,0.03,28528
Mar 18 2018 01:,1521334800,0.03,34585
Mar 19 2018 01:,1521421200,0.03,29681
Mar 20 2018 01:,1521507600,0.03,24488
Mar 21 2018 01:,1521594000,0.03,22669
Mar 22 2018 01:,1521680400,0.03,19515
Mar 23 2018 01:,1521766800,0.03,28472
Mar 24 2018 01:,1521853200,0.03,26475
Mar 25 2018 01:,1521936000,0.03,32083
Mar 26 2018 01:,1522022400,0.03,26560
Mar 27 2018 01:,1522108800,0.03,23654
Mar 28 2018 01:,1522195200,0.03,27807
Mar 29 2018 01:,1522281600,0.03,43549
Mar 30 2018 01:,1522368000,0.03,25457
Mar 31 2018 01:,1522454400,0.03,11705
Apr 01 2018 01:,1522540800,0.03,12407
Apr 02 2018 01:,1522627200,0.03,10653
Apr 03 2018 01:,1522713600,0.03,9180
Apr 04 2018 01:,1522800000,0.03,8611
Apr 05 2018 01:,1522886400,0.03,12973
Apr 06 2018 01:,1522972800,0.03,9735
Apr 07 2018 01:,1523059200,0.03,13108
Apr 08 2018 01:,1523145600,0.03,13027
Apr 09 2018 01:,1523232000,0.03,13663
Apr 10 2018 01:,1523318400,0.03,11100
Apr 11 2018 01:,1523404800,0.03,10150
Apr 12 2018 01:,1523491200,0.03,11981
Apr 13 2018 01:,1523577600,0.03,11973
Apr 14 2018 01:,1523664000,0.03,10490
Apr 15 2018 01:,1523750400,0.03,13108
Apr 16 2018 01:,1523836800,0.03,19481
Apr 17 2018 01:,1523923200,0.03,14477
Apr 18 2018 01:,1524009600,0.03,11196
Apr 19 2018 01:,1524096000,0.03,10470
Apr 20 2018 01:,1524182400,0.03,10015
Apr 21 2018 01:,1524268800,0.03,9870
Apr 22 2018 01:,1524355200,0.03,12183
Apr 23 2018 01:,1524441600,0.03,8365
Apr 24 2018 01:,1524528000,0.03,10094
Apr 25 2018 01:,1524614400,0.03,9255
Apr 26 2018 01:,1524700800,0.03,15864
Apr 27 2018 01:,1524787200,0.03,8425
Apr 28 2018 01:,1524873600,0.03,11016
Apr 29 2018 01:,1524960000,0.03,8563
Apr 30 2018 01:,1525046400,0.03,11075
May 01 2018 01:,1525132800,0.03,8638
May 02 2018 01:,1525219200,0.03,11469
May 03 2018 01:,1525305600,0.03,11035
May 04 2018 01:,1525392000,0.03,8043
May 05 2018 01:,1525478400,0.03,8388
May 06 2018 01:,1525564800,0.03,7182
May 07 2018 01:,1525651200,0.03,8126
May 08 2018 01:,1525737600,0.03,8288
May 09 2018 01:,1525824000,0.03,10701
May 10 2018 01:,1525910400,0.03,8603
May 11 2018 01:,1525996800,0.03,9762
May 12 2018 01:,1526083200,0.03,8521
May 13 2018 01:,1526169600,0.03,7544
May 14 2018 01:,1526256000,0.03,9997
May 15 2018 01:,1526342400,0.03,7409
May 16 2018 01:,1526428800,0.03,6619
May 17 2018 01:,1526515200,0.03,7228
May 18 2018 01:,1526601600,0.03,8118
May 19 2018 01:,1526688000,0.03,9065
May 20 2018 01:,1526774400,0.03,11875
May 21 2018 01:,1526860800,0.03,8628
May 22 2018 01:,1526947200,0.03,6612
May 23 2018 01:,1527033600,0.03,6037
May 24 2018 01:,1527120000,0.03,6919
May 25 2018 01:,1527206400,0.03,12070
May 26 2018 01:,1527292800,0.03,14959
May 27 2018 01:,1527379200,0.03,6831
May 28 2018 01:,1527465600,0.03,6340
May 29 2018 01:,1527552000,0.03,5661
May 30 2018 01:,1527638400,0.03,6629
May 31 2018 01:,1527724800,0.03,6687
Jun 01 2018 01:,1527811200,0.03,8799
Jun 02 2018 01:,1527897600,0.03,7893
Jun 03 2018 01:,1527984000,0.03,7337
Jun 04 2018 01:,1528070400,0.03,7384
Jun 05 2018 01:,1528156800,0.03,6740
Jun 06 2018 01:,1528243200,0.03,7673
Jun 07 2018 01:,1528329600,0.03,6492
Jun 08 2018 01:,1528416000,0.03,6223
Jun 09 2018 01:,1528502400,0.03,7001
Jun 10 2018 01:,1528588800,0.03,8775
Jun 11 2018 01:,1528675200,0.03,6523
Jun 12 2018 01:,1528761600,0.03,5878
Jun 13 2018 01:,1528848000,0.03,6410
Jun 14 2018 01:,1528934400,0.03,8595
Jun 15 2018 01:,1529020800,0.03,7828
Jun 16 2018 01:,1529107200,0.03,8675
Jun 17 2018 01:,1529193600,0.03,5850
Jun 18 2018 01:,1529280000,0.03,6117
Jun 19 2018 01:,1529366400,0.03,7241
Jun 20 2018 01:,1529452800,0.03,7118
Jun 21 2018 01:,1529539200,0.03,8559
Jun 22 2018 01:,1529625600,0.03,7482
Jun 23 2018 01:,1529712000,0.03,9925
Jun 24 2018 01:,1529798400,0.03,8878
Jun 25 2018 01:,1529884800,0.03,8120
Jun 26 2018 01:,1529971200,0.03,8321
Jun 27 2018 01:,1530057600,0.03,6391
Jun 28 2018 01:,1530144000,0.03,6682
Jun 29 2018 01:,1530230400,0.03,9667
Jun 30 2018 01:,1530316800,0.03,12279
Jul 01 2018 01:,1530403200,0.03,7777
Jul 02 2018 01:,1530489600,0.03,6872
Jul 03 2018 01:,1530576000,0.03,7777
Jul 04 2018 01:,1530662400,0.03,6789
Jul 05 2018 01:,1530748800,0.03,7914
Jul 06 2018 01:,1530835200,0.03,9438
Jul 07 2018 01:,1530921600,0.03,6731
Jul 08 2018 01:,1531008000,0.03,7343
Jul 09 2018 01:,1531094400,0.03,6299
Jul 10 2018 01:,1531180800,0.03,7662
Jul 11 2018 01:,1531267200,0.03,7581
Jul 12 2018 01:,1531353600,0.03,8467
Jul 13 2018 01:,1531440000,0.03,6834
Jul 14 2018 01:,1531526400,0.03,7003
Jul 15 2018 01:,1531612800,0.03,8633
Jul 16 2018 01:,1531699200,0.03,8154
Jul 17 2018 01:,1531785600,0.03,6757
Jul 18 2018 01:,1531872000,0.03,6341
Jul 19 2018 01:,1531958400,0.03,7149
Jul 20 2018 01:,1532044800,0.03,6536
Jul 21 2018 01:,1532131200,0.03,8993
Jul 22 2018 01:,1532217600,0.03,8180
Jul 23 2018 01:,1532304000,0.03,7625
Jul 24 2018 01:,1532390400,0.03,6116
Jul 25 2018 01:,1532476800,0.03,8184
Jul 26 2018 01:,1532563200,0.03,7298
Jul 27 2018 01:,1532649600,0.03,6872
Jul 28 2018 01:,1532736000,0.03,9078
Jul 29 2018 01:,1532822400,0.03,8650
Jul 30 2018 01:,1532908800,0.03,6187
Jul 31 2018 01:,1532995200,0.03,6373
Aug 01 2018 01:,1533081600,0.03,7117
Aug 02 2018 01:,1533168000,0.03,6897
Aug 03 2018 01:,1533254400,0.03,8479
Aug 04 2018 01:,1533340800,0.03,6762
Aug 05 2018 01:,1533427200,0.03,9510
Aug 06 2018 01:,1533513600,0.03,8124
Aug 07 2018 01:,1533600000,0.03,10998
Aug 08 2018 01:,1533686400,0.03,9074
Aug 09 2018 01:,1533772800,0.03,12153
Aug 10 2018 01:,1533859200,0.03,9508
Aug 11 2018 01:,1533945600,0.03,11950
Aug 12 2018 01:,1534032000,0.03,10081
Aug 13 2018 01:,1534118400,0.03,9847
Aug 14 2018 01:,1534204800,0.03,9626
Aug 15 2018 01:,1534291200,0.03,8325
Aug 16 2018 01:,1534377600,0.03,10914
Aug 17 2018 01:,1534464000,0.03,24358
Aug 18 2018 01:,1534550400,0.03,17562
Aug 19 2018 01:,1534636800,0.03,15536
Aug 20 2018 01:,1534723200,0.03,18418
Aug 21 2018 01:,1534809600,0.03,13488
Aug 22 2018 01:,1534896000,0.03,16469
Aug 23 2018 01:,1534982400,0.03,11772
Aug 24 2018 01:,1535068800,0.03,11182
Aug 25 2018 01:,1535155200,0.03,13857
Aug 26 2018 01:,1535241600,0.03,10553
Aug 27 2018 01:,1535328000,0.03,9967
Aug 28 2018 01:,1535414400,0.03,9913
Aug 29 2018 01:,1535500800,0.03,10815
Aug 30 2018 01:,1535587200,0.03,13219
Aug 31 2018 01:,1535673600,0.03,12061
Sep 01 2018 01:,1535760000,0.03,17709
Sep 02 2018 01:,1535846400,0.03,16033
Sep 03 2018 01:,1535932800,0.03,15912
Sep 04 2018 01:,1536019200,0.03,18604
Sep 05 2018 01:,1536105600,0.03,23192
Sep 06 2018 01:,1536192000,0.03,25268
Sep 07 2018 01:,1536278400,0.03,14816
Sep 08 2018 01:,1536364800,0.03,14525
Sep 09 2018 01:,1536451200,0.03,13419
Sep 10 2018 01:,1536537600,0.03,13214
Sep 11 2018 01:,1536624000,0.03,10391
Sep 12 2018 01:,1536710400,0.03,11036
Sep 13 2018 01:,1536796800,0.03,12843
Sep 14 2018 01:,1536883200,0.03,12231
Sep 15 2018 01:,1536969600,0.03,18727
Sep 16 2018 01:,1537056000,0.03,14722
Sep 17 2018 01:,1537142400,0.03,13185
Sep 18 2018 01:,1537228800,0.03,10676
Sep 19 2018 01:,1537315200,0.03,8932
Sep 20 2018 01:,1537401600,0.03,7700
Sep 21 2018 01:,1537488000,0.03,11461
Sep 22 2018 01:,1537574400,0.03,10974
Sep 23 2018 01:,1537660800,0.03,12524
Sep 24 2018 01:,1537747200,0.03,19696
Sep 25 2018 01:,1537833600,0.03,7106
Sep 26 2018 01:,1537920000,0.03,7520
Sep 27 2018 01:,1538006400,0.03,10807
Sep 28 2018 01:,1538092800,0.03,8751
Sep 29 2018 01:,1538179200,0.03,11258
Sep 30 2018 01:,1538265600,0.03,11378
Oct 01 2018 01:,1538352000,0.03,8999
Oct 02 2018 01:,1538438400,0.03,11881
Oct 03 2018 01:,1538524800,0.03,10791
Oct 04 2018 01:,1538611200,0.03,10981
Oct 05 2018 01:,1538697600,0.03,12677
Oct 06 2018 01:,1538784000,0.03,15779
Oct 07 2018 01:,1538870400,0.03,10930
Oct 08 2018 01:,1538956800,0.03,10287
Oct 09 2018 01:,1539043200,0.03,10106
Oct 10 2018 01:,1539129600,0.03,11362
Oct 11 2018 01:,1539216000,0.03,9814
Oct 12 2018 01:,1539302400,0.03,11980
Oct 13 2018 01:,1539388800,0.03,12474
Oct 14 2018 01:,1539475200,0.03,13245
Oct 15 2018 01:,1539561600,0.03,10441
Oct 16 2018 01:,1539648000,0.03,10990
Oct 17 2018 01:,1539734400,0.03,12326
Oct 18 2018 01:,1539820800,0.03,9900
Oct 19 2018 01:,1539907200,0.03,9490
Oct 20 2018 01:,1539993600,0.03,10835
Oct 21 2018 01:,1540080000,0.03,11394
Oct 22 2018 01:,1540166400,0.03,7083
Oct 23 2018 01:,1540252800,0.03,8490
Oct 24 2018 01:,1540339200,0.03,7809
Oct 25 2018 01:,1540425600,0.03,11735
Oct 26 2018 01:,1540512000,0.03,9430
Oct 27 2018 01:,1540598400,0.03,9713
Oct 28 2018 01:,1540688400,0.03,12155
Oct 29 2018 01:,1540774800,0.03,10382
Oct 30 2018 01:,1540861200,0.03,10904
Oct 31 2018 01:,1540947600,0.03,13010
Nov 01 2018 01:,1541034000,0.03,15558
Nov 02 2018 01:,1541120400,0.03,11191
Nov 03 2018 01:,1541206800,0.03,9176
Nov 04 2018 01:,1541293200,0.03,11555
Nov 05 2018 01:,1541379600,0.03,8469
Nov 06 2018 01:,1541466000,0.03,8647
Nov 07 2018 01:,1541552400,0.03,8971
Nov 08 2018 01:,1541638800,0.03,12020
Nov 09 2018 01:,1541725200,0.03,7880
Nov 10 2018 01:,1541811600,0.03,10699
Nov 11 2018 01:,1541898000,0.03,8801
Nov 12 2018 01:,1541984400,0.03,8431
Nov 13 2018 01:,1542070800,0.03,5891
Nov 14 2018 01:,1542157200,0.03,7597
Nov 15 2018 01:,1542243600,0.03,7192
Nov 16 2018 01:,1542330000,0.03,8716
Nov 17 2018 01:,1542416400,0.03,8591
Nov 18 2018 01:,1542502800,0.03,8895
Nov 19 2018 01:,1542589200,0.03,7970
Nov 20 2018 01:,1542675600,0.03,7803
Nov 21 2018 01:,1542762000,0.03,8504
Nov 22 2018 01:,1542848400,0.03,8163
Nov 23 2018 01:,1542934800,0.03,10511
Nov 24 2018 01:,1543021200,0.03,9455
Nov 25 2018 01:,1543107600,0.03,8971
Nov 26 2018 01:,1543194000,0.03,9413
Nov 27 2018 01:,1543280400,0.03,6643
Nov 28 2018 01:,1543366800,0.03,7352
Nov 29 2018 01:,1543453200,0.03,8665
Nov 30 2018 01:,1543539600,0.03,10464
Dec 01 2018 01:,1543626000,0.03,8743
Dec 02 2018 01:,1543712400,0.03,9594
Dec 03 2018 01:,1543798800,0.03,8292
Dec 04 2018 01:,1543885200,0.03,8590
Dec 05 2018 01:,1543971600,0.03,10346
Dec 06 2018 01:,1544058000,0.03,10195
Dec 07 2018 01:,1544144400,0.03,11470
Dec 08 2018 01:,1544230800,0.03,13943
Dec 09 2018 01:,1544317200,0.03,12160
Dec 10 2018 01:,1544403600,0.03,10327
Dec 11 2018 01:,1544490000,0.03,14370
Dec 12 2018 01:,1544576400,0.03,10844
Dec 13 2018 01:,1544662800,0.03,14082
Dec 14 2018 01:,1544749200,0.03,12675
Dec 15 2018 01:,1544835600,0.03,11628
Dec 16 2018 01:,1544922000,0.03,15756
Dec 17 2018 01:,1545008400,0.03,8819
Dec 18 2018 01:,1545094800,0.03,8177
Dec 19 2018 01:,1545181200,0.03,7552
Dec 20 2018 01:,1545267600,0.03,10611
Dec 21 2018 01:,1545354000,0.03,10566
Dec 22 2018 01:,1545440400,0.03,11961
Dec 23 2018 01:,1545526800,0.03,12963
Dec 24 2018 01:,1545613200,0.03,15482
Dec 25 2018 01:,1545699600,0.03,18757
Dec 26 2018 01:,1545786000,0.03,11581
Dec 27 2018 01:,1545872400,0.03,13795
Dec 28 2018 01:,1545958800,0.03,11310
Dec 29 2018 01:,1546045200,0.03,11857
Dec 30 2018 01:,1546131600,0.03,11468
Dec 31 2018 01:,1546218000,0.03,11083
Jan 01 2019 01:,1546304400,0.03,8200
Jan 02 2019 01:,1546390800,0.03,13963
Jan 03 2019 01:,1546477200,0.03,9632
Jan 04 2019 01:,1546563600,0.03,12084
Jan 05 2019 01:,1546650000,0.03,15800
Jan 06 2019 01:,1546736400,0.03,12749
Jan 07 2019 01:,1546822800,0.03,11832
Jan 08 2019 01:,1546909200,0.03,10593
Jan 09 2019 01:,1546995600,0.03,13427
Jan 10 2019 01:,1547082000,0.03,10918
Jan 11 2019 01:,1547168400,0.03,15200
Jan 12 2019 01:,1547254800,0.03,14553
Jan 13 2019 01:,1547341200,0.03,10377
Jan 14 2019 01:,1547427600,0.03,10765
Jan 15 2019 01:,1547514000,0.03,10367
Jan 16 2019 01:,1547600400,0.03,9788
Jan 17 2019 01:,1547686800,0.03,9643
Jan 18 2019 01:,1547773200,0.03,9594
Jan 19 2019 01:,1547859600,0.03,11278
Jan 20 2019 01:,1547946000,0.03,17934
Jan 21 2019 01:,1548032400,0.03,11726
Jan 22 2019 01:,1548118800,0.03,12800
Jan 23 2019 01:,1548205200,0.03,12983
Jan 24 2019 01:,1548291600,0.03,12825
Jan 25 2019 01:,1548378000,0.03,15742
Jan 26 2019 01:,1548464400,0.03,12980
Jan 27 2019 01:,1548550800,0.03,15555
Jan 28 2019 01:,1548637200,0.03,13717
Jan 29 2019 01:,1548723600,0.03,12180
Jan 30 2019 01:,1548810000,0.03,19191
Jan 31 2019 01:,1548896400,0.03,13113
Feb 01 2019 01:,1548982800,0.03,15235
Feb 02 2019 01:,1549069200,0.03,16769
Feb 03 2019 01:,1549155600,0.03,15657
Feb 04 2019 01:,1549242000,0.03,17846
Feb 05 2019 01:,1549328400,0.03,11778
Feb 06 2019 01:,1549414800,0.03,12786
Feb 07 2019 01:,1549501200,0.03,15223
Feb 08 2019 01:,1549587600,0.03,12081
Feb 09 2019 01:,1549674000,0.03,13630
Feb 10 2019 01:,1549760400,0.03,12455
Feb 11 2019 01:,1549846800,0.03,15294
Feb 12 2019 01:,1549933200,0.03,13232
Feb 13 2019 01:,1550019600,0.03,12698
Feb 14 2019 01:,1550106000,0.03,15999
Feb 15 2019 01:,1550192400,0.03,11803
Feb 16 2019 01:,1550278800,0.03,14442
Feb 17 2019 01:,1550365200,0.03,15805
Feb 18 2019 01:,1550451600,0.03,13899
Feb 19 2019 01:,1550538000,0.03,15777
Feb 20 2019 01:,1550624400,0.03,13597
Feb 21 2019 01:,1550710800,0.03,20005
Feb 22 2019 01:,1550797200,0.03,12426
Feb 23 2019 01:,1550883600,0.03,16579
Feb 24 2019 01:,1550970000,0.03,14396
Feb 25 2019 01:,1551056400,0.03,11783
Feb 26 2019 01:,1551142800,0.03,18087
Feb 27 2019 01:,1551229200,0.03,15330
Feb 28 2019 01:,1551315600,0.03,18512
Mar 01 2019 01:,1551402000,0.03,18097
Mar 02 2019 01:,1551488400,0.03,19020
Mar 03 2019 01:,1551574800,0.03,18134
Mar 04 2019 01:,1551661200,0.03,14428
Mar 05 2019 01:,1551747600,0.03,14449
Mar 06 2019 01:,1551834000,0.03,8958
Mar 07 2019 01:,1551920400,0.03,9734
Mar 08 2019 01:,1552006800,0.03,12556
Mar 09 2019 01:,1552093200,0.03,16512
Mar 10 2019 01:,1552179600,0.03,24443
Mar 11 2019 01:,1552266000,0.03,30192
Mar 12 2019 01:,1552352400,0.03,31866
Mar 13 2019 01:,1552438800,0.03,27167
Mar 14 2019 01:,1552525200,0.03,25686
Mar 15 2019 01:,1552611600,0.03,15123
Mar 16 2019 01:,1552698000,0.03,17952
Mar 17 2019 01:,1552784400,0.03,15865
Mar 18 2019 01:,1552870800,0.03,17652
Mar 19 2019 01:,1552957200,0.03,12152
Mar 20 2019 01:,1553043600,0.03,17926
Mar 21 2019 01:,1553130000,0.03,17158
Mar 22 2019 01:,1553216400,0.03,17909
Mar 23 2019 01:,1553302800,0.03,18375
Mar 24 2019 01:,1553389200,0.03,22412
Mar 25 2019 01:,1553475600,0.03,18297
Mar 26 2019 01:,1553562000,0.03,16818
Mar 27 2019 01:,1553648400,0.03,19801
Mar 28 2019 01:,1553734800,0.03,16933
Mar 29 2019 01:,1553821200,0.03,17452
Mar 30 2019 01:,1553907600,0.03,21150
Mar 31 2019 01:,1553990400,0.03,19113
Apr 01 2019 01:,1554076800,0.03,11504
Apr 02 2019 01:,1554163200,0.03,15827
Apr 03 2019 01:,1554249600,0.03,14978
Apr 04 2019 01:,1554336000,0.03,16586
Apr 05 2019 01:,1554422400,0.03,13815
Apr 06 2019 01:,1554508800,0.03,15087
Apr 07 2019 01:,1554595200,0.03,15995
Apr 08 2019 01:,1554681600,0.03,13729
Apr 09 2019 01:,1554768000,0.03,15568
Apr 10 2019 01:,1554854400,0.03,13656
Apr 11 2019 01:,1554940800,0.03,13356
Apr 12 2019 01:,1555027200,0.03,15645
Apr 13 2019 01:,1555113600,0.03,18412
Apr 14 2019 01:,1555200000,0.03,17260
Apr 15 2019 01:,1555286400,0.03,14061
Apr 16 2019 01:,1555372800,0.03,22294
Apr 17 2019 01:,1555459200,0.03,15570
Apr 18 2019 01:,1555545600,0.03,18124
Apr 19 2019 01:,1555632000,0.03,25817
Apr 20 2019 01:,1555718400,0.03,16573
Apr 21 2019 01:,1555804800,0.03,14680
Apr 22 2019 01:,1555891200,0.03,15755
Apr 23 2019 01:,1555977600,0.03,14330
Apr 24 2019 01:,1556064000,0.03,13280
Apr 25 2019 01:,1556150400,0.03,13745
Apr 26 2019 01:,1556236800,0.03,13965
Apr 27 2019 01:,1556323200,0.03,21319
Apr 28 2019 01:,1556409600,0.03,15886
Apr 29 2019 01:,1556496000,0.03,10078
Apr 30 2019 01:,1556582400,0.03,16685
May 01 2019 01:,1556668800,0.03,15485
May 02 2019 01:,1556755200,0.03,26087
May 03 2019 01:,1556841600,0.03,16546
May 04 2019 01:,1556928000,0.03,15047
May 05 2019 01:,1557014400,0.03,20627
May 06 2019 01:,1557100800,0.03,13811
May 07 2019 01:,1557187200,0.03,17971
May 08 2019 01:,1557273600,0.03,12524
May 09 2019 01:,1557360000,0.03,12189
May 10 2019 01:,1557446400,0.03,11711
May 11 2019 01:,1557532800,0.03,17292
May 12 2019 01:,1557619200,0.03,19466
May 13 2019 01:,1557705600,0.03,12158
May 14 2019 01:,1557792000,0.03,16196
May 15 2019 01:,1557878400,0.03,10969
May 16 2019 01:,1557964800,0.03,10943
May 17 2019 01:,1558051200,0.03,13023
May 18 2019 01:,1558137600,0.03,13570
May 19 2019 01:,1558224000,0.03,14039
May 20 2019 01:,1558310400,0.03,13907
May 21 2019 01:,1558396800,0.03,11698
May 22 2019 01:,1558483200,0.03,12689
May 23 2019 01:,1558569600,0.03,13387
May 24 2019 01:,1558656000,0.03,13252
May 25 2019 01:,1558742400,0.03,15008
May 26 2019 01:,1558828800,0.03,9900
May 27 2019 01:,1558915200,0.03,11414
May 28 2019 01:,1559001600,0.03,11004
May 29 2019 01:,1559088000,0.03,10724
May 30 2019 01:,1559174400,0.03,14163
May 31 2019 01:,1559260800,0.03,14155
Jun 01 2019 01:,1559347200,0.03,13048
Jun 02 2019 01:,1559433600,0.03,16426
Jun 03 2019 01:,1559520000,0.03,13789
Jun 04 2019 01:,1559606400,0.03,12458
Jun 05 2019 01:,1559692800,0.03,14323
Jun 06 2019 01:,1559779200,0.03,11766
Jun 07 2019 01:,1559865600,0.03,14570
Jun 08 2019 01:,1559952000,0.03,15415
Jun 09 2019 01:,1560038400,0.03,17785
Jun 10 2019 01:,1560124800,0.03,11574
Jun 11 2019 01:,1560211200,0.03,14543
Jun 12 2019 01:,1560297600,0.03,16199
Jun 13 2019 01:,1560384000,0.03,12913
Jun 14 2019 01:,1560470400,0.03,15388
Jun 15 2019 01:,1560556800,0.03,19372
Jun 16 2019 01:,1560643200,0.03,17213
Jun 17 2019 01:,1560729600,0.03,16687
Jun 18 2019 01:,1560816000,0.03,13198
Jun 19 2019 01:,1560902400,0.03,14567
Jun 20 2019 01:,1560988800,0.03,15216
Jun 21 2019 01:,1561075200,0.03,25996
Jun 22 2019 01:,1561161600,0.03,35193
Jun 23 2019 01:,1561248000,0.03,21052
Jun 24 2019 01:,1561334400,0.03,16533
Jun 25 2019 01:,1561420800,0.03,21431
Jun 26 2019 01:,1561507200,0.03,24682
Jun 27 2019 01:,1561593600,0.03,31609
Jun 28 2019 01:,1561680000,0.03,21968
Jun 29 2019 01:,1561766400,0.03,22303
Jun 30 2019 01:,1561852800,0.03,25384
Jul 01 2019 01:,1561939200,0.03,19833
Jul 02 2019 01:,1562025600,0.03,17319
Jul 03 2019 01:,1562112000,0.03,21602
Jul 04 2019 01:,1562198400,0.03,16936
Jul 05 2019 01:,1562284800,0.03,15362
Jul 06 2019 01:,1562371200,0.03,16300
Jul 07 2019 01:,1562457600,0.03,13991
Jul 08 2019 01:,1562544000,0.03,17149
Jul 09 2019 01:,1562630400,0.03,17812
Jul 10 2019 01:,1562716800,0.03,14645
Jul 11 2019 01:,1562803200,0.03,13952
Jul 12 2019 01:,1562889600,0.03,17707
Jul 13 2019 01:,1562976000,0.03,17113
Jul 14 2019 01:,1563062400,0.03,12680
Jul 15 2019 01:,1563148800,0.03,20519
Jul 16 2019 01:,1563235200,0.03,18403
Jul 17 2019 01:,1563321600,0.03,19109
Jul 18 2019 01:,1563408000,0.03,26555
Jul 19 2019 01:,1563494400,0.03,15643
Jul 20 2019 01:,1563580800,0.03,14900
Jul 21 2019 01:,1563667200,0.03,25536
Jul 22 2019 01:,1563753600,0.03,19277
Jul 23 2019 01:,1563840000,0.03,15551
Jul 24 2019 01:,1563926400,0.03,17208
Jul 25 2019 01:,1564012800,0.03,16533
Jul 26 2019 01:,1564099200,0.03,15264
Jul 27 2019 01:,1564185600,0.03,20962
Jul 28 2019 01:,1564272000,0.03,15880
Jul 29 2019 01:,1564358400,0.03,14846
Jul 30 2019 01:,1564444800,0.03,14997
Jul 31 2019 01:,1564531200,0.03,17452
Aug 01 2019 01:,1564617600,0.03,21483
Aug 02 2019 01:,1564704000,0.03,23666
Aug 03 2019 01:,1564790400,0.03,35086
Aug 04 2019 01:,1564876800,0.03,36653
Aug 05 2019 01:,1564963200,0.03,47140
Aug 06 2019 01:,1565049600,0.03,105480
Aug 07 2019 01:,1565136000,0.03,51920
Aug 08 2019 01:,1565222400,0.03,39490
Aug 09 2019 01:,1565308800,0.03,73998
Aug 10 2019 01:,1565395200,0.03,172057
Aug 11 2019 01:,1565481600,0.03,27505
Aug 12 2019 01:,1565568000,0.03,30608
Aug 13 2019 01:,1565654400,0.03,26357
Aug 14 2019 01:,1565740800,0.03,25794
Aug 15 2019 01:,1565827200,0.03,22656
Aug 16 2019 01:,1565913600,0.03,23538
Aug 17 2019 01:,1566000000,0.03,30872
Aug 18 2019 01:,1566086400,0.03,21090
Aug 19 2019 01:,1566172800,0.03,18303
Aug 20 2019 01:,1566259200,0.03,20687
Aug 21 2019 01:,1566345600,0.03,19129
Aug 22 2019 01:,1566432000,0.03,19694
Aug 23 2019 01:,1566518400,0.03,28322
Aug 24 2019 01:,1566604800,0.03,19078
Aug 25 2019 01:,1566691200,0.03,17381
Aug 26 2019 01:,1566777600,0.03,17537
Aug 27 2019 01:,1566864000,0.03,19664
Aug 28 2019 01:,1566950400,0.03,16878
Aug 29 2019 01:,1567036800,0.03,21402
Aug 30 2019 01:,1567123200,0.03,23132
Aug 31 2019 01:,1567209600,0.03,24491
Sep 01 2019 01:,1567296000,0.03,21139
Sep 02 2019 01:,1567382400,0.03,20322
Sep 03 2019 01:,1567468800,0.03,18677
Sep 04 2019 01:,1567555200,0.03,21028
Sep 05 2019 01:,1567641600,0.03,23231
Sep 06 2019 01:,1567728000,0.03,27665
Sep 07 2019 01:,1567814400,0.03,30490
Sep 08 2019 01:,1567900800,0.03,27984
Sep 09 2019 01:,1567987200,0.03,20989
Sep 10 2019 01:,1568073600,0.03,20587
Sep 11 2019 01:,1568160000,0.03,21233
Sep 12 2019 01:,1568246400,0.03,22296
Sep 13 2019 01:,1568332800,0.03,28568
Sep 14 2019 01:,1568419200,0.03,26723
Sep 15 2019 01:,1568505600,0.03,23768
Sep 16 2019 01:,1568592000,0.03,22608
Sep 17 2019 01:,1568678400,0.03,23155
Sep 18 2019 01:,1568764800,0.03,22773
Sep 19 2019 01:,1568851200,0.03,28563
Sep 20 2019 01:,1568937600,0.03,26359
Sep 21 2019 01:,1569024000,0.03,28907
Sep 22 2019 01:,1569110400,0.03,28515
Sep 23 2019 01:,1569196800,0.03,23113
Sep 24 2019 01:,1569283200,0.03,24728
Sep 25 2019 01:,1569369600,0.03,22487
Sep 26 2019 01:,1569456000,0.03,23305
Sep 27 2019 01:,1569542400,0.03,36777
Sep 28 2019 01:,1569628800,0.03,28919
Sep 29 2019 01:,1569715200,0.03,24861
Sep 30 2019 01:,1569801600,0.03,25043
Oct 01 2019 01:,1569888000,0.03,38619
Oct 02 2019 01:,1569974400,0.032,35711
Oct 03 2019 01:,1570060800,0.032,35169
Oct 04 2019 01:,1570147200,0.03,33023
Oct 05 2019 01:,1570233600,0.03,36218
Oct 06 2019 01:,1570320000,0.03,32075
Oct 07 2019 01:,1570406400,0.03,28580
Oct 08 2019 01:,1570492800,0.03,28859
Oct 09 2019 01:,1570579200,0.031,30727
Oct 10 2019 01:,1570665600,0.033,31061
Oct 11 2019 01:,1570752000,0.036,42647
Oct 12 2019 01:,1570838400,0.036,40733
Oct 13 2019 01:,1570924800,0.036,33930
Oct 14 2019 01:,1571011200,0.036,33179
Oct 15 2019 01:,1571097600,0.038,28441
Oct 16 2019 01:,1571184000,0.04,26568
Oct 17 2019 01:,1571270400,0.038,29527
Oct 18 2019 01:,1571356800,0.038,33737
Oct 19 2019 01:,1571443200,0.034,44261
Oct 20 2019 01:,1571529600,0.03,38991
Oct 21 2019 01:,1571616000,0.03,30790
Oct 22 2019 01:,1571702400,0.03,30720
Oct 23 2019 01:,1571788800,0.031,28743
Oct 24 2019 01:,1571875200,0.03,26347
Oct 25 2019 01:,1571961600,0.03,21902
Oct 26 2019 01:,1572048000,0.03,26250
Oct 27 2019 01:,1572138000,0.03,28615
Oct 28 2019 01:,1572224400,0.03,20298
Oct 29 2019 01:,1572310800,0.03,27136
Oct 30 2019 01:,1572397200,0.03,24293
Oct 31 2019 01:,1572483600,0.03,23982
Nov 01 2019 01:,1572570000,0.03,21495
Nov 02 2019 01:,1572656400,0.03,20872
Nov 03 2019 01:,1572742800,0.03,24144
Nov 04 2019 01:,1572829200,0.03,15457
Nov 05 2019 01:,1572915600,0.03,15291
Nov 06 2019 01:,1573002000,0.03,12357
Nov 07 2019 01:,1573088400,0.03,14382
Nov 08 2019 01:,1573174800,0.03,14253
Nov 09 2019 01:,1573261200,0.03,17214
Nov 10 2019 01:,1573347600,0.03,20886
Nov 11 2019 01:,1573434000,0.03,19857
Nov 12 2019 01:,1573520400,0.03,15160
Nov 13 2019 01:,1573606800,0.03,14068
Nov 14 2019 01:,1573693200,0.03,13351
Nov 15 2019 01:,1573779600,0.03,14075
Nov 16 2019 01:,1573866000,0.03,18264
Nov 17 2019 01:,1573952400,0.03,15337
Nov 18 2019 01:,1574038800,0.03,21485
Nov 19 2019 01:,1574125200,0.03,21652
Nov 20 2019 01:,1574211600,0.03,12489
Nov 21 2019 01:,1574298000,0.03,14642
Nov 22 2019 01:,1574384400,0.03,13408
Nov 23 2019 01:,1574470800,0.03,18226
Nov 24 2019 01:,1574557200,0.03,22991
Nov 25 2019 01:,1574643600,0.03,15166
Nov 26 2019 01:,1574730000,0.03,14664
Nov 27 2019 01:,1574816400,0.03,17101
Nov 28 2019 01:,1574902800,0.03,15975
Nov 29 2019 01:,1574989200,0.03,23912
Nov 30 2019 01:,1575075600,0.03,23712
Dec 01 2019 01:,1575162000,0.03,17583
Dec 02 2019 01:,1575248400,0.03,14795
Dec 03 2019 01:,1575334800,0.03,12531
Dec 04 2019 01:,1575421200,0.03,12280
Dec 05 2019 01:,1575507600,0.03,11116
Dec 06 2019 01:,1575594000,0.03,15489
Dec 07 2019 01:,1575680400,0.03,15982
Dec 08 2019 01:,1575766800,0.03,18004
Dec 09 2019 01:,1575853200,0.03,13623
Dec 10 2019 01:,1575939600,0.03,17277
Dec 11 2019 01:,1576026000,0.03,14209
Dec 12 2019 01:,1576112400,0.03,15168
Dec 13 2019 01:,1576198800,0.03,16867
Dec 14 2019 01:,1576285200,0.03,20337
Dec 15 2019 01:,1576371600,0.03,20291
Dec 16 2019 01:,1576458000,0.03,14918
Dec 17 2019 01:,1576544400,0.03,15981
Dec 18 2019 01:,1576630800,0.03,24423
Dec 19 2019 01:,1576717200,0.03,17360
Dec 20 2019 01:,1576803600,0.03,19745
Dec 21 2019 01:,1576890000,0.03,21469
Dec 22 2019 01:,1576976400,0.03,17221
Dec 23 2019 01:,1577062800,0.03,18806
Dec 24 2019 01:,1577149200,0.03,21608
Dec 25 2019 01:,1577235600,0.03,18780
Dec 26 2019 01:,1577322000,0.03,20700
Dec 27 2019 01:,1577408400,0.03,21062
Dec 28 2019 01:,1577494800,0.03,24853
Dec 29 2019 01:,1577581200,0.03,22583
Dec 30 2019 01:,1577667600,0.03,20647
Dec 31 2019 01:,1577754000,0.03,18982
Jan 01 2020 01:,1577840400,0.03,19490
Jan 02 2020 01:,1577926800,0.03,24987
Jan 03 2020 01:,1578013200,0.033,20001
Jan 04 2020 01:,1578099600,0.03,21957
Jan 05 2020 01:,1578186000,0.032,24319
Jan 06 2020 01:,1578272400,0.03,18330
Jan 07 2020 01:,1578358800,0.03,18998
Jan 08 2020 01:,1578445200,0.032,19392
Jan 09 2020 01:,1578531600,0.031,26169
Jan 10 2020 01:,1578618000,0.031,21315
Jan 11 2020 01:,1578704400,0.031,21946
Jan 12 2020 01:,1578790800,0.033,23314
Jan 13 2020 01:,1578877200,0.03,23643
Jan 14 2020 01:,1578963600,0.03,20797
Jan 15 2020 01:,1579050000,0.032,22459
Jan 16 2020 01:,1579136400,0.031,23650
Jan 17 2020 01:,1579222800,0.034,25833
Jan 18 2020 01:,1579309200,0.036,32173
Jan 19 2020 01:,1579395600,0.037,27061
Jan 20 2020 01:,1579482000,0.039,28270
Jan 21 2020 01:,1579568400,0.041,35501
Jan 22 2020 01:,1579654800,0.043,33999
Jan 23 2020 01:,1579741200,0.043,29892
Jan 24 2020 01:,1579827600,0.038,37090
Jan 25 2020 01:,1579914000,0.04,33515
Jan 26 2020 01:,1580000400,0.036,31080
Jan 27 2020 01:,1580086800,0.038,25990
Jan 28 2020 01:,1580173200,0.042,25410
Jan 29 2020 01:,1580259600,0.045,26869
Jan 30 2020 01:,1580346000,0.047,24245
Jan 31 2020 01:,1580432400,0.044,27834
Feb 01 2020 01:,1580518800,0.047,32006
Feb 02 2020 01:,1580605200,0.044,31451
Feb 03 2020 01:,1580691600,0.046,26652
Feb 04 2020 01:,1580778000,0.046,30833
Feb 05 2020 01:,1580864400,0.047,29359
Feb 06 2020 01:,1580950800,0.049,32834
Feb 07 2020 01:,1581037200,0.046,32165
Feb 08 2020 01:,1581123600,0.045,37255
Feb 09 2020 01:,1581210000,0.044,38269
Feb 10 2020 01:,1581296400,0.046,32191
Feb 11 2020 01:,1581382800,0.045,25445
Feb 12 2020 01:,1581469200,0.043,32550
Feb 13 2020 01:,1581555600,0.041,31830
Feb 14 2020 01:,1581642000,0.045,36748
Feb 15 2020 01:,1581728400,0.044,42669
Feb 16 2020 01:,1581814800,0.04,42793
Feb 17 2020 01:,1581901200,0.04,29068
Feb 18 2020 01:,1581987600,0.042,35963
Feb 19 2020 01:,1582074000,0.048,43954
Feb 20 2020 01:,1582160400,0.056,46396
Feb 21 2020 01:,1582246800,0.048,35370
Feb 22 2020 01:,1582333200,0.049,36229
Feb 23 2020 01:,1582419600,0.056,46588
Feb 24 2020 01:,1582506000,0.054,44458
Feb 25 2020 01:,1582592400,0.055,43534
Feb 26 2020 01:,1582678800,0.054,35691
Feb 27 2020 01:,1582765200,0.052,34060
Feb 28 2020 01:,1582851600,0.049,33991
Feb 29 2020 01:,1582938000,0.056,65304
Mar 01 2020 01:,1583024400,0.06,48793
Mar 02 2020 01:,1583110800,0.059,34143
Mar 03 2020 01:,1583197200,0.056,31675
Mar 04 2020 01:,1583283600,0.06,36020
Mar 05 2020 01:,1583370000,0.057,33483
Mar 06 2020 01:,1583456400,0.056,34214
Mar 07 2020 01:,1583542800,0.055,40376
Mar 08 2020 01:,1583629200,0.052,35732
Mar 09 2020 01:,1583715600,0.051,33060
Mar 10 2020 01:,1583802000,0.052,34060
Mar 11 2020 01:,1583888400,0.054,35545
Mar 12 2020 01:,1583974800,0.054,36168
Mar 13 2020 01:,1584061200,0.052,35846
Mar 14 2020 01:,1584147600,0.053,41358
Mar 15 2020 01:,1584234000,0.053,40232
Mar 16 2020 01:,1584320400,0.054,39098
Mar 17 2020 01:,1584406800,0.05,39805
Mar 18 2020 01:,1584493200,0.045,35972
Mar 19 2020 01:,1584579600,0.043,40740
Mar 20 2020 01:,1584666000,0.04,36318
Mar 21 2020 01:,1584752400,0.037,37058
Mar 22 2020 01:,1584838800,0.037,32188
Mar 23 2020 01:,1584925200,0.034,31243
Mar 24 2020 01:,1585011600,0.03,33589
Mar 25 2020 01:,1585098000,0.032,35533
Mar 26 2020 01:,1585184400,0.031,33017
Mar 27 2020 01:,1585270800,0.03,43363
Mar 28 2020 01:,1585357200,0.03,35539
Mar 29 2020 01:,1585440000,0.03,29066
Mar 30 2020 01:,1585526400,0.03,32310
Mar 31 2020 01:,1585612800,0.032,45671
Apr 01 2020 01:,1585699200,0.03,46848
Apr 02 2020 01:,1585785600,0.03,45936
Apr 03 2020 01:,1585872000,0.034,54590
Apr 04 2020 01:,1585958400,0.037,48115
Apr 05 2020 01:,1586044800,0.034,44945
Apr 06 2020 01:,1586131200,0.03,47274
Apr 07 2020 01:,1586217600,0.031,43121
Apr 08 2020 01:,1586304000,0.03,46409
Apr 09 2020 01:,1586390400,0.03,40668
Apr 10 2020 01:,1586476800,0.03,41327
Apr 11 2020 01:,1586563200,0.03,53336
Apr 12 2020 01:,1586649600,0.03,41381
Apr 13 2020 01:,1586736000,0.03,43848
Apr 14 2020 01:,1586822400,0.03,37984
Apr 15 2020 01:,1586908800,0.03,40642
Apr 16 2020 01:,1586995200,0.031,44378
Apr 17 2020 01:,1587081600,0.032,42118
Apr 18 2020 01:,1587168000,0.03,40430
Apr 19 2020 01:,1587254400,0.031,37126
Apr 20 2020 01:,1587340800,0.03,37614
Apr 21 2020 01:,1587427200,0.03,44231
Apr 22 2020 01:,1587513600,0.032,40608
Apr 23 2020 01:,1587600000,0.03,40219
Apr 24 2020 01:,1587686400,0.031,44248
Apr 25 2020 01:,1587772800,0.03,41965
Apr 26 2020 01:,1587859200,0.031,38362
Apr 27 2020 01:,1587945600,0.031,39495
Apr 28 2020 01:,1588032000,0.03,37578
Apr 29 2020 01:,1588118400,0.032,20231
Apr 29 2020 15:,1588168800,0.03,2510
Apr 29 2020 16:,1588172400,0.03,1877
Apr 29 2020 17:,1588176000,0.03,1989
Apr 29 2020 18:,1588179600,0.03,1844
Apr 29 2020 19:,1588183200,0.03,2453
Apr 29 2020 20:,1588186800,0.03,1886
Apr 29 2020 21:,1588190400,0.03,1780
Apr 29 2020 22:,1588194000,0.03,1614
Apr 29 2020 23:,1588197600,0.03,1705
Apr 30 2020 00:,1588201200,0.03,1273
Apr 30 2020 01:,1588204800,0.03,1009
Apr 30 2020 02:,1588208400,0.03,1041
Apr 30 2020 03:,1588212000,0.03,827
Apr 30 2020 04:,1588215600,0.03,1176
Apr 30 2020 05:,1588219200,0.03,779
Apr 30 2020 06:,1588222800,0.03,1097
Apr 30 2020 07:,1588226400,0.03,1420
Apr 30 2020 08:,1588230000,0.03,1069
Apr 30 2020 09:,1588233600,0.03,1438
Apr 30 2020 10:,1588237200,0.03,1438
Apr 30 2020 11:,1588240800,0.03,1675
Apr 30 2020 12:,1588244400,0.03,1497
Apr 30 2020 13:,1588248000,0.03,2061
Apr 30 2020 14:,1588251600,0.03,1716
Apr 30 2020 15:,1588255200,0.03,1728
Apr 30 2020 16:,1588258800,0.03,1938
Apr 30 2020 17:,1588262400,0.03,2496
Apr 30 2020 18:,1588266000,0.03,2102
Apr 30 2020 19:,1588269600,0.03,2409
Apr 30 2020 20:,1588273200,0.05,3739
Apr 30 2020 21:,1588276800,0.043,2658
Apr 30 2020 22:,1588280400,0.037,2383
Apr 30 2020 23:,1588284000,0.03,1467
May 01 2020 00:,1588287600,0.043,1992
May 01 2020 01:,1588291200,0.037,1400
May 01 2020 02:,1588294800,0.033,1231
May 01 2020 03:,1588298400,0.037,1114
May 01 2020 04:,1588302000,0.043,1273
May 01 2020 05:,1588305600,0.033,964
May 01 2020 06:,1588309200,0.033,998
May 01 2020 07:,1588312800,0.033,1161
May 01 2020 08:,1588316400,0.03,955
May 01 2020 09:,1588320000,0.03,1379
May 01 2020 10:,1588323600,0.03,1138
May 01 2020 11:,1588327200,0.03,1407
May 01 2020 12:,1588330800,0.043,2494
May 01 2020 13:,1588334400,0.039,2566
May 01 2020 14:,1588338000,0.03,1769
May 01 2020 15:,1588341600,0.03,1588
May 01 2020 16:,1588345200,0.03,1703
May 01 2020 17:,1588348800,0.03,1974
May 01 2020 18:,1588352400,0.03,2056
May 01 2020 19:,1588356000,0.031,2221
May 01 2020 20:,1588359600,0.03,2821
May 01 2020 21:,1588363200,0.03,2168
May 01 2020 22:,1588366800,0.033,1931
May 01 2020 23:,1588370400,0.033,1649
May 02 2020 00:,1588374000,0.036,1680
May 02 2020 01:,1588377600,0.03,1065
May 02 2020 02:,1588381200,0.036,998
May 02 2020 03:,1588384800,0.036,850
May 02 2020 04:,1588388400,0.03,1157
May 02 2020 05:,1588392000,0.03,1438
May 02 2020 06:,1588395600,0.039,950
May 02 2020 07:,1588399200,0.03,836
May 02 2020 08:,1588402800,0.03,1134
May 02 2020 09:,1588406400,0.03,1096
May 02 2020 10:,1588410000,0.03,1469
May 02 2020 11:,1588413600,0.03,1747
May 02 2020 12:,1588417200,0.03,1465
May 02 2020 13:,1588420800,0.03,2578
May 02 2020 14:,1588424400,0.03,2043
May 02 2020 15:,1588428000,0.03,2384
May 02 2020 16:,1588431600,0.03,1563
May 02 2020 17:,1588435200,0.03,2394
May 02 2020 18:,1588438800,0.03,2201
May 02 2020 19:,1588442400,0.03,1838
May 02 2020 20:,1588446000,0.03,2145
May 02 2020 21:,1588449600,0.03,1992
May 02 2020 22:,1588453200,0.03,2535
May 02 2020 23:,1588456800,0.03,1669
May 03 2020 00:,1588460400,0.03,1430
May 03 2020 01:,1588464000,0.03,1501
May 03 2020 02:,1588467600,0.03,1392
May 03 2020 03:,1588471200,0.03,1137
May 03 2020 04:,1588474800,0.03,1144
May 03 2020 05:,1588478400,0.031,2170
May 03 2020 06:,1588482000,0.03,1284
May 03 2020 07:,1588485600,0.03,1378
May 03 2020 08:,1588489200,0.03,1683
May 03 2020 09:,1588492800,0.03,1734
May 03 2020 10:,1588496400,0.03,2468
May 03 2020 11:,1588500000,0.03,3026
May 03 2020 12:,1588503600,0.03,2022
May 03 2020 13:,1588507200,0.03,2671
May 03 2020 14:,1588510800,0.031,1743
May 03 2020 15:,1588514400,0.031,2237
May 03 2020 16:,1588518000,0.03,1981
May 03 2020 17:,1588521600,0.03,1709
May 03 2020 18:,1588525200,0.033,2484
May 03 2020 19:,1588528800,0.031,2681
May 03 2020 20:,1588532400,0.031,1624
May 03 2020 21:,1588536000,0.031,2329
May 03 2020 22:,1588539600,0.033,1624
May 03 2020 23:,1588543200,0.031,1614
May 04 2020 00:,1588546800,0.036,1051
May 04 2020 01:,1588550400,0.03,1186
May 04 2020 02:,1588554000,0.03,1281
May 04 2020 03:,1588557600,0.03,1133
May 04 2020 04:,1588561200,0.03,1375
May 04 2020 05:,1588564800,0.031,1935
May 04 2020 06:,1588568400,0.033,1024
May 04 2020 07:,1588572000,0.03,1175
May 04 2020 08:,1588575600,0.03,1077
May 04 2020 09:,1588579200,0.031,2375
May 04 2020 10:,1588582800,0.03,1590
May 04 2020 11:,1588586400,0.031,1777
May 04 2020 12:,1588590000,0.03,2009
May 04 2020 13:,1588593600,0.033,2368
May 04 2020 14:,1588597200,0.03,2338
May 04 2020 15:,1588600800,0.042,3122
May 04 2020 16:,1588604400,0.03,2374
May 04 2020 17:,1588608000,0.03,1572
May 04 2020 18:,1588611600,0.03,1781
May 04 2020 19:,1588615200,0.03,2025
May 04 2020 20:,1588618800,0.03,2034
May 04 2020 21:,1588622400,0.03,2198
May 04 2020 22:,1588626000,0.03,2043
May 04 2020 23:,1588629600,0.03,1196
May 05 2020 00:,1588633200,0.03,1032
May 05 2020 01:,1588636800,0.031,2194
May 05 2020 02:,1588640400,0.03,995
May 05 2020 03:,1588644000,0.03,1104
May 05 2020 04:,1588647600,0.03,921
May 05 2020 05:,1588651200,0.033,1294
May 05 2020 06:,1588654800,0.032,2181
May 05 2020 07:,1588658400,0.032,2213
May 05 2020 08:,1588662000,0.032,2532
May 05 2020 09:,1588665600,0.033,2523
May 05 2020 10:,1588669200,0.03,1504
May 05 2020 11:,1588672800,0.03,1310
May 05 2020 12:,1588676400,0.03,1924
May 05 2020 13:,1588680000,0.03,1736
May 05 2020 14:,1588683600,0.03,2326
May 05 2020 15:,1588687200,0.03,1868
May 05 2020 16:,1588690800,0.03,1532
May 05 2020 17:,1588694400,0.03,1586
May 05 2020 18:,1588698000,0.03,2224
May 05 2020 19:,1588701600,0.031,1936
May 05 2020 20:,1588705200,0.03,1567
May 05 2020 21:,1588708800,0.03,1426
May 05 2020 22:,1588712400,0.03,1826
May 05 2020 23:,1588716000,0.043,1953
May 06 2020 00:,1588719600,0.03,1138
May 06 2020 01:,1588723200,0.03,900
May 06 2020 02:,1588726800,0.03,1406
May 06 2020 03:,1588730400,0.03,850
May 06 2020 04:,1588734000,0.03,861
May 06 2020 05:,1588737600,0.03,869
May 06 2020 06:,1588741200,0.033,2172
May 06 2020 07:,1588744800,0.033,1308
May 06 2020 08:,1588748400,0.032,1666
May 06 2020 09:,1588752000,0.032,1722
May 06 2020 10:,1588755600,0.031,1340
May 06 2020 11:,1588759200,0.03,1471
May 06 2020 12:,1588762800,0.03,1684
May 06 2020 13:,1588766400,0.032,2038
May 06 2020 14:,1588770000,0.033,3280
May 06 2020 15:,1588773600,0.031,2038
May 06 2020 16:,1588777200,0.031,2417
May 06 2020 17:,1588780800,0.033,2472
May 06 2020 18:,1588784400,0.033,2333
May 06 2020 19:,1588788000,0.033,3391
May 06 2020 20:,1588791600,0.03,1956
May 06 2020 21:,1588795200,0.031,1700
May 06 2020 22:,1588798800,0.031,2050
May 06 2020 23:,1588802400,0.03,1534
May 07 2020 00:,1588806000,0.031,1355
May 07 2020 01:,1588809600,0.03,1033
May 07 2020 02:,1588813200,0.03,840
May 07 2020 03:,1588816800,0.042,1346
May 07 2020 04:,1588820400,0.032,1548
May 07 2020 05:,1588824000,0.032,1424
May 07 2020 06:,1588827600,0.032,1841
May 07 2020 07:,1588831200,0.032,1276
May 07 2020 08:,1588834800,0.032,2461
May 07 2020 09:,1588838400,0.032,1971
May 07 2020 10:,1588842000,0.032,1735
May 07 2020 11:,1588845600,0.034,1532
May 07 2020 12:,1588849200,0.032,2531
May 07 2020 13:,1588852800,0.032,2060
May 07 2020 14:,1588856400,0.033,2165
May 07 2020 15:,1588860000,0.034,2747
May 07 2020 16:,1588863600,0.033,2202
May 07 2020 17:,1588867200,0.032,1977
May 07 2020 18:,1588870800,0.033,3507
May 07 2020 19:,1588874400,0.031,2217
May 07 2020 20:,1588878000,0.031,2321
May 07 2020 21:,1588881600,0.032,2309
May 07 2020 22:,1588885200,0.032,1948
May 07 2020 23:,1588888800,0.032,1438
May 08 2020 00:,1588892400,0.03,1397
May 08 2020 01:,1588896000,0.03,1767
May 08 2020 02:,1588899600,0.043,1497
May 08 2020 03:,1588903200,0.032,1037
May 08 2020 04:,1588906800,0.034,1069
May 08 2020 05:,1588910400,0.05,2330
May 08 2020 06:,1588914000,0.034,2478
May 08 2020 07:,1588917600,0.034,2508
May 08 2020 08:,1588921200,0.034,2884
May 08 2020 09:,1588924800,0.034,1426
May 08 2020 10:,1588928400,0.034,1509
May 08 2020 11:,1588932000,0.034,1985
May 08 2020 12:,1588935600,0.034,2954
May 08 2020 13:,1588939200,0.034,3397
May 08 2020 14:,1588942800,0.034,1983
May 08 2020 15:,1588946400,0.033,2337
May 08 2020 16:,1588950000,0.034,2606
May 08 2020 17:,1588953600,0.034,2660
May 08 2020 18:,1588957200,0.034,2785
May 08 2020 19:,1588960800,0.033,2262
May 08 2020 20:,1588964400,0.034,2646
May 08 2020 21:,1588968000,0.035,2387
May 08 2020 22:,1588971600,0.034,1875
May 08 2020 23:,1588975200,0.051,2081
May 09 2020 00:,1588978800,0.032,1045
May 09 2020 01:,1588982400,0.034,1608
May 09 2020 02:,1588986000,0.034,1207
May 09 2020 03:,1588989600,0.034,1040
May 09 2020 04:,1588993200,0.034,1280
May 09 2020 05:,1588996800,0.035,1586
May 09 2020 06:,1589000400,0.035,1717
May 09 2020 07:,1589004000,0.035,1579
May 09 2020 08:,1589007600,0.035,1377
May 09 2020 09:,1589011200,0.035,1991
May 09 2020 10:,1589014800,0.035,2593
May 09 2020 11:,1589018400,0.035,2943
May 09 2020 12:,1589022000,0.035,2310
May 09 2020 13:,1589025600,0.034,2701
May 09 2020 14:,1589029200,0.035,4011
May 09 2020 15:,1589032800,0.035,4216
May 09 2020 16:,1589036400,0.035,2680
May 09 2020 17:,1589040000,0.035,2664
May 09 2020 18:,1589043600,0.035,2578
May 09 2020 19:,1589047200,0.035,3473
May 09 2020 20:,1589050800,0.033,1896
May 09 2020 21:,1589054400,0.033,2077
May 09 2020 22:,1589058000,0.031,1812
May 09 2020 23:,1589061600,0.033,1746
May 10 2020 00:,1589065200,0.032,1649
May 10 2020 01:,1589068800,0.034,1381
May 10 2020 02:,1589072400,0.035,2554
May 10 2020 03:,1589076000,0.035,2679
May 10 2020 04:,1589079600,0.035,1986
May 10 2020 05:,1589083200,0.035,1352
May 10 2020 06:,1589086800,0.035,3713
May 10 2020 07:,1589090400,0.035,3817
May 10 2020 08:,1589094000,0.035,4240
May 10 2020 09:,1589097600,0.037,3456
May 10 2020 10:,1589101200,0.036,2704
May 10 2020 11:,1589104800,0.037,3234
May 10 2020 12:,1589108400,0.036,2001
May 10 2020 13:,1589112000,0.038,3275
May 10 2020 14:,1589115600,0.038,3139
May 10 2020 15:,1589119200,0.038,3701
May 10 2020 16:,1589122800,0.037,3516
May 10 2020 17:,1589126400,0.04,2504
May 10 2020 18:,1589130000,0.037,1975
May 10 2020 19:,1589133600,0.038,2161
May 10 2020 20:,1589137200,0.038,2414
May 10 2020 21:,1589140800,0.035,1903
May 10 2020 22:,1589144400,0.034,1655
May 10 2020 23:,1589148000,0.038,2013
May 11 2020 00:,1589151600,0.035,1601
May 11 2020 01:,1589155200,0.038,1601
May 11 2020 02:,1589158800,0.035,860
May 11 2020 03:,1589162400,0.038,1320
May 11 2020 04:,1589166000,0.045,882
May 11 2020 05:,1589169600,0.039,1507
May 11 2020 06:,1589173200,0.04,1328
May 11 2020 07:,1589176800,0.039,2082
May 11 2020 08:,1589180400,0.04,1574
May 11 2020 09:,1589184000,0.039,1771
May 11 2020 10:,1589187600,0.039,2299
May 11 2020 11:,1589191200,0.04,2245
May 11 2020 12:,1589194800,0.05,2379
May 11 2020 13:,1589198400,0.039,2192
May 11 2020 14:,1589202000,0.039,3322
May 11 2020 15:,1589205600,0.038,2622
May 11 2020 16:,1589209200,0.038,2798
May 11 2020 17:,1589212800,0.04,3305
May 11 2020 18:,1589216400,0.039,2887
May 11 2020 19:,1589220000,0.038,2353
May 11 2020 20:,1589223600,0.054,2638
May 11 2020 21:,1589227200,0.038,2500
May 11 2020 22:,1589230800,0.038,3133
May 11 2020 23:,1589234400,0.039,3117
May 12 2020 00:,1589238000,0.039,3746
May 12 2020 01:,1589241600,0.039,5064
May 12 2020 02:,1589245200,0.039,3157
May 12 2020 03:,1589248800,0.039,2975
May 12 2020 04:,1589252400,0.039,3118
May 12 2020 05:,1589256000,0.039,3875
May 12 2020 06:,1589259600,0.039,4188
May 12 2020 07:,1589263200,0.039,6146
May 12 2020 08:,1589266800,0.039,3179
May 12 2020 09:,1589270400,0.039,2511
May 12 2020 10:,1589274000,0.04,2296
May 12 2020 11:,1589277600,0.039,2406
May 12 2020 12:,1589281200,0.04,3239
May 12 2020 13:,1589284800,0.039,2400
May 12 2020 14:,1589288400,0.039,2188
May 12 2020 15:,1589292000,0.041,3308
May 12 2020 16:,1589295600,0.04,4114
May 12 2020 17:,1589299200,0.04,2889
May 12 2020 18:,1589302800,0.039,2177
May 12 2020 19:,1589306400,0.041,3238
May 12 2020 20:,1589310000,0.041,2951
May 12 2020 21:,1589313600,0.04,2117
May 12 2020 22:,1589317200,0.037,1774
May 12 2020 23:,1589320800,0.038,1355
May 13 2020 00:,1589324400,0.05,2029
May 13 2020 01:,1589328000,0.038,1180
May 13 2020 02:,1589331600,0.038,1228
May 13 2020 03:,1589335200,0.054,1215
May 13 2020 04:,1589338800,0.041,1228
May 13 2020 05:,1589342400,0.039,744
May 13 2020 06:,1589346000,0.042,1407
May 13 2020 07:,1589349600,0.042,1276
May 13 2020 08:,1589353200,0.042,1864
May 13 2020 09:,1589356800,0.041,1670
May 13 2020 10:,1589360400,0.041,1664
May 13 2020 11:,1589364000,0.039,2061
May 13 2020 12:,1589367600,0.041,2296
May 13 2020 13:,1589371200,0.041,1543
May 13 2020 14:,1589374800,0.042,2323
May 13 2020 15:,1589378400,0.041,1823
May 13 2020 16:,1589382000,0.042,2338
May 13 2020 17:,1589385600,0.042,2829
May 13 2020 18:,1589389200,0.041,2371
May 13 2020 19:,1589392800,0.044,3495
May 13 2020 20:,1589396400,0.042,2540
May 13 2020 21:,1589400000,0.041,2401
May 13 2020 22:,1589403600,0.042,1941
May 13 2020 23:,1589407200,0.054,2579
May 14 2020 00:,1589410800,0.042,1727
May 14 2020 01:,1589414400,0.042,1389
May 14 2020 02:,1589418000,0.054,1155
May 14 2020 03:,1589421600,0.044,1522
May 14 2020 04:,1589425200,0.046,1127
May 14 2020 05:,1589428800,0.045,945
May 14 2020 06:,1589432400,0.052,986
May 14 2020 07:,1589436000,0.045,1289
May 14 2020 08:,1589439600,0.044,1466
May 14 2020 09:,1589443200,0.045,1371
May 14 2020 10:,1589446800,0.045,1858
May 14 2020 11:,1589450400,0.045,1667
May 14 2020 12:,1589454000,0.044,1881
May 14 2020 13:,1589457600,0.045,2895
May 14 2020 14:,1589461200,0.045,3170
May 14 2020 15:,1589464800,0.045,3461
May 14 2020 16:,1589468400,0.06,3717
May 14 2020 17:,1589472000,0.045,2334
May 14 2020 18:,1589475600,0.045,2203
May 14 2020 19:,1589479200,0.054,4328
May 14 2020 20:,1589482800,0.046,2250
May 14 2020 21:,1589486400,0.045,1850
May 14 2020 22:,1589490000,0.045,1900
May 14 2020 23:,1589493600,0.045,2235
May 15 2020 00:,1589497200,0.045,1799
May 15 2020 01:,1589500800,0.058,1554
May 15 2020 02:,1589504400,0.045,970
May 15 2020 03:,1589508000,0.045,989
May 15 2020 04:,1589511600,0.045,1447
May 15 2020 05:,1589515200,0.046,1689
May 15 2020 06:,1589518800,0.045,1453
May 15 2020 07:,1589522400,0.045,2291
May 15 2020 08:,1589526000,0.045,1651
May 15 2020 09:,1589529600,0.046,2804
May 15 2020 10:,1589533200,0.045,2157
May 15 2020 11:,1589536800,0.045,1945
May 15 2020 12:,1589540400,0.044,1983
May 15 2020 13:,1589544000,0.044,2118
May 15 2020 14:,1589547600,0.044,2611
May 15 2020 15:,1589551200,0.045,3907
May 15 2020 16:,1589554800,0.045,5007
May 15 2020 17:,1589558400,0.045,2943
May 15 2020 18:,1589562000,0.046,4050
May 15 2020 19:,1589565600,0.045,2199
May 15 2020 20:,1589569200,0.045,2093
May 15 2020 21:,1589572800,0.045,1834
May 15 2020 22:,1589576400,0.045,2370
May 15 2020 23:,1589580000,0.045,2411
May 16 2020 00:,1589583600,0.065,2960
May 16 2020 01:,1589587200,0.048,1559
May 16 2020 02:,1589590800,0.048,1157
May 16 2020 03:,1589594400,0.057,1156
May 16 2020 04:,1589598000,0.057,1391
May 16 2020 05:,1589601600,0.049,1336
May 16 2020 06:,1589605200,0.049,1483
May 16 2020 07:,1589608800,0.051,1393
May 16 2020 08:,1589612400,0.05,2125
May 16 2020 09:,1589616000,0.05,2219
May 16 2020 10:,1589619600,0.057,2856
May 16 2020 11:,1589623200,0.051,2852
May 16 2020 12:,1589626800,0.051,2598
May 16 2020 13:,1589630400,0.05,2285
May 16 2020 14:,1589634000,0.051,2313
May 16 2020 15:,1589637600,0.051,2479
May 16 2020 16:,1589641200,0.052,6098
May 16 2020 17:,1589644800,0.052,3177
May 16 2020 18:,1589648400,0.052,2588
May 16 2020 19:,1589652000,0.052,3575
May 16 2020 20:,1589655600,0.051,2308
May 16 2020 21:,1589659200,0.073,4031
May 16 2020 22:,1589662800,0.065,3908
May 16 2020 23:,1589666400,0.065,3616
May 17 2020 00:,1589670000,0.07,3193
May 17 2020 01:,1589673600,0.052,2766
May 17 2020 02:,1589677200,0.051,2536
May 17 2020 03:,1589680800,0.064,1391
May 17 2020 04:,1589684400,0.076,1761
May 17 2020 05:,1589688000,0.07,2668
May 17 2020 06:,1589691600,0.064,2581
May 17 2020 07:,1589695200,0.054,3306
May 17 2020 08:,1589698800,0.055,2694
May 17 2020 09:,1589702400,0.076,3547
May 17 2020 10:,1589706000,0.07,3104
May 17 2020 11:,1589709600,0.056,1936
May 17 2020 12:,1589713200,0.056,2370
May 17 2020 13:,1589716800,0.056,3035
May 17 2020 14:,1589720400,0.055,2663
May 17 2020 15:,1589724000,0.056,3299
May 17 2020 16:,1589727600,0.057,2946
May 17 2020 17:,1589731200,0.058,3557
May 17 2020 18:,1589734800,0.059,3423
May 17 2020 19:,1589738400,0.056,2825
May 17 2020 20:,1589742000,0.056,2525
May 17 2020 21:,1589745600,0.065,2314
May 17 2020 22:,1589749200,0.065,2316
May 17 2020 23:,1589752800,0.065,1997
May 18 2020 00:,1589756400,0.065,1949
May 18 2020 01:,1589760000,0.07,1296
May 18 2020 02:,1589763600,0.064,1961
May 18 2020 03:,1589767200,0.059,1425
May 18 2020 04:,1589770800,0.058,1777
May 18 2020 05:,1589774400,0.058,1930
May 18 2020 06:,1589778000,0.058,1382
May 18 2020 07:,1589781600,0.058,1076
May 18 2020 08:,1589785200,0.058,2236
May 18 2020 09:,1589788800,0.059,2485
May 18 2020 10:,1589792400,0.058,1611
May 18 2020 11:,1589796000,0.058,2899
May 18 2020 12:,1589799600,0.058,2935
May 18 2020 13:,1589803200,0.059,5142
May 18 2020 14:,1589806800,0.071,4760
May 18 2020 15:,1589810400,0.06,4039
May 18 2020 16:,1589814000,0.06,3372
May 18 2020 17:,1589817600,0.076,3194
May 18 2020 18:,1589821200,0.076,3240
May 18 2020 19:,1589824800,0.076,4157
May 18 2020 20:,1589828400,0.07,4200
May 18 2020 21:,1589832000,0.073,3783
May 18 2020 22:,1589835600,0.07,3426
May 18 2020 23:,1589839200,0.071,2608
May 19 2020 00:,1589842800,0.071,1777
May 19 2020 01:,1589846400,0.065,1835
May 19 2020 02:,1589850000,0.065,1524
May 19 2020 03:,1589853600,0.071,2424
May 19 2020 04:,1589857200,0.065,1572
May 19 2020 05:,1589860800,0.063,1498
May 19 2020 06:,1589864400,0.065,1473
May 19 2020 07:,1589868000,0.063,2532
May 19 2020 08:,1589871600,0.065,2514
May 19 2020 09:,1589875200,0.076,1878
May 19 2020 10:,1589878800,0.065,2259
May 19 2020 11:,1589882400,0.073,2531
May 19 2020 12:,1589886000,0.065,3413
May 19 2020 13:,1589889600,0.065,2955
May 19 2020 14:,1589893200,0.065,4140
May 19 2020 15:,1589896800,0.065,5387
May 19 2020 16:,1589900400,0.071,4724
May 19 2020 17:,1589904000,0.071,4197
May 19 2020 18:,1589907600,0.07,2993
May 19 2020 19:,1589911200,0.076,3480
May 19 2020 20:,1589914800,0.073,3386
May 19 2020 21:,1589918400,0.076,2634
May 19 2020 22:,1589922000,0.066,2050
May 19 2020 23:,1589925600,0.076,1423
May 20 2020 00:,1589929200,0.065,957
May 20 2020 01:,1589932800,0.073,2071
May 20 2020 02:,1589936400,0.066,1428
May 20 2020 03:,1589940000,0.067,1993
May 20 2020 04:,1589943600,0.08,1950
May 20 2020 05:,1589947200,0.08,1631
May 20 2020 06:,1589950800,0.067,1317
May 20 2020 07:,1589954400,0.067,1199
May 20 2020 08:,1589958000,0.067,1769
May 20 2020 09:,1589961600,0.069,1790
May 20 2020 10:,1589965200,0.068,2314
May 20 2020 11:,1589968800,0.067,2031
May 20 2020 12:,1589972400,0.066,2481
May 20 2020 13:,1589976000,0.066,1853
May 20 2020 14:,1589979600,0.065,2073
May 20 2020 15:,1589983200,0.065,2456
May 20 2020 16:,1589986800,0.065,3079
May 20 2020 17:,1589990400,0.066,3680
May 20 2020 18:,1589994000,0.065,3070
May 20 2020 19:,1589997600,0.07,2392
May 20 2020 20:,1590001200,0.076,2184
May 20 2020 21:,1590004800,0.077,2934
May 20 2020 22:,1590008400,0.077,2288
May 20 2020 23:,1590012000,0.077,1674
May 21 2020 00:,1590015600,0.068,1994
May 21 2020 01:,1590019200,0.072,1663
May 21 2020 02:,1590022800,0.065,1270
May 21 2020 03:,1590026400,0.08,2678
May 21 2020 04:,1590030000,0.072,2843
May 21 2020 05:,1590033600,0.066,1818
May 21 2020 06:,1590037200,0.066,1462
May 21 2020 07:,1590040800,0.066,2046
May 21 2020 08:,1590044400,0.066,1227
May 21 2020 09:,1590048000,0.066,1731
May 21 2020 10:,1590051600,0.066,1575
May 21 2020 11:,1590055200,0.065,2018
May 21 2020 12:,1590058800,0.065,2474
May 21 2020 13:,1590062400,0.065,1661
May 21 2020 14:,1590066000,0.064,2168
May 21 2020 15:,1590069600,0.064,2383
May 21 2020 16:,1590073200,0.065,3107
May 21 2020 17:,1590076800,0.065,3443
May 21 2020 18:,1590080400,0.065,2909
May 21 2020 19:,1590084000,0.064,2236
May 21 2020 20:,1590087600,0.059,2239
May 21 2020 21:,1590091200,0.062,2940
May 21 2020 22:,1590094800,0.063,3269
May 21 2020 23:,1590098400,0.061,1808
May 22 2020 00:,1590102000,0.063,1447
May 22 2020 01:,1590105600,0.059,1103
May 22 2020 02:,1590109200,0.065,1295
May 22 2020 03:,1590112800,0.061,1028
May 22 2020 04:,1590116400,0.061,938
May 22 2020 05:,1590120000,0.065,1171
May 22 2020 06:,1590123600,0.065,1096
May 22 2020 07:,1590127200,0.065,1466
May 22 2020 08:,1590130800,0.061,1673
May 22 2020 09:,1590134400,0.061,2549
May 22 2020 10:,1590138000,0.065,2215
May 22 2020 11:,1590141600,0.063,2406
May 22 2020 12:,1590145200,0.062,2418
May 22 2020 13:,1590148800,0.063,2208
May 22 2020 14:,1590152400,0.063,2285
May 22 2020 15:,1590156000,0.065,2705
May 22 2020 16:,1590159600,0.065,2326
May 22 2020 17:,1590163200,0.061,2036
May 22 2020 18:,1590166800,0.065,2726
May 22 2020 19:,1590170400,0.072,2545
May 22 2020 20:,1590174000,0.077,2294
May 22 2020 21:,1590177600,0.077,1952
May 22 2020 22:,1590181200,0.077,2058
May 22 2020 23:,1590184800,0.077,2441
May 23 2020 00:,1590188400,0.077,1948
May 23 2020 01:,1590192000,0.072,1366
May 23 2020 02:,1590195600,0.072,1129
May 23 2020 03:,1590199200,0.065,1634
May 23 2020 04:,1590202800,0.065,844
May 23 2020 05:,1590206400,0.066,1901
May 23 2020 06:,1590210000,0.066,1253
May 23 2020 07:,1590213600,0.067,1521
May 23 2020 08:,1590217200,0.066,1692
May 23 2020 09:,1590220800,0.066,1438
May 23 2020 10:,1590224400,0.065,1501
May 23 2020 11:,1590228000,0.066,2032
May 23 2020 12:,1590231600,0.067,2252
May 23 2020 13:,1590235200,0.066,2115
May 23 2020 14:,1590238800,0.067,2584
May 23 2020 15:,1590242400,0.069,2742
May 23 2020 16:,1590246000,0.067,2174
May 23 2020 17:,1590249600,0.067,2353
May 23 2020 18:,1590253200,0.066,1771
May 23 2020 19:,1590256800,0.067,2362
May 23 2020 20:,1590260400,0.065,2104
May 23 2020 21:,1590264000,0.072,1968
May 23 2020 22:,1590267600,0.077,1744
May 23 2020 23:,1590271200,0.063,1616
May 24 2020 00:,1590274800,0.065,1451
May 24 2020 01:,1590278400,0.072,1351
May 24 2020 02:,1590282000,0.067,1817
May 24 2020 03:,1590285600,0.066,1020
May 24 2020 04:,1590289200,0.067,922
May 24 2020 05:,1590292800,0.067,1389
May 24 2020 06:,1590296400,0.065,1139
May 24 2020 07:,1590300000,0.066,1509
May 24 2020 08:,1590303600,0.066,1372
May 24 2020 09:,1590307200,0.065,1198
May 24 2020 10:,1590310800,0.066,1658
May 24 2020 11:,1590314400,0.065,1784
May 24 2020 12:,1590318000,0.077,2542
May 24 2020 13:,1590321600,0.065,2379
May 24 2020 14:,1590325200,0.072,2092
May 24 2020 15:,1590328800,0.066,2190
May 24 2020 16:,1590332400,0.065,2224
May 24 2020 17:,1590336000,0.065,1701
May 24 2020 18:,1590339600,0.062,2304
May 24 2020 19:,1590343200,0.061,1848
May 24 2020 20:,1590346800,0.061,1970
May 24 2020 21:,1590350400,0.06,3537
May 24 2020 22:,1590354000,0.06,2280
May 24 2020 23:,1590357600,0.061,1968
May 25 2020 00:,1590361200,0.059,1145
May 25 2020 01:,1590364800,0.059,1001
May 25 2020 02:,1590368400,0.06,1060
May 25 2020 03:,1590372000,0.061,809
May 25 2020 04:,1590375600,0.06,1122
May 25 2020 05:,1590379200,0.06,1058
May 25 2020 06:,1590382800,0.06,986
May 25 2020 07:,1590386400,0.065,1991
May 25 2020 08:,1590390000,0.06,1033
May 25 2020 09:,1590393600,0.06,1727
May 25 2020 10:,1590397200,0.06,2241
May 25 2020 11:,1590400800,0.062,2153
May 25 2020 12:,1590404400,0.06,1340
May 25 2020 13:,1590408000,0.06,2264
May 25 2020 14:,1590411600,0.063,2470
May 25 2020 15:,1590415200,0.06,2273
May 25 2020 16:,1590418800,0.06,2089
May 25 2020 17:,1590422400,0.059,2997
May 25 2020 18:,1590426000,0.059,3431
May 25 2020 19:,1590429600,0.057,2830
May 25 2020 20:,1590433200,0.055,1687
May 25 2020 21:,1590436800,0.057,352
May 25 2020 22:,1590440400,0.056,963
May 25 2020 23:,1590444000,0.056,1984
May 26 2020 00:,1590447600,0.054,2037
May 26 2020 01:,1590451200,0.052,1514
May 26 2020 02:,1590454800,0.052,1244
May 26 2020 03:,1590458400,0.052,1316
May 26 2020 04:,1590462000,0.052,1367
May 26 2020 05:,1590465600,0.051,1606
May 26 2020 06:,1590469200,0.051,1567
May 26 2020 07:,1590472800,0.051,1757
May 26 2020 08:,1590476400,0.052,2368
May 26 2020 09:,1590480000,0.054,3146
May 26 2020 10:,1590483600,0.053,2127
May 26 2020 11:,1590487200,0.052,1662
May 26 2020 12:,1590490800,0.052,2284
May 26 2020 13:,1590494400,0.052,2599
May 26 2020 14:,1590498000,0.059,1888
May 26 2020 15:,1590501600,0.052,2249
May 26 2020 16:,1590505200,0.066,2037
May 26 2020 17:,1590508800,0.052,1610
May 26 2020 18:,1590512400,0.052,2256
May 26 2020 19:,1590516000,0.052,1979
May 26 2020 20:,1590519600,0.051,1681
May 26 2020 21:,1590523200,0.051,1478
May 26 2020 22:,1590526800,0.051,1533
May 26 2020 23:,1590530400,0.052,1087
May 27 2020 00:,1590534000,0.051,1184
May 27 2020 01:,1590537600,0.052,1306
May 27 2020 02:,1590541200,0.053,1118
May 27 2020 03:,1590544800,0.053,712
May 27 2020 04:,1590548400,0.055,859
May 27 2020 05:,1590552000,0.056,1721
May 27 2020 06:,1590555600,0.057,1338
May 27 2020 07:,1590559200,0.058,1393
May 27 2020 08:,1590562800,0.058,1860
May 27 2020 09:,1590566400,0.056,1469
May 27 2020 10:,1590570000,0.053,1498
May 27 2020 11:,1590573600,0.054,1569
May 27 2020 12:,1590577200,0.054,1715
May 27 2020 13:,1590580800,0.055,1738
May 27 2020 14:,1590584400,0.054,2225
May 27 2020 15:,1590588000,0.053,2207
May 27 2020 16:,1590591600,0.056,1959
May 27 2020 17:,1590595200,0.052,1593
May 27 2020 18:,1590598800,0.052,1736
May 27 2020 19:,1590602400,0.052,1686
May 27 2020 20:,1590606000,0.051,1888
May 27 2020 21:,1590609600,0.052,1673
May 27 2020 22:,1590613200,0.053,1984
May 27 2020 23:,1590616800,0.059,1535
May 28 2020 00:,1590620400,0.054,1056
May 28 2020 01:,1590624000,0.07,1191
May 28 2020 02:,1590627600,0.057,795
May 28 2020 03:,1590631200,0.058,926
May 28 2020 04:,1590634800,0.057,610
May 28 2020 05:,1590638400,0.058,646
May 28 2020 06:,1590642000,0.057,954
May 28 2020 07:,1590645600,0.057,813
May 28 2020 08:,1590649200,0.059,1501
May 28 2020 09:,1590652800,0.057,1190
May 28 2020 10:,1590656400,0.059,1589
May 28 2020 11:,1590660000,0.059,1654
May 28 2020 12:,1590663600,0.057,1803
May 28 2020 13:,1590667200,0.054,1398
May 28 2020 14:,1590670800,0.053,1753
May 28 2020 15:,1590674400,0.053,1932
May 28 2020 16:,1590678000,0.055,1848
May 28 2020 17:,1590681600,0.057,2072
May 28 2020 18:,1590685200,0.057,2395
May 28 2020 19:,1590688800,0.06,1618
May 28 2020 20:,1590692400,0.053,1709
May 28 2020 21:,1590696000,0.053,1894
May 28 2020 22:,1590699600,0.052,1579
May 28 2020 23:,1590703200,0.053,1496
May 29 2020 00:,1590706800,0.056,1075
May 29 2020 01:,1590710400,0.056,1021
May 29 2020 02:,1590714000,0.057,1057
May 29 2020 03:,1590717600,0.057,1020
May 29 2020 04:,1590721200,0.057,942
May 29 2020 05:,1590724800,0.057,1441
May 29 2020 06:,1590728400,0.06,1122
May 29 2020 07:,1590732000,0.06,1074
May 29 2020 08:,1590735600,0.055,1101
May 29 2020 09:,1590739200,0.06,1570
May 29 2020 10:,1590742800,0.06,1506
May 29 2020 11:,1590746400,0.059,2108
May 29 2020 12:,1590750000,0.056,1828
May 29 2020 13:,1590753600,0.056,1953
May 29 2020 14:,1590757200.0,0.058999999999999997,2212.0
May 29 2020 15:,1590760800.0,0.063,2322.0
May 29 2020 16:,1590764400.0,0.057000000000000002,1669.0
May 29 2020 17:,1590768000.0,0.058999999999999997,1719.0
May 29 2020 18:,1590771600.0,0.058999999999999997,1650.0
May 29 2020 19:,1590775200.0,0.055,1343.0
May 29 2020 20:,1590778800.0,0.053999999999999999,1563.0
May 29 2020 21:,1590782400.0,0.056000000000000001,1558.0
May 29 2020 22:,1590786000.0,0.055,1417.0
May 29 2020 23:,1590789600.0,0.065000000000000002,1838.0
May 30 2020 00:,1590793200.0,0.053999999999999999,978.0
May 30 2020 01:,1590796800.0,0.053999999999999999,988.0
May 30 2020 02:,1590800400.0,0.056000000000000001,945.0
May 30 2020 03:,1590804000.0,0.078,1376.0
May 30 2020 04:,1590807600.0,0.057000000000000002,1129.0
May 30 2020 05:,1590811200.0,0.057000000000000002,1432.0
May 30 2020 06:,1590814800.0,0.059999999999999998,1560.0
May 30 2020 07:,1590818400.0,0.059999999999999998,1480.0
May 30 2020 08:,1590822000.0,0.059999999999999998,1202.0
May 30 2020 09:,1590825600.0,0.056000000000000001,1022.0
May 30 2020 10:,1590829200.0,0.057000000000000002,1960.0
May 30 2020 11:,1590832800.0,0.057000000000000002,1495.0
May 30 2020 12:,1590836400.0,0.056000000000000001,1855.0
May 30 2020 13:,1590840000.0,0.055,1313.0
May 30 2020 14:,1590843600.0,0.066000000000000003,2532.0
May 30 2020 15:,1590847200.0,0.058000000000000003,1738.0
May 30 2020 16:,1590850800.0,0.058999999999999997,2218.0
May 30 2020 17:,1590854400.0,0.058999999999999997,1989.0
May 30 2020 18:,1590858000.0,0.057000000000000002,1814.0
May 30 2020 19:,1590861600.0,0.059999999999999998,2265.0
May 30 2020 20:,1590865200.0,0.056000000000000001,1798.0
May 30 2020 21:,1590868800.0,0.070000000000000007,2700.0
May 30 2020 22:,1590872400.0,0.055,1507.0
May 30 2020 23:,1590876000.0,0.055,1403.0
May 31 2020 00:,1590879600.0,0.055,1304.0
May 31 2020 01:,1590883200.0,0.055,1362.0
May 31 2020 02:,1590886800.0,0.070000000000000007,1247.0
May 31 2020 03:,1590890400.0,0.058999999999999997,846.0
May 31 2020 04:,1590894000.0,0.064000000000000001,1755.0
May 31 2020 05:,1590897600.0,0.064000000000000001,1019.0
May 31 2020 06:,1590901200.0,0.064000000000000001,962.0
May 31 2020 07:,1590904800.0,0.064000000000000001,799.0
May 31 2020 08:,1590908400.0,0.066000000000000003,1128.0
May 31 2020 09:,1590912000.0,0.066000000000000003,1835.0
May 31 2020 10:,1590915600.0,0.064000000000000001,1430.0
May 31 2020 11:,1590919200.0,0.058999999999999997,1538.0
May 31 2020 12:,1590922800.0,0.065000000000000002,1769.0
May 31 2020 13:,1590926400.0,0.064000000000000001,1978.0
May 31 2020 14:,1590930000.0,0.064000000000000001,1857.0
May 31 2020 15:,1590933600.0,0.066000000000000003,2146.0
May 31 2020 16:,1590937200.0,0.065000000000000002,1861.0
May 31 2020 17:,1590940800.0,0.066000000000000003,1998.0
May 31 2020 18:,1590944400.0,0.064000000000000001,1895.0
May 31 2020 19:,1590948000.0,0.057000000000000002,1642.0
May 31 2020 20:,1590951600.0,0.056000000000000001,1739.0
May 31 2020 21:,1590955200.0,0.067000000000000004,1445.0
May 31 2020 22:,1590958800.0,0.065000000000000002,1500.0
May 31 2020 23:,1590962400.0,0.059999999999999998,1670.0
Jun 01 2020 00:,1590966000.0,0.070000000000000007,1107.0
Jun 01 2020 01:,1590969600.0,0.070000000000000007,1136.0
Jun 01 2020 02:,1590973200.0,0.058999999999999997,1218.0
Jun 01 2020 03:,1590976800.0,0.058999999999999997,1201.0
Jun 01 2020 04:,1590980400.0,0.063,1486.0
Jun 01 2020 05:,1590984000.0,0.064000000000000001,889.0
Jun 01 2020 06:,1590987600.0,0.064000000000000001,986.0
Jun 01 2020 07:,1590991200.0,0.066000000000000003,884.0
Jun 01 2020 08:,1590994800.0,0.066000000000000003,1392.0
Jun 01 2020 09:,1590998400.0,0.066000000000000003,1288.0
Jun 01 2020 10:,1591002000.0,0.058999999999999997,1276.0
Jun 01 2020 11:,1591005600.0,0.058000000000000003,1252.0
Jun 01 2020 12:,1591009200.0,0.062,1704.0
Jun 01 2020 13:,1591012800.0,0.058999999999999997,1473.0
Jun 01 2020 14:,1591016400.0,0.058999999999999997,1981.0
Jun 01 2020 15:,1591020000.0,0.056000000000000001,1745.0
Jun 01 2020 16:,1591023600.0,0.057000000000000002,2340.0
Jun 01 2020 17:,1591027200.0,0.064000000000000001,2718.0
Jun 01 2020 18:,1591030800.0,0.064000000000000001,2131.0
Jun 01 2020 19:,1591034400.0,0.064000000000000001,2619.0
Jun 01 2020 20:,1591038000.0,0.064000000000000001,2211.0
Jun 01 2020 21:,1591041600.0,0.070000000000000007,1970.0
Jun 01 2020 22:,1591045200.0,0.070000000000000007,1736.0
Jun 01 2020 23:,1591048800.0,0.057000000000000002,1772.0
Jun 02 2020 00:,1591052400.0,0.057000000000000002,919.0
Jun 02 2020 01:,1591056000.0,0.070000000000000007,1081.0
Jun 02 2020 02:,1591059600.0,0.059999999999999998,1221.0
Jun 02 2020 03:,1591063200.0,0.066000000000000003,814.0
Jun 02 2020 04:,1591066800.0,0.059999999999999998,737.0
Jun 02 2020 05:,1591070400.0,0.064000000000000001,993.0
Jun 02 2020 06:,1591074000.0,0.066000000000000003,820.0
Jun 02 2020 07:,1591077600.0,0.066000000000000003,1079.0
Jun 02 2020 08:,1591081200.0,0.064000000000000001,1372.0
Jun 02 2020 09:,1591084800.0,0.058999999999999997,1154.0
Jun 02 2020 10:,1591088400.0,0.064000000000000001,1401.0
Jun 02 2020 11:,1591092000.0,0.056000000000000001,1377.0
Jun 02 2020 12:,1591095600.0,0.056000000000000001,1771.0
Jun 02 2020 13:,1591099200.0,0.057000000000000002,1469.0
Jun 02 2020 14:,1591102800.0,0.059999999999999998,1535.0
Jun 02 2020 15:,1591106400.0,0.059999999999999998,2054.0
Jun 02 2020 16:,1591110000.0,0.066000000000000003,3978.0
Jun 02 2020 17:,1591113600.0,0.064000000000000001,1887.0
Jun 02 2020 18:,1591117200.0,0.065000000000000002,3517.0
Jun 02 2020 19:,1591120800.0,0.065000000000000002,3962.0
Jun 02 2020 20:,1591124400.0,0.078,1900.0
Jun 02 2020 21:,1591128000.0,0.078,2074.0
Jun 02 2020 22:,1591131600.0,0.078,2170.0
Jun 02 2020 23:,1591135200.0,0.078,1325.0
Jun 03 2020 00:,1591138800.0,0.065000000000000002,1027.0
Jun 03 2020 01:,1591142400.0,0.066000000000000003,1476.0
Jun 03 2020 02:,1591146000.0,0.069000000000000006,849.0
Jun 03 2020 03:,1591149600.0,0.067000000000000004,995.0
Jun 03 2020 04:,1591153200.0,0.067000000000000004,1338.0
Jun 03 2020 05:,1591156800.0,0.067000000000000004,775.0
Jun 03 2020 06:,1591160400.0,0.067000000000000004,784.0
Jun 03 2020 07:,1591164000.0,0.069000000000000006,863.0
Jun 03 2020 08:,1591167600.0,0.067000000000000004,1628.0
Jun 03 2020 09:,1591171200.0,0.066000000000000003,1790.0
Jun 03 2020 10:,1591174800.0,0.063,1539.0
Jun 03 2020 11:,1591178400.0,0.065000000000000002,1327.0
Jun 03 2020 12:,1591182000.0,0.064000000000000001,1306.0
Jun 03 2020 13:,1591185600.0,0.066000000000000003,2313.0
Jun 03 2020 14:,1591189200.0,0.066000000000000003,1801.0
Jun 03 2020 15:,1591192800.0,0.065000000000000002,1972.0
Jun 03 2020 16:,1591196400.0,0.067000000000000004,2034.0
Jun 03 2020 17:,1591200000.0,0.066000000000000003,2191.0
Jun 03 2020 18:,1591203600.0,0.066000000000000003,2357.0
Jun 03 2020 19:,1591207200.0,0.067000000000000004,2002.0
Jun 03 2020 20:,1591210800.0,0.065000000000000002,1511.0
Jun 03 2020 21:,1591214400.0,0.059999999999999998,1666.0
Jun 03 2020 22:,1591218000.0,0.058999999999999997,1222.0
Jun 03 2020 23:,1591221600.0,0.059999999999999998,1644.0
Jun 04 2020 00:,1591225200.0,0.057000000000000002,891.0
Jun 04 2020 01:,1591228800.0,0.058999999999999997,1388.0
Jun 04 2020 02:,1591232400.0,0.058999999999999997,1089.0
Jun 04 2020 03:,1591236000.0,0.058999999999999997,889.0
Jun 04 2020 04:,1591239600.0,0.066000000000000003,1128.0
Jun 04 2020 05:,1591243200.0,0.067000000000000004,779.0
Jun 04 2020 06:,1591246800.0,0.067000000000000004,669.0
Jun 04 2020 07:,1591250400.0,0.067000000000000004,1478.0
Jun 04 2020 08:,1591254000.0,0.067000000000000004,1029.0
Jun 04 2020 09:,1591257600.0,0.067000000000000004,1600.0
Jun 04 2020 10:,1591261200.0,0.067000000000000004,1672.0
Jun 04 2020 11:,1591264800.0,0.067000000000000004,1383.0
Jun 04 2020 12:,1591268400.0,0.063,1255.0
Jun 04 2020 13:,1591272000.0,0.063,1220.0
Jun 04 2020 14:,1591275600.0,0.067000000000000004,2284.0
Jun 04 2020 15:,1591279200.0,0.067000000000000004,2253.0
Jun 04 2020 16:,1591282800.0,0.067000000000000004,2412.0
Jun 04 2020 17:,1591286400.0,0.066000000000000003,2616.0
Jun 04 2020 18:,1591290000.0,0.064000000000000001,2201.0
Jun 04 2020 19:,1591293600.0,0.078,3055.0
Jun 04 2020 20:,1591297200.0,0.066000000000000003,2252.0
Jun 04 2020 21:,1591300800.0,0.079000000000000001,2032.0
Jun 04 2020 22:,1591304400.0,0.079000000000000001,2198.0
Jun 04 2020 23:,1591308000.0,0.079000000000000001,1129.0
Jun 05 2020 00:,1591311600.0,0.079000000000000001,1309.0
Jun 05 2020 01:,1591315200.0,0.079000000000000001,967.0
Jun 05 2020 02:,1591318800.0,0.065000000000000002,1067.0
Jun 05 2020 03:,1591322400.0,0.058999999999999997,741.0
Jun 05 2020 04:,1591326000.0,0.065000000000000002,1204.0
Jun 05 2020 05:,1591329600.0,0.066000000000000003,838.0
Jun 05 2020 06:,1591333200.0,0.068000000000000005,1592.0
Jun 05 2020 07:,1591336800.0,0.070999999999999994,2571.0
Jun 05 2020 08:,1591340400.0,0.069000000000000006,1572.0
Jun 05 2020 09:,1591344000.0,0.069000000000000006,1798.0
Jun 05 2020 10:,1591347600.0,0.079000000000000001,2800.0
Jun 05 2020 11:,1591351200.0,0.066000000000000003,1446.0
Jun 05 2020 12:,1591354800.0,0.065000000000000002,1587.0
Jun 05 2020 13:,1591358400.0,0.066000000000000003,1736.0
Jun 05 2020 14:,1591362000.0,0.066000000000000003,1889.0
Jun 05 2020 15:,1591365600.0,0.067000000000000004,1858.0
Jun 05 2020 16:,1591369200.0,0.067000000000000004,2255.0
Jun 05 2020 17:,1591372800.0,0.067000000000000004,2293.0
Jun 05 2020 18:,1591376400.0,0.069000000000000006,2237.0
Jun 05 2020 19:,1591380000.0,0.069000000000000006,2334.0
Jun 05 2020 20:,1591383600.0,0.069000000000000006,4326.0
Jun 05 2020 21:,1591387200.0,0.079000000000000001,2055.0
Jun 05 2020 22:,1591390800.0,0.070000000000000007,1970.0
Jun 05 2020 23:,1591394400.0,0.079000000000000001,1803.0
Jun 06 2020 00:,1591398000.0,0.079000000000000001,1022.0
Jun 06 2020 01:,1591401600.0,0.080000000000000002,1090.0
Jun 06 2020 02:,1591405200.0,0.069000000000000006,746.0
Jun 06 2020 03:,1591408800.0,0.070000000000000007,769.0
Jun 06 2020 04:,1591412400.0,0.069000000000000006,1027.0
Jun 06 2020 05:,1591416000.0,0.070000000000000007,973.0
Jun 06 2020 06:,1591419600.0,0.069000000000000006,1279.0
Jun 06 2020 07:,1591423200.0,0.073999999999999996,1148.0
Jun 06 2020 08:,1591426800.0,0.069000000000000006,1199.0
Jun 06 2020 09:,1591430400.0,0.070000000000000007,1216.0
Jun 06 2020 10:,1591434000.0,0.069000000000000006,1553.0
Jun 06 2020 11:,1591437600.0,0.068000000000000005,1346.0
Jun 06 2020 12:,1591441200.0,0.065000000000000002,1213.0
Jun 06 2020 13:,1591444800.0,0.080000000000000002,2234.0
Jun 06 2020 14:,1591448400.0,0.089999999999999997,2612.0
Jun 06 2020 15:,1591452000.0,0.066000000000000003,2043.0
Jun 06 2020 16:,1591455600.0,0.068000000000000005,2154.0
Jun 06 2020 17:,1591459200.0,0.069000000000000006,2118.0
Jun 06 2020 18:,1591462800.0,0.063,1954.0
Jun 06 2020 19:,1591466400.0,0.068000000000000005,2104.0
Jun 06 2020 20:,1591470000.0,0.068000000000000005,1838.0
Jun 06 2020 21:,1591473600.0,0.069000000000000006,3082.0
Jun 06 2020 22:,1591477200.0,0.066000000000000003,1651.0
Jun 06 2020 23:,1591480800.0,0.066000000000000003,1616.0
Jun 07 2020 00:,1591484400.0,0.073999999999999996,1321.0
Jun 07 2020 01:,1591488000.0,0.065000000000000002,971.0
Jun 07 2020 02:,1591491600.0,0.066000000000000003,909.0
Jun 07 2020 03:,1591495200.0,0.066000000000000003,829.0
Jun 07 2020 04:,1591498800.0,0.065000000000000002,765.0
Jun 07 2020 05:,1591502400.0,0.068000000000000005,1027.0
Jun 07 2020 06:,1591506000.0,0.069000000000000006,1014.0
Jun 07 2020 07:,1591509600.0,0.068000000000000005,949.0
Jun 07 2020 08:,1591513200.0,0.069000000000000006,1478.0
Jun 07 2020 09:,1591516800.0,0.066000000000000003,1028.0
Jun 07 2020 10:,1591520400.0,0.065000000000000002,1020.0
Jun 07 2020 11:,1591524000.0,0.066000000000000003,1301.0
Jun 07 2020 12:,1591527600.0,0.065000000000000002,1608.0
Jun 07 2020 13:,1591531200.0,0.066000000000000003,1590.0
Jun 07 2020 14:,1591534800.0,0.067000000000000004,1806.0
Jun 07 2020 15:,1591538400.0,0.068000000000000005,2989.0
Jun 07 2020 16:,1591542000.0,0.066000000000000003,2255.0
Jun 07 2020 17:,1591545600.0,0.066000000000000003,1930.0
Jun 07 2020 18:,1591549200.0,0.066000000000000003,2195.0
Jun 07 2020 19:,1591552800.0,0.066000000000000003,2148.0
Jun 07 2020 20:,1591556400.0,0.076999999999999999,1590.0
Jun 07 2020 21:,1591560000.0,0.079000000000000001,1311.0
Jun 07 2020 22:,1591563600.0,0.080000000000000002,3014.0
Jun 07 2020 23:,1591567200.0,0.069000000000000006,1299.0
Jun 08 2020 00:,1591570800.0,0.080000000000000002,2426.0
Jun 08 2020 01:,1591574400.0,0.082000000000000003,2537.0
Jun 08 2020 02:,1591578000.0,0.082000000000000003,2453.0
Jun 08 2020 03:,1591581600.0,0.079000000000000001,756.0
Jun 08 2020 04:,1591585200.0,0.069000000000000006,867.0
Jun 08 2020 05:,1591588800.0,0.069000000000000006,870.0
Jun 08 2020 06:,1591592400.0,0.069000000000000006,673.0
Jun 08 2020 07:,1591596000.0,0.068000000000000005,668.0
Jun 08 2020 08:,1591599600.0,0.066000000000000003,769.0
Jun 08 2020 09:,1591603200.0,0.068000000000000005,1043.0
Jun 08 2020 10:,1591606800.0,0.069000000000000006,1800.0
Jun 08 2020 11:,1591610400.0,0.068000000000000005,1723.0
Jun 08 2020 12:,1591614000.0,0.068000000000000005,1469.0
Jun 08 2020 13:,1591617600.0,0.088999999999999996,2942.0
