Apr 28 2016 01:,1461801600,8.368,54074
Apr 29 2016 01:,1461888000,5.374,58197
Apr 30 2016 01:,1461974400,3.836,63985
May 01 2016 01:,1462060800,3.066,62250
May 02 2016 01:,1462147200,2.829,50742
May 03 2016 01:,1462233600,2.539,47908
May 04 2016 01:,1462320000,2.39,46327
May 05 2016 01:,1462406400,2.268,44706
May 06 2016 01:,1462492800,1.934,48326
May 07 2016 01:,1462579200,1.562,55222
May 08 2016 01:,1462665600,1.446,53314
May 09 2016 01:,1462752000,1.44,44067
May 10 2016 01:,1462838400,1.41,43738
May 11 2016 01:,1462924800,1.375,43664
May 12 2016 01:,1463011200,1.335,44959
May 13 2016 01:,1463097600,1.314,50263
May 14 2016 01:,1463184000,1.143,57408
May 15 2016 01:,1463270400,1.003,58035
May 16 2016 01:,1463356800,1.038,45827
May 17 2016 01:,1463443200,1.009,44209
May 18 2016 01:,1463529600,0.977,43820
May 19 2016 01:,1463616000,0.925,43706
May 20 2016 01:,1463702400,0.913,50452
May 21 2016 01:,1463788800,0.864,53855
May 22 2016 01:,1463875200,0.76,53150
May 23 2016 01:,1463961600,0.749,43603
May 24 2016 01:,1464048000,0.703,41566
May 25 2016 01:,1464134400,0.691,48317
May 26 2016 01:,1464220800,0.671,47507
May 27 2016 01:,1464307200,0.65,54638
May 28 2016 01:,1464393600,0.68,53016
May 29 2016 01:,1464480000,0.645,49517
May 30 2016 01:,1464566400,0.618,49715
May 31 2016 01:,1464652800,0.652,47733
Jun 01 2016 01:,1464739200,0.667,51483
Jun 02 2016 01:,1464825600,0.693,46422
Jun 03 2016 01:,1464912000,0.671,47295
Jun 04 2016 01:,1464998400,0.634,50770
Jun 05 2016 01:,1465084800,0.535,47614
Jun 06 2016 01:,1465171200,0.465,47397
Jun 07 2016 01:,1465257600,0.464,41632
Jun 08 2016 01:,1465344000,0.489,48151
Jun 09 2016 01:,1465430400,0.513,47347
Jun 10 2016 01:,1465516800,0.52,49530
Jun 11 2016 01:,1465603200,0.533,50501
Jun 12 2016 01:,1465689600,0.487,47154
Jun 13 2016 01:,1465776000,0.463,46685
Jun 14 2016 01:,1465862400,0.438,46959
Jun 15 2016 01:,1465948800,0.411,46419
Jun 16 2016 01:,1466035200,0.321,67161
Jun 17 2016 01:,1466121600,0.368,65486
Jun 18 2016 01:,1466208000,0.39,63550
Jun 19 2016 01:,1466294400,0.38,58169
Jun 20 2016 01:,1466380800,0.346,53915
Jun 21 2016 01:,1466467200,0.325,51044
Jun 22 2016 01:,1466553600,0.306,54644
Jun 23 2016 01:,1466640000,0.305,54414
Jun 24 2016 01:,1466726400,0.286,55741
Jun 25 2016 01:,1466812800,0.266,50942
Jun 26 2016 01:,1466899200,0.218,50146
Jun 27 2016 01:,1466985600,0.201,52465
Jun 28 2016 01:,1467072000,0.193,49041
Jun 29 2016 01:,1467158400,0.176,43548
Jun 30 2016 01:,1467244800,0.18,51535
Jul 01 2016 01:,1467331200,0.241,57039
Jul 02 2016 01:,1467417600,0.241,47094
Jul 03 2016 01:,1467504000,0.209,43913
Jul 04 2016 01:,1467590400,0.153,48427
Jul 05 2016 01:,1467676800,0.185,50809
Jul 06 2016 01:,1467763200,0.189,47184
Jul 07 2016 01:,1467849600,0.181,46000
Jul 08 2016 01:,1467936000,0.173,48196
Jul 09 2016 01:,1468022400,0.178,51085
Jul 10 2016 01:,1468108800,0.147,41433
Jul 11 2016 01:,1468195200,0.115,34929
Jul 12 2016 01:,1468281600,0.113,39370
Jul 13 2016 01:,1468368000,0.13,36152
Jul 14 2016 01:,1468454400,0.114,35916
Jul 15 2016 01:,1468540800,0.121,39630
Jul 16 2016 01:,1468627200,0.135,42549
Jul 17 2016 01:,1468713600,0.132,37072
Jul 18 2016 01:,1468800000,0.115,34589
Jul 19 2016 01:,1468886400,0.099,31287
Jul 20 2016 01:,1468972800,0.088,30564
Jul 21 2016 01:,1469059200,0.076,26691
Jul 22 2016 01:,1469145600,0.085,30263
Jul 23 2016 01:,1469232000,0.086,29568
Jul 24 2016 01:,1469318400,0.081,28882
Jul 25 2016 01:,1469404800,0.075,30092
Jul 26 2016 01:,1469491200,0.068,30383
Jul 27 2016 01:,1469577600,0.067,32807
Jul 28 2016 01:,1469664000,0.066,34261
Jul 29 2016 01:,1469750400,0.07,40340
Jul 30 2016 01:,1469836800,0.074,35708
Jul 31 2016 01:,1469923200,0.072,34446
Aug 01 2016 01:,1470009600,0.072,35034
Aug 02 2016 01:,1470096000,0.069,35495
Aug 03 2016 01:,1470182400,0.062,31407
Aug 04 2016 01:,1470268800,0.057,34320
Aug 05 2016 01:,1470355200,0.059,34919
Aug 06 2016 01:,1470441600,0.056,33680
Aug 07 2016 01:,1470528000,0.049,32693
Aug 08 2016 01:,1470614400,0.044,32290
Aug 09 2016 01:,1470700800,0.038,32032
Aug 10 2016 01:,1470787200,0.039,33239
Aug 11 2016 01:,1470873600,0.037,30282
Aug 12 2016 01:,1470960000,0.034,35416
Aug 13 2016 01:,1471046400,0.041,30808
Aug 14 2016 01:,1471132800,0.038,35689
Aug 15 2016 01:,1471219200,0.037,30377
Aug 16 2016 01:,1471305600,0.034,34375
Aug 17 2016 01:,1471392000,0.034,35120
Aug 18 2016 01:,1471478400,0.035,33781
Aug 19 2016 01:,1471564800,0.031,41155
Aug 20 2016 01:,1471651200,0.03,33704
Aug 21 2016 01:,1471737600,0.033,34464
Aug 22 2016 01:,1471824000,0.03,27300
Aug 23 2016 01:,1471910400,0.03,25506
Aug 24 2016 01:,1471996800,0.03,23682
Aug 25 2016 01:,1472083200,0.03,25958
Aug 26 2016 01:,1472169600,0.03,26559
Aug 27 2016 01:,1472256000,0.03,26727
Aug 28 2016 01:,1472342400,0.03,26902
Aug 29 2016 01:,1472428800,0.03,26148
Aug 30 2016 01:,1472515200,0.03,28293
Aug 31 2016 01:,1472601600,0.03,26745
Sep 01 2016 01:,1472688000,0.03,24059
Sep 02 2016 01:,1472774400,0.03,22131
Sep 03 2016 01:,1472860800,0.03,24819
Sep 04 2016 01:,1472947200,0.03,27118
Sep 05 2016 01:,1473033600,0.03,28868
Sep 06 2016 01:,1473120000,0.03,22088
Sep 07 2016 01:,1473206400,0.03,23406
Sep 08 2016 01:,1473292800,0.03,24199
Sep 09 2016 01:,1473379200,0.03,24086
Sep 10 2016 01:,1473465600,0.03,25875
Sep 11 2016 01:,1473552000,0.03,23876
Sep 12 2016 01:,1473638400,0.03,21156
Sep 13 2016 01:,1473724800,0.03,19865
Sep 14 2016 01:,1473811200,0.03,22827
Sep 15 2016 01:,1473897600,0.03,22723
Sep 16 2016 01:,1473984000,0.03,32596
Sep 17 2016 01:,1474070400,0.03,30902
Sep 18 2016 01:,1474156800,0.03,27247
Sep 19 2016 01:,1474243200,0.03,22283
Sep 20 2016 01:,1474329600,0.03,21826
Sep 21 2016 01:,1474416000,0.03,19017
Sep 22 2016 01:,1474502400,0.03,25839
Sep 23 2016 01:,1474588800,0.03,22616
Sep 24 2016 01:,1474675200,0.03,25332
Sep 25 2016 01:,1474761600,0.03,23486
Sep 26 2016 01:,1474848000,0.03,21239
Sep 27 2016 01:,1474934400,0.03,19861
Sep 28 2016 01:,1475020800,0.03,18025
Sep 29 2016 01:,1475107200,0.03,19294
Sep 30 2016 01:,1475193600,0.03,23854
Oct 01 2016 01:,1475280000,0.03,28808
Oct 02 2016 01:,1475366400,0.03,27630
Oct 03 2016 01:,1475452800,0.03,19664
Oct 04 2016 01:,1475539200,0.03,21754
Oct 05 2016 01:,1475625600,0.03,18683
Oct 06 2016 01:,1475712000,0.03,20397
Oct 07 2016 01:,1475798400,0.03,26145
Oct 08 2016 01:,1475884800,0.03,28090
Oct 09 2016 01:,1475971200,0.03,22850
Oct 10 2016 01:,1476057600,0.03,20954
Oct 11 2016 01:,1476144000,0.03,18805
Oct 12 2016 01:,1476230400,0.03,18162
Oct 13 2016 01:,1476316800,0.03,20675
Oct 14 2016 01:,1476403200,0.03,24796
Oct 15 2016 01:,1476489600,0.03,24658
Oct 16 2016 01:,1476576000,0.03,28141
Oct 17 2016 01:,1476662400,0.03,27302
Oct 18 2016 01:,1476748800,0.03,21214
Oct 19 2016 01:,1476835200,0.03,22663
Oct 20 2016 01:,1476921600,0.03,20961
Oct 21 2016 01:,1477008000,0.03,27378
Oct 22 2016 01:,1477094400,0.03,26398
Oct 23 2016 01:,1477180800,0.03,25405
Oct 24 2016 01:,1477267200,0.03,22837
Oct 25 2016 01:,1477353600,0.03,22638
Oct 26 2016 01:,1477440000,0.03,22304
Oct 27 2016 01:,1477526400,0.03,21919
Oct 28 2016 01:,1477612800,0.03,23943
Oct 29 2016 01:,1477699200,0.03,28821
Oct 30 2016 01:,1477789200,0.03,29888
Oct 31 2016 01:,1477875600,0.03,33790
Nov 01 2016 01:,1477962000,0.03,25022
Nov 02 2016 01:,1478048400,0.03,29420
Nov 03 2016 01:,1478134800,0.03,21234
Nov 04 2016 01:,1478221200,0.03,27035
Nov 05 2016 01:,1478307600,0.03,30722
Nov 06 2016 01:,1478394000,0.03,24304
Nov 07 2016 01:,1478480400,0.03,26364
Nov 08 2016 01:,1478566800,0.03,22763
Nov 09 2016 01:,1478653200,0.03,32173
Nov 10 2016 01:,1478739600,0.03,25607
Nov 11 2016 01:,1478826000,0.03,31500
Nov 12 2016 01:,1478912400,0.03,38645
Nov 13 2016 01:,1478998800,0.03,35037
Nov 14 2016 01:,1479085200,0.03,31499
Nov 15 2016 01:,1479171600,0.03,29311
Nov 16 2016 01:,1479258000,0.03,24048
Nov 17 2016 01:,1479344400,0.03,24413
Nov 18 2016 01:,1479430800,0.03,25955
Nov 19 2016 01:,1479517200,0.03,31357
Nov 20 2016 01:,1479603600,0.03,30341
Nov 21 2016 01:,1479690000,0.03,24170
Nov 22 2016 01:,1479776400,0.03,25286
Nov 23 2016 01:,1479862800,0.03,25834
Nov 24 2016 01:,1479949200,0.03,27835
Nov 25 2016 01:,1480035600,0.03,30785
Nov 26 2016 01:,1480122000,0.03,29216
Nov 27 2016 01:,1480208400,0.03,32522
Nov 28 2016 01:,1480294800,0.03,25497
Nov 29 2016 01:,1480381200,0.03,27680
Nov 30 2016 01:,1480467600,0.03,30084
Dec 01 2016 01:,1480554000,0.03,34641
Dec 02 2016 01:,1480640400,0.03,30934
Dec 03 2016 01:,1480726800,0.03,33648
Dec 04 2016 01:,1480813200,0.03,35494
Dec 05 2016 01:,1480899600,0.03,36520
Dec 06 2016 01:,1480986000,0.03,27666
Dec 07 2016 01:,1481072400,0.03,27678
Dec 08 2016 01:,1481158800,0.03,30439
Dec 09 2016 01:,1481245200,0.03,23600
Dec 10 2016 01:,1481331600,0.03,27301
Dec 11 2016 01:,1481418000,0.03,29246
Dec 12 2016 01:,1481504400,0.03,26118
Dec 13 2016 01:,1481590800,0.03,24802
Dec 14 2016 01:,1481677200,0.03,31937
Dec 15 2016 01:,1481763600,0.03,24482
Dec 16 2016 01:,1481850000,0.03,30247
Dec 17 2016 01:,1481936400,0.03,28874
Dec 18 2016 01:,1482022800,0.03,36900
Dec 19 2016 01:,1482109200,0.03,29804
Dec 20 2016 01:,1482195600,0.03,36455
Dec 21 2016 01:,1482282000,0.03,25685
Dec 22 2016 01:,1482368400,0.03,30254
Dec 23 2016 01:,1482454800,0.03,24784
Dec 24 2016 01:,1482541200,0.03,38530
Dec 25 2016 01:,1482627600,0.03,39287
Dec 26 2016 01:,1482714000,0.03,40992
Dec 27 2016 01:,1482800400,0.03,40486
Dec 28 2016 01:,1482886800,0.03,33369
Dec 29 2016 01:,1482973200,0.03,35177
Dec 30 2016 01:,1483059600,0.03,36036
Dec 31 2016 01:,1483146000,0.03,30139
Jan 01 2017 01:,1483232400,0.03,33490
Jan 02 2017 01:,1483318800,0.03,39952
Jan 03 2017 01:,1483405200,0.03,32741
Jan 04 2017 01:,1483491600,0.03,34012
Jan 05 2017 01:,1483578000,0.03,28350
Jan 06 2017 01:,1483664400,0.03,27665
Jan 07 2017 01:,1483750800,0.03,34776
Jan 08 2017 01:,1483837200,0.03,35120
Jan 09 2017 01:,1483923600,0.03,28702
Jan 10 2017 01:,1484010000,0.03,30565
Jan 11 2017 01:,1484096400,0.03,29847
Jan 12 2017 01:,1484182800,0.03,30547
Jan 13 2017 01:,1484269200,0.03,37422
Jan 14 2017 01:,1484355600,0.03,38276
Jan 15 2017 01:,1484442000,0.03,34072
Jan 16 2017 01:,1484528400,0.03,30358
Jan 17 2017 01:,1484614800,0.03,31280
Jan 18 2017 01:,1484701200,0.03,26425
Jan 19 2017 01:,1484787600,0.03,30285
Jan 20 2017 01:,1484874000,0.03,31305
Jan 21 2017 01:,1484960400,0.03,31671
Jan 22 2017 01:,1485046800,0.03,35004
Jan 23 2017 01:,1485133200,0.03,36300
Jan 24 2017 01:,1485219600,0.03,29407
Jan 25 2017 01:,1485306000,0.03,36085
Jan 26 2017 01:,1485392400,0.03,33816
Jan 27 2017 01:,1485478800,0.03,36739
Jan 28 2017 01:,1485565200,0.03,35442
Jan 29 2017 01:,1485651600,0.03,42841
Jan 30 2017 01:,1485738000,0.03,37132
Jan 31 2017 01:,1485824400,0.03,33053
Feb 01 2017 01:,1485910800,0.03,32919
Feb 02 2017 01:,1485997200,0.03,31871
Feb 03 2017 01:,1486083600,0.03,33720
Feb 04 2017 01:,1486170000,0.03,40993
Feb 05 2017 01:,1486256400,0.03,40730
Feb 06 2017 01:,1486342800,0.03,36026
Feb 07 2017 01:,1486429200,0.03,36725
Feb 08 2017 01:,1486515600,0.03,34781
Feb 09 2017 01:,1486602000,0.03,31333
Feb 10 2017 01:,1486688400,0.03,33079
Feb 11 2017 01:,1486774800,0.03,38679
Feb 12 2017 01:,1486861200,0.03,45647
Feb 13 2017 01:,1486947600,0.03,36650
Feb 14 2017 01:,1487034000,0.03,33065
Feb 15 2017 01:,1487120400,0.03,31159
Feb 16 2017 01:,1487206800,0.03,28857
Feb 17 2017 01:,1487293200,0.03,34781
Feb 18 2017 01:,1487379600,0.03,42015
Feb 19 2017 01:,1487466000,0.03,44133
Feb 20 2017 01:,1487552400,0.03,40275
Feb 21 2017 01:,1487638800,0.03,32792
Feb 22 2017 01:,1487725200,0.03,35660
Feb 23 2017 01:,1487811600,0.03,38253
Feb 24 2017 01:,1487898000,0.03,39504
Feb 25 2017 01:,1487984400,0.03,44495
Feb 26 2017 01:,1488070800,0.03,39789
Feb 27 2017 01:,1488157200,0.03,38998
Feb 28 2017 01:,1488243600,0.03,43470
Mar 01 2017 01:,1488330000,0.03,34086
Mar 02 2017 01:,1488416400,0.03,40133
Mar 03 2017 01:,1488502800,0.03,37976
Mar 04 2017 01:,1488589200,0.03,41665
Mar 05 2017 01:,1488675600,0.03,41311
Mar 06 2017 01:,1488762000,0.03,37568
Mar 07 2017 01:,1488848400,0.03,35257
Mar 08 2017 01:,1488934800,0.03,39213
Mar 09 2017 01:,1489021200,0.03,39539
Mar 10 2017 01:,1489107600,0.03,45829
Mar 11 2017 01:,1489194000,0.03,64880
Mar 12 2017 01:,1489280400,0.03,42557
Mar 13 2017 01:,1489366800,0.03,39583
Mar 14 2017 01:,1489453200,0.03,35050
Mar 15 2017 01:,1489539600,0.03,31870
Mar 16 2017 01:,1489626000,0.03,46141
Mar 17 2017 01:,1489712400,0.03,38064
Mar 18 2017 01:,1489798800,0.03,46981
Mar 19 2017 01:,1489885200,0.03,50701
Mar 20 2017 01:,1489971600,0.03,37831
Mar 21 2017 01:,1490058000,0.03,52210
Mar 22 2017 01:,1490144400,0.03,47413
Mar 23 2017 01:,1490230800,0.03,42242
Mar 24 2017 01:,1490317200,0.03,46651
Mar 25 2017 01:,1490403600,0.03,48777
Mar 26 2017 01:,1490486400,0.03,56980
Mar 27 2017 01:,1490572800,0.03,43599
Mar 28 2017 01:,1490659200,0.03,49802
Mar 29 2017 01:,1490745600,0.03,47910
Mar 30 2017 01:,1490832000,0.03,44286
Mar 31 2017 01:,1490918400,0.03,47375
Apr 01 2017 01:,1491004800,0.03,45709
Apr 02 2017 01:,1491091200,0.03,47425
Apr 03 2017 01:,1491177600,0.03,46291
Apr 04 2017 01:,1491264000,0.03,46436
Apr 05 2017 01:,1491350400,0.03,43134
Apr 06 2017 01:,1491436800,0.03,50030
Apr 07 2017 01:,1491523200,0.03,45002
Apr 08 2017 01:,1491609600,0.03,46860
Apr 09 2017 01:,1491696000,0.03,50094
Apr 10 2017 01:,1491782400,0.03,45969
Apr 11 2017 01:,1491868800,0.03,47601
Apr 12 2017 01:,1491955200,0.03,49689
Apr 13 2017 01:,1492041600,0.03,50819
Apr 14 2017 01:,1492128000,0.03,48730
Apr 15 2017 01:,1492214400,0.03,46657
Apr 16 2017 01:,1492300800,0.03,50190
Apr 17 2017 01:,1492387200,0.03,49982
Apr 18 2017 01:,1492473600,0.03,46285
Apr 19 2017 01:,1492560000,0.03,46272
Apr 20 2017 01:,1492646400,0.03,43120
Apr 21 2017 01:,1492732800,0.03,52237
Apr 22 2017 01:,1492819200,0.03,53218
Apr 23 2017 01:,1492905600,0.03,54040
Apr 24 2017 01:,1492992000,0.03,51907
Apr 25 2017 01:,1493078400,0.03,51594
Apr 26 2017 01:,1493164800,0.03,44921
Apr 27 2017 01:,1493251200,0.03,52061
Apr 28 2017 01:,1493337600,0.03,42756
Apr 29 2017 01:,1493424000,0.03,50043
Apr 30 2017 01:,1493510400,0.03,49102
May 01 2017 01:,1493596800,0.03,46076
May 02 2017 01:,1493683200,0.03,50418
May 03 2017 01:,1493769600,0.03,45823
May 04 2017 01:,1493856000,0.03,47312
May 05 2017 01:,1493942400,0.03,52400
May 06 2017 01:,1494028800,0.03,48798
May 07 2017 01:,1494115200,0.03,55794
May 08 2017 01:,1494201600,0.03,63449
May 09 2017 01:,1494288000,0.03,55702
May 10 2017 01:,1494374400,0.03,52221
May 11 2017 01:,1494460800,0.03,47906
May 12 2017 01:,1494547200,0.03,44302
May 13 2017 01:,1494633600,0.03,57254
May 14 2017 01:,1494720000,0.03,64266
May 15 2017 01:,1494806400,0.03,54323
May 16 2017 01:,1494892800,0.03,42490
May 17 2017 01:,1494979200,0.03,42319
May 18 2017 01:,1495065600,0.03,50222
May 19 2017 01:,1495152000,0.03,48447
May 20 2017 01:,1495238400,0.03,50253
May 21 2017 01:,1495324800,0.03,49295
May 22 2017 01:,1495411200,0.03,50709
May 23 2017 01:,1495497600,0.03,50622
May 24 2017 01:,1495584000,0.03,59678
May 25 2017 01:,1495670400,0.03,53441
May 26 2017 01:,1495756800,0.03,51496
May 27 2017 01:,1495843200,0.03,47205
May 28 2017 01:,1495929600,0.03,57714
May 29 2017 01:,1496016000,0.03,53524
May 30 2017 01:,1496102400,0.03,60588
May 31 2017 01:,1496188800,0.03,48770
Jun 01 2017 01:,1496275200,0.03,51332
Jun 02 2017 01:,1496361600,0.03,57313
Jun 03 2017 01:,1496448000,0.03,55775
Jun 04 2017 01:,1496534400,0.03,53222
Jun 05 2017 01:,1496620800,0.03,54656
Jun 06 2017 01:,1496707200,0.03,65320
Jun 07 2017 01:,1496793600,0.03,56361
Jun 08 2017 01:,1496880000,0.03,53449
Jun 09 2017 01:,1496966400,0.03,48549
Jun 10 2017 01:,1497052800,0.03,47607
Jun 11 2017 01:,1497139200,0.03,54554
Jun 12 2017 01:,1497225600,0.03,42778
Jun 13 2017 01:,1497312000,0.03,48646
Jun 14 2017 01:,1497398400,0.03,46253
Jun 15 2017 01:,1497484800,0.03,51186
Jun 16 2017 01:,1497571200,0.03,52611
Jun 17 2017 01:,1497657600,0.03,48409
Jun 18 2017 01:,1497744000,0.03,48049
Jun 19 2017 01:,1497830400,0.03,45648
Jun 20 2017 01:,1497916800,0.03,39773
Jun 21 2017 01:,1498003200,0.03,45806
Jun 22 2017 01:,1498089600,0.03,45407
Jun 23 2017 01:,1498176000,0.03,45355
Jun 24 2017 01:,1498262400,0.03,41649
Jun 25 2017 01:,1498348800,0.03,47258
Jun 26 2017 01:,1498435200,0.03,41584
Jun 27 2017 01:,1498521600,0.03,44871
Jun 28 2017 01:,1498608000,0.03,38759
Jun 29 2017 01:,1498694400,0.03,45689
Jun 30 2017 01:,1498780800,0.03,50080
Jul 01 2017 01:,1498867200,0.03,47933
Jul 02 2017 01:,1498953600,0.03,57067
Jul 03 2017 01:,1499040000,0.03,54852
Jul 04 2017 01:,1499126400,0.03,46505
Jul 05 2017 01:,1499212800,0.03,50186
Jul 06 2017 01:,1499299200,0.03,41770
Jul 07 2017 01:,1499385600,0.03,45021
Jul 08 2017 01:,1499472000,0.03,48047
Jul 09 2017 01:,1499558400,0.03,46973
Jul 10 2017 01:,1499644800,0.03,43066
Jul 11 2017 01:,1499731200,0.03,57315
Jul 12 2017 01:,1499817600,0.03,60362
Jul 13 2017 01:,1499904000,0.03,62188
Jul 14 2017 01:,1499990400,0.03,59481
Jul 15 2017 01:,1500076800,0.03,59755
Jul 16 2017 01:,1500163200,0.03,55916
Jul 17 2017 01:,1500249600,0.03,63110
Jul 18 2017 01:,1500336000,0.03,59489
Jul 19 2017 01:,1500422400,0.03,67555
Jul 20 2017 01:,1500508800,0.03,73512
Jul 21 2017 01:,1500595200,0.03,56940
Jul 22 2017 01:,1500681600,0.03,38470
Jul 23 2017 01:,1500768000,0.03,64004
Jul 24 2017 01:,1500854400,0.03,50536
Jul 25 2017 01:,1500940800,0.03,60329
Jul 26 2017 01:,1501027200,0.03,59154
Jul 27 2017 01:,1501113600,0.03,73439
Jul 28 2017 01:,1501200000,0.03,68861
Jul 29 2017 01:,1501286400,0.03,67336
Jul 30 2017 01:,1501372800,0.03,68596
Jul 31 2017 01:,1501459200,0.03,76821
Aug 01 2017 01:,1501545600,0.03,65692
Aug 02 2017 01:,1501632000,0.03,59022
Aug 03 2017 01:,1501718400,0.03,56687
Aug 04 2017 01:,1501804800,0.03,65044
Aug 05 2017 01:,1501891200,0.03,68264
Aug 06 2017 01:,1501977600,0.03,69597
Aug 07 2017 01:,1502064000,0.03,72856
Aug 08 2017 01:,1502150400,0.03,64716
Aug 09 2017 01:,1502236800,0.03,65944
Aug 10 2017 01:,1502323200,0.03,66900
Aug 11 2017 01:,1502409600,0.03,61312
Aug 12 2017 01:,1502496000,0.03,68601
Aug 13 2017 01:,1502582400,0.03,54181
Aug 14 2017 01:,1502668800,0.03,75566
Aug 15 2017 01:,1502755200,0.03,66469
Aug 16 2017 01:,1502841600,0.03,80890
Aug 17 2017 01:,1502928000,0.03,91812
Aug 18 2017 01:,1503014400,0.03,68289
Aug 19 2017 01:,1503100800,0.03,44182
Aug 20 2017 01:,1503187200,0.03,45237
Aug 21 2017 01:,1503273600,0.03,47614
Aug 22 2017 01:,1503360000,0.03,52493
Aug 23 2017 01:,1503446400,0.03,53027
Aug 24 2017 01:,1503532800,0.03,50873
Aug 25 2017 01:,1503619200,0.03,48183
Aug 26 2017 01:,1503705600,0.03,46537
Aug 27 2017 01:,1503792000,0.03,49527
Aug 28 2017 01:,1503878400,0.03,52466
Aug 29 2017 01:,1503964800,0.03,54490
Aug 30 2017 01:,1504051200,0.03,73540
Aug 31 2017 01:,1504137600,0.03,69624
Sep 01 2017 01:,1504224000,0.03,81664
Sep 02 2017 01:,1504310400,0.03,85284
Sep 03 2017 01:,1504396800,0.03,59481
Sep 04 2017 01:,1504483200,0.03,69537
Sep 05 2017 01:,1504569600,0.03,54691
Sep 06 2017 01:,1504656000,0.03,53578
Sep 07 2017 01:,1504742400,0.03,53778
Sep 08 2017 01:,1504828800,0.03,55977
Sep 09 2017 01:,1504915200,0.03,70545
Sep 10 2017 01:,1505001600,0.03,70546
Sep 11 2017 01:,1505088000,0.03,54563
Sep 12 2017 01:,1505174400,0.03,57487
Sep 13 2017 01:,1505260800,0.03,64094
Sep 14 2017 01:,1505347200,0.03,72632
Sep 15 2017 01:,1505433600,0.03,75449
Sep 16 2017 01:,1505520000,0.03,91691
Sep 17 2017 01:,1505606400,0.03,93980
Sep 18 2017 01:,1505692800,0.03,80782
Sep 19 2017 01:,1505779200,0.03,82198
Sep 20 2017 01:,1505865600,0.03,70736
Sep 21 2017 01:,1505952000,0.03,69144
Sep 22 2017 01:,1506038400,0.03,69306
Sep 23 2017 01:,1506124800,0.03,73731
Sep 24 2017 01:,1506211200,0.03,84874
Sep 25 2017 01:,1506297600,0.03,72259
Sep 26 2017 01:,1506384000,0.03,41244
Sep 27 2017 01:,1506470400,0.03,88853
Sep 28 2017 01:,1506556800,0.03,87706
Sep 29 2017 01:,1506643200,0.03,78002
Sep 30 2017 01:,1506729600,0.03,85161
Oct 01 2017 01:,1506816000,0.03,82255
Oct 02 2017 01:,1506902400,0.03,75092
Oct 03 2017 01:,1506988800,0.03,73695
Oct 04 2017 01:,1507075200,0.03,80288
Oct 05 2017 01:,1507161600,0.03,108067
Oct 06 2017 01:,1507248000,0.03,77290
Oct 07 2017 01:,1507334400,0.03,65938
Oct 08 2017 01:,1507420800,0.03,75692
Oct 09 2017 01:,1507507200,0.03,54148
Oct 10 2017 01:,1507593600,0.03,97000
Oct 11 2017 01:,1507680000,0.03,74609
Oct 12 2017 01:,1507766400,0.03,80813
Oct 13 2017 01:,1507852800,0.03,55766
Oct 14 2017 01:,1507939200,0.03,48829
Oct 15 2017 01:,1508025600,0.03,82150
Oct 16 2017 01:,1508112000,0.03,71778
Oct 17 2017 01:,1508198400,0.03,79600
Oct 18 2017 01:,1508284800,0.03,104370
Oct 19 2017 01:,1508371200,0.03,105958
Oct 20 2017 01:,1508457600,0.03,77433
Oct 21 2017 01:,1508544000,0.03,102868
Oct 22 2017 01:,1508630400,0.03,91555
Oct 23 2017 01:,1508716800,0.03,92469
Oct 24 2017 01:,1508803200,0.03,79187
Oct 25 2017 01:,1508889600,0.03,74764
Oct 26 2017 01:,1508976000,0.03,41430
Oct 27 2017 01:,1509062400,0.03,30793
Oct 28 2017 01:,1509148800,0.03,37215
Oct 29 2017 01:,1509238800,0.03,37849
Oct 30 2017 01:,1509325200,0.03,39280
Oct 31 2017 01:,1509411600,0.03,37207
Nov 01 2017 01:,1509498000,0.03,36883
Nov 02 2017 01:,1509584400,0.03,34699
Nov 03 2017 01:,1509670800,0.03,31691
Nov 04 2017 01:,1509757200,0.03,36591
Nov 05 2017 01:,1509843600,0.03,39102
Nov 06 2017 01:,1509930000,0.03,35837
Nov 07 2017 01:,1510016400,0.03,43155
Nov 08 2017 01:,1510102800,0.03,30015
Nov 09 2017 01:,1510189200,0.03,26273
Nov 10 2017 01:,1510275600,0.03,33894
Nov 11 2017 01:,1510362000,0.03,32349
Nov 12 2017 01:,1510448400,0.03,29082
Nov 13 2017 01:,1510534800,0.03,22997
Nov 14 2017 01:,1510621200,0.03,39456
Nov 15 2017 01:,1510707600,0.03,25059
Nov 16 2017 01:,1510794000,0.03,34198
Nov 17 2017 01:,1510880400,0.03,34458
Nov 18 2017 01:,1510966800,0.03,31090
Nov 19 2017 01:,1511053200,0.03,35179
Nov 20 2017 01:,1511139600,0.03,35418
Nov 21 2017 01:,1511226000,0.03,28162
Nov 22 2017 01:,1511312400,0.03,28319
Nov 23 2017 01:,1511398800,0.03,33449
Nov 24 2017 01:,1511485200,0.03,29178
Nov 25 2017 01:,1511571600,0.03,31141
Nov 26 2017 01:,1511658000,0.03,35009
Nov 27 2017 01:,1511744400,0.03,23506
Nov 28 2017 01:,1511830800,0.03,24266
Nov 29 2017 01:,1511917200,0.03,27447
Nov 30 2017 01:,1512003600,0.03,24614
Dec 01 2017 01:,1512090000,0.03,23270
Dec 02 2017 01:,1512176400,0.03,28166
Dec 03 2017 01:,1512262800,0.03,27435
Dec 04 2017 01:,1512349200,0.03,27659
Dec 05 2017 01:,1512435600,0.03,25554
Dec 06 2017 01:,1512522000,0.03,27388
Dec 07 2017 01:,1512608400,0.03,27461
Dec 08 2017 01:,1512694800,0.03,24679
Dec 09 2017 01:,1512781200,0.03,28116
Dec 10 2017 01:,1512867600,0.03,37336
Dec 11 2017 01:,1512954000,0.03,31794
Dec 12 2017 01:,1513040400,0.03,29902
Dec 13 2017 01:,1513126800,0.03,27216
Dec 14 2017 01:,1513213200,0.03,35719
Dec 15 2017 01:,1513299600,0.03,39820
Dec 16 2017 01:,1513386000,0.03,35615
Dec 17 2017 01:,1513472400,0.03,33533
Dec 18 2017 01:,1513558800,0.03,33193
Dec 19 2017 01:,1513645200,0.03,20548
Dec 20 2017 01:,1513731600,0.03,33257
Dec 21 2017 01:,1513818000,0.03,32748
Dec 22 2017 01:,1513904400,0.03,27948
Dec 23 2017 01:,1513990800,0.03,27979
Dec 24 2017 01:,1514077200,0.03,29763
Dec 25 2017 01:,1514163600,0.03,33128
Dec 26 2017 01:,1514250000,0.03,32068
Dec 27 2017 01:,1514336400,0.03,41717
Dec 28 2017 01:,1514422800,0.03,39713
Dec 29 2017 01:,1514509200,0.03,25715
Dec 30 2017 01:,1514595600,0.03,26252
Dec 31 2017 01:,1514682000,0.03,22389
Jan 01 2018 01:,1514768400,0.03,25922
Jan 02 2018 01:,1514854800,0.03,33517
Jan 03 2018 01:,1514941200,0.03,32309
Jan 04 2018 01:,1515027600,0.03,28254
Jan 05 2018 01:,1515114000,0.03,30064
Jan 06 2018 01:,1515200400,0.03,28693
Jan 07 2018 01:,1515286800,0.03,25292
Jan 08 2018 01:,1515373200,0.03,25099
Jan 09 2018 01:,1515459600,0.03,26064
Jan 10 2018 01:,1515546000,0.03,26123
Jan 11 2018 01:,1515632400,0.03,29919
Jan 12 2018 01:,1515718800,0.03,26464
Jan 13 2018 01:,1515805200,0.03,25445
Jan 14 2018 01:,1515891600,0.03,25671
Jan 15 2018 01:,1515978000,0.03,33672
Jan 16 2018 01:,1516064400,0.03,27268
Jan 17 2018 01:,1516150800,0.03,30817
Jan 18 2018 01:,1516237200,0.03,31796
Jan 19 2018 01:,1516323600,0.03,22020
Jan 20 2018 01:,1516410000,0.03,30692
Jan 21 2018 01:,1516496400,0.03,29873
Jan 22 2018 01:,1516582800,0.03,26168
Jan 23 2018 01:,1516669200,0.03,29174
Jan 24 2018 01:,1516755600,0.03,33132
Jan 25 2018 01:,1516842000,0.03,33478
Jan 26 2018 01:,1516928400,0.03,27574
Jan 27 2018 01:,1517014800,0.03,21579
Jan 28 2018 01:,1517101200,0.03,28084
Jan 29 2018 01:,1517187600,0.03,27422
Jan 30 2018 01:,1517274000,0.03,23972
Jan 31 2018 01:,1517360400,0.03,25356
Feb 01 2018 01:,1517446800,0.03,21573
Feb 02 2018 01:,1517533200,0.03,23441
Feb 03 2018 01:,1517619600,0.03,31288
Feb 04 2018 01:,1517706000,0.03,29431
Feb 05 2018 01:,1517792400,0.03,20762
Feb 06 2018 01:,1517878800,0.03,26897
Feb 07 2018 01:,1517965200,0.03,21611
Feb 08 2018 01:,1518051600,0.03,22005
Feb 09 2018 01:,1518138000,0.03,17695
Feb 10 2018 01:,1518224400,0.03,21564
Feb 11 2018 01:,1518310800,0.03,22961
Feb 12 2018 01:,1518397200,0.03,19108
Feb 13 2018 01:,1518483600,0.03,19020
Feb 14 2018 01:,1518570000,0.03,19980
Feb 15 2018 01:,1518656400,0.03,26667
Feb 16 2018 01:,1518742800,0.03,26022
Feb 17 2018 01:,1518829200,0.03,28974
Feb 18 2018 01:,1518915600,0.03,22864
Feb 19 2018 01:,1519002000,0.03,16227
Feb 20 2018 01:,1519088400,0.03,20803
Feb 21 2018 01:,1519174800,0.03,23516
Feb 22 2018 01:,1519261200,0.03,32827
Feb 23 2018 01:,1519347600,0.03,31971
Feb 24 2018 01:,1519434000,0.03,35819
Feb 25 2018 01:,1519520400,0.03,28958
Feb 26 2018 01:,1519606800,0.03,29502
Feb 27 2018 01:,1519693200,0.03,24910
Feb 28 2018 01:,1519779600,0.03,24353
Mar 01 2018 01:,1519866000,0.03,23607
Mar 02 2018 01:,1519952400,0.03,24324
Mar 03 2018 01:,1520038800,0.03,31592
Mar 04 2018 01:,1520125200,0.03,33237
Mar 05 2018 01:,1520211600,0.03,29409
Mar 06 2018 01:,1520298000,0.03,25085
Mar 07 2018 01:,1520384400,0.03,34066
Mar 08 2018 01:,1520470800,0.03,22840
Mar 09 2018 01:,1520557200,0.03,25203
Mar 10 2018 01:,1520643600,0.03,27475
Mar 11 2018 01:,1520730000,0.03,27518
Mar 12 2018 01:,1520816400,0.03,20469
Mar 13 2018 01:,1520902800,0.03,20556
Mar 14 2018 01:,1520989200,0.03,20926
Mar 15 2018 01:,1521075600,0.03,19307
Mar 16 2018 01:,1521162000,0.03,16138
Mar 17 2018 01:,1521248400,0.03,22117
Mar 18 2018 01:,1521334800,0.03,22614
Mar 19 2018 01:,1521421200,0.03,25878
Mar 20 2018 01:,1521507600,0.03,20559
Mar 21 2018 01:,1521594000,0.03,16239
Mar 22 2018 01:,1521680400,0.03,15963
Mar 23 2018 01:,1521766800,0.03,16145
Mar 24 2018 01:,1521853200,0.03,14695
Mar 25 2018 01:,1521936000,0.03,20006
Mar 26 2018 01:,1522022400,0.03,19016
Mar 27 2018 01:,1522108800,0.03,14785
Mar 28 2018 01:,1522195200,0.03,16865
Mar 29 2018 01:,1522281600,0.03,29535
Mar 30 2018 01:,1522368000,0.03,16742
Mar 31 2018 01:,1522454400,0.03,6352
Apr 01 2018 01:,1522540800,0.03,6167
Apr 02 2018 01:,1522627200,0.03,7203
Apr 03 2018 01:,1522713600,0.03,6817
Apr 04 2018 01:,1522800000,0.03,6707
Apr 05 2018 01:,1522886400,0.03,7291
Apr 06 2018 01:,1522972800,0.03,6552
Apr 07 2018 01:,1523059200,0.03,6874
Apr 08 2018 01:,1523145600,0.03,8957
Apr 09 2018 01:,1523232000,0.03,5906
Apr 10 2018 01:,1523318400,0.03,8973
Apr 11 2018 01:,1523404800,0.03,9456
Apr 12 2018 01:,1523491200,0.03,8993
Apr 13 2018 01:,1523577600,0.03,12885
Apr 14 2018 01:,1523664000,0.03,9512
Apr 15 2018 01:,1523750400,0.03,11677
Apr 16 2018 01:,1523836800,0.03,16876
Apr 17 2018 01:,1523923200,0.03,10489
Apr 18 2018 01:,1524009600,0.03,8759
Apr 19 2018 01:,1524096000,0.03,6509
Apr 20 2018 01:,1524182400,0.03,5306
Apr 21 2018 01:,1524268800,0.03,8450
Apr 22 2018 01:,1524355200,0.03,8918
Apr 23 2018 01:,1524441600,0.03,8248
Apr 24 2018 01:,1524528000,0.03,7869
Apr 25 2018 01:,1524614400,0.03,5413
Apr 26 2018 01:,1524700800,0.03,9820
Apr 27 2018 01:,1524787200,0.03,7428
Apr 28 2018 01:,1524873600,0.03,5620
Apr 29 2018 01:,1524960000,0.03,4958
Apr 30 2018 01:,1525046400,0.03,5269
May 01 2018 01:,1525132800,0.03,6023
May 02 2018 01:,1525219200,0.03,5204
May 03 2018 01:,1525305600,0.03,7000
May 04 2018 01:,1525392000,0.03,3584
May 05 2018 01:,1525478400,0.03,3967
May 06 2018 01:,1525564800,0.03,4046
May 07 2018 01:,1525651200,0.03,5149
May 08 2018 01:,1525737600,0.03,5593
May 09 2018 01:,1525824000,0.03,4328
May 10 2018 01:,1525910400,0.03,7571
May 11 2018 01:,1525996800,0.03,3776
May 12 2018 01:,1526083200,0.03,4769
May 13 2018 01:,1526169600,0.03,9027
May 14 2018 01:,1526256000,0.03,3859
May 15 2018 01:,1526342400,0.03,3375
May 16 2018 01:,1526428800,0.03,4908
May 17 2018 01:,1526515200,0.03,4134
May 18 2018 01:,1526601600,0.03,3989
May 19 2018 01:,1526688000,0.03,5549
May 20 2018 01:,1526774400,0.03,8991
May 21 2018 01:,1526860800,0.03,6044
May 22 2018 01:,1526947200,0.03,3663
May 23 2018 01:,1527033600,0.03,4195
May 24 2018 01:,1527120000,0.03,3361
May 25 2018 01:,1527206400,0.03,7506
May 26 2018 01:,1527292800,0.03,8556
May 27 2018 01:,1527379200,0.03,4222
May 28 2018 01:,1527465600,0.03,4998
May 29 2018 01:,1527552000,0.03,3886
May 30 2018 01:,1527638400,0.03,3464
May 31 2018 01:,1527724800,0.03,4812
Jun 01 2018 01:,1527811200,0.03,4169
Jun 02 2018 01:,1527897600,0.03,4282
Jun 03 2018 01:,1527984000,0.03,4683
Jun 04 2018 01:,1528070400,0.03,5296
Jun 05 2018 01:,1528156800,0.03,3532
Jun 06 2018 01:,1528243200,0.03,5625
Jun 07 2018 01:,1528329600,0.03,5544
Jun 08 2018 01:,1528416000,0.03,4307
Jun 09 2018 01:,1528502400,0.03,6028
Jun 10 2018 01:,1528588800,0.03,6711
Jun 11 2018 01:,1528675200,0.03,6268
Jun 12 2018 01:,1528761600,0.03,4383
Jun 13 2018 01:,1528848000,0.03,5504
Jun 14 2018 01:,1528934400,0.03,4069
Jun 15 2018 01:,1529020800,0.03,3757
Jun 16 2018 01:,1529107200,0.03,5208
Jun 17 2018 01:,1529193600,0.03,5770
Jun 18 2018 01:,1529280000,0.03,4635
Jun 19 2018 01:,1529366400,0.03,4161
Jun 20 2018 01:,1529452800,0.03,4641
Jun 21 2018 01:,1529539200,0.03,6063
Jun 22 2018 01:,1529625600,0.03,5983
Jun 23 2018 01:,1529712000,0.03,4928
Jun 24 2018 01:,1529798400,0.03,4964
Jun 25 2018 01:,1529884800,0.03,5210
Jun 26 2018 01:,1529971200,0.03,5819
Jun 27 2018 01:,1530057600,0.03,4323
Jun 28 2018 01:,1530144000,0.03,5705
Jun 29 2018 01:,1530230400,0.03,4878
Jun 30 2018 01:,1530316800,0.03,5812
Jul 01 2018 01:,1530403200,0.03,4410
Jul 02 2018 01:,1530489600,0.03,5013
Jul 03 2018 01:,1530576000,0.03,5279
Jul 04 2018 01:,1530662400,0.03,4884
Jul 05 2018 01:,1530748800,0.03,4588
Jul 06 2018 01:,1530835200,0.03,4473
Jul 07 2018 01:,1530921600,0.03,5924
Jul 08 2018 01:,1531008000,0.03,4651
Jul 09 2018 01:,1531094400,0.03,4871
Jul 10 2018 01:,1531180800,0.03,4076
Jul 11 2018 01:,1531267200,0.03,4599
Jul 12 2018 01:,1531353600,0.03,3170
Jul 13 2018 01:,1531440000,0.03,4025
Jul 14 2018 01:,1531526400,0.03,4446
Jul 15 2018 01:,1531612800,0.03,4528
Jul 16 2018 01:,1531699200,0.03,4924
Jul 17 2018 01:,1531785600,0.03,4209
Jul 18 2018 01:,1531872000,0.03,4464
Jul 19 2018 01:,1531958400,0.03,4897
Jul 20 2018 01:,1532044800,0.03,4060
Jul 21 2018 01:,1532131200,0.03,4080
Jul 22 2018 01:,1532217600,0.03,4032
Jul 23 2018 01:,1532304000,0.03,4017
Jul 24 2018 01:,1532390400,0.03,5841
Jul 25 2018 01:,1532476800,0.03,4692
Jul 26 2018 01:,1532563200,0.03,4779
Jul 27 2018 01:,1532649600,0.03,3653
Jul 28 2018 01:,1532736000,0.03,3632
Jul 29 2018 01:,1532822400,0.03,4597
Jul 30 2018 01:,1532908800,0.03,3029
Jul 31 2018 01:,1532995200,0.03,3783
Aug 01 2018 01:,1533081600,0.03,3065
Aug 02 2018 01:,1533168000,0.03,3573
Aug 03 2018 01:,1533254400,0.03,4182
Aug 04 2018 01:,1533340800,0.03,4891
Aug 05 2018 01:,1533427200,0.03,7820
Aug 06 2018 01:,1533513600,0.03,5928
Aug 07 2018 01:,1533600000,0.03,4605
Aug 08 2018 01:,1533686400,0.03,4772
Aug 09 2018 01:,1533772800,0.03,14909
Aug 10 2018 01:,1533859200,0.03,201408
Aug 11 2018 01:,1533945600,0.03,169829
Aug 12 2018 01:,1534032000,0.03,70742
Aug 13 2018 01:,1534118400,0.03,97446
Aug 14 2018 01:,1534204800,0.03,78000
Aug 15 2018 01:,1534291200,0.03,109059
Aug 16 2018 01:,1534377600,0.03,40935
Aug 17 2018 01:,1534464000,0.03,37322
Aug 18 2018 01:,1534550400,0.03,22222
Aug 19 2018 01:,1534636800,0.03,99351
Aug 20 2018 01:,1534723200,0.03,76702
Aug 21 2018 01:,1534809600,0.03,77335
Aug 22 2018 01:,1534896000,0.03,102440
Aug 23 2018 01:,1534982400,0.03,78526
Aug 24 2018 01:,1535068800,0.03,52466
Aug 25 2018 01:,1535155200,0.03,117785
Aug 26 2018 01:,1535241600,0.03,73496
Aug 27 2018 01:,1535328000,0.03,50065
Aug 28 2018 01:,1535414400,0.03,83629
Aug 29 2018 01:,1535500800,0.03,91530
Aug 30 2018 01:,1535587200,0.03,159203
Aug 31 2018 01:,1535673600,0.03,66650
Sep 01 2018 01:,1535760000,0.03,51833
Sep 02 2018 01:,1535846400,0.03,109576
Sep 03 2018 01:,1535932800,0.03,98937
Sep 04 2018 01:,1536019200,0.03,85343
Sep 05 2018 01:,1536105600,0.03,122387
Sep 06 2018 01:,1536192000,0.03,128573
Sep 07 2018 01:,1536278400,0.03,114661
Sep 08 2018 01:,1536364800,0.03,169096
Sep 09 2018 01:,1536451200,0.03,89793
Sep 10 2018 01:,1536537600,0.03,120417
Sep 11 2018 01:,1536624000,0.03,85373
Sep 12 2018 01:,1536710400,0.03,85448
Sep 13 2018 01:,1536796800,0.03,165850
Sep 14 2018 01:,1536883200,0.03,97493
Sep 15 2018 01:,1536969600,0.03,90140
Sep 16 2018 01:,1537056000,0.03,112386
Sep 17 2018 01:,1537142400,0.03,91436
Sep 18 2018 01:,1537228800,0.03,115661
Sep 19 2018 01:,1537315200,0.03,143281
Sep 20 2018 01:,1537401600,0.03,91781
Sep 21 2018 01:,1537488000,0.03,155032
Sep 22 2018 01:,1537574400,0.03,88202
Sep 23 2018 01:,1537660800,0.03,36437
Sep 24 2018 01:,1537747200,0.03,75133
Sep 25 2018 01:,1537833600,0.03,105948
Sep 26 2018 01:,1537920000,0.03,161355
Sep 27 2018 01:,1538006400,0.03,44881
Sep 28 2018 01:,1538092800,0.03,233815
Sep 29 2018 01:,1538179200,0.03,89057
Sep 30 2018 01:,1538265600,0.03,40108
Oct 01 2018 01:,1538352000,0.03,103792
Oct 02 2018 01:,1538438400,0.03,121594
Oct 03 2018 01:,1538524800,0.03,72542
Oct 04 2018 01:,1538611200,0.03,288447
Oct 05 2018 01:,1538697600,0.03,91035
Oct 06 2018 01:,1538784000,0.03,68038
Oct 07 2018 01:,1538870400,0.03,88366
Oct 08 2018 01:,1538956800,0.03,124055
Oct 09 2018 01:,1539043200,0.03,54496
Oct 10 2018 01:,1539129600,0.03,195821
Oct 11 2018 01:,1539216000,0.03,5315
Oct 12 2018 01:,1539302400,0.03,6389
Oct 13 2018 01:,1539388800,0.03,5806
Oct 14 2018 01:,1539475200,0.03,6688
Oct 15 2018 01:,1539561600,0.03,6936
Oct 16 2018 01:,1539648000,0.03,5983
Oct 17 2018 01:,1539734400,0.03,7036
Oct 18 2018 01:,1539820800,0.03,40044
Oct 19 2018 01:,1539907200,0.03,253902
Oct 20 2018 01:,1539993600,0.03,90855
Oct 21 2018 01:,1540080000,0.03,214435
Oct 22 2018 01:,1540166400,0.03,130666
Oct 23 2018 01:,1540252800,0.03,93827
Oct 24 2018 01:,1540339200,0.03,79137
Oct 25 2018 01:,1540425600,0.03,88026
Oct 26 2018 01:,1540512000,0.03,61133
Oct 27 2018 01:,1540598400,0.03,227559
Oct 28 2018 01:,1540688400,0.03,156766
Oct 29 2018 01:,1540774800,0.03,101907
Oct 30 2018 01:,1540861200,0.03,90937
Oct 31 2018 01:,1540947600,0.03,137139
Nov 01 2018 01:,1541034000,0.03,6033
Nov 02 2018 01:,1541120400,0.03,89269
Nov 03 2018 01:,1541206800,0.03,169670
Nov 04 2018 01:,1541293200,0.03,139424
Nov 05 2018 01:,1541379600,0.03,131011
Nov 06 2018 01:,1541466000,0.03,134275
Nov 07 2018 01:,1541552400,0.03,49158
Nov 08 2018 01:,1541638800,0.03,28029
Nov 09 2018 01:,1541725200,0.03,61859
Nov 10 2018 01:,1541811600,0.03,334930
Nov 11 2018 01:,1541898000,0.03,138801
Nov 12 2018 01:,1541984400,0.03,74923
Nov 13 2018 01:,1542070800,0.03,79966
Nov 14 2018 01:,1542157200,0.03,62871
Nov 15 2018 01:,1542243600,0.03,170975
Nov 16 2018 01:,1542330000,0.03,214730
Nov 17 2018 01:,1542416400,0.03,288277
Nov 18 2018 01:,1542502800,0.03,84186
Nov 19 2018 01:,1542589200,0.03,141642
Nov 20 2018 01:,1542675600,0.03,307946
Nov 21 2018 01:,1542762000,0.03,293258
Nov 22 2018 01:,1542848400,0.03,24776
Nov 23 2018 01:,1542934800,0.03,278106
Nov 24 2018 01:,1543021200,0.03,216426
Nov 25 2018 01:,1543107600,0.03,137947
Nov 26 2018 01:,1543194000,0.03,145504
Nov 27 2018 01:,1543280400,0.03,13972
Nov 28 2018 01:,1543366800,0.03,307518
Nov 29 2018 01:,1543453200,0.03,108178
Nov 30 2018 01:,1543539600,0.03,150050
Dec 01 2018 01:,1543626000,0.03,142520
Dec 02 2018 01:,1543712400,0.03,75184
Dec 03 2018 01:,1543798800,0.03,57642
Dec 04 2018 01:,1543885200,0.03,209652
Dec 05 2018 01:,1543971600,0.03,124892
Dec 06 2018 01:,1544058000,0.03,114332
Dec 07 2018 01:,1544144400,0.03,120756
Dec 08 2018 01:,1544230800,0.03,195156
Dec 09 2018 01:,1544317200,0.03,6655
Dec 10 2018 01:,1544403600,0.03,324019
Dec 11 2018 01:,1544490000,0.03,76204
Dec 12 2018 01:,1544576400,0.03,279922
Dec 13 2018 01:,1544662800,0.03,123712
Dec 14 2018 01:,1544749200,0.03,67214
Dec 15 2018 01:,1544835600,0.03,325835
Dec 16 2018 01:,1544922000,0.03,226071
Dec 17 2018 01:,1545008400,0.03,197621
Dec 18 2018 01:,1545094800,0.03,50079
Dec 19 2018 01:,1545181200,0.03,249130
Dec 20 2018 01:,1545267600,0.03,316674
Dec 21 2018 01:,1545354000,0.03,162148
Dec 22 2018 01:,1545440400,0.03,114171
Dec 23 2018 01:,1545526800,0.03,12195
Dec 24 2018 01:,1545613200,0.03,151055
Dec 25 2018 01:,1545699600,0.03,183255
Dec 26 2018 01:,1545786000,0.03,153795
Dec 27 2018 01:,1545872400,0.03,65158
Dec 28 2018 01:,1545958800,0.03,68698
Dec 29 2018 01:,1546045200,0.03,72420
Dec 30 2018 01:,1546131600,0.03,121062
Dec 31 2018 01:,1546218000,0.03,61926
Jan 01 2019 01:,1546304400,0.03,52937
Jan 02 2019 01:,1546390800,0.03,169938
Jan 03 2019 01:,1546477200,0.03,188333
Jan 04 2019 01:,1546563600,0.03,271859
Jan 05 2019 01:,1546650000,0.03,125649
Jan 06 2019 01:,1546736400,0.03,76291
Jan 07 2019 01:,1546822800,0.03,6457
Jan 08 2019 01:,1546909200,0.03,79805
Jan 09 2019 01:,1546995600,0.03,388035
Jan 10 2019 01:,1547082000,0.03,198651
Jan 11 2019 01:,1547168400,0.03,202842
Jan 12 2019 01:,1547254800,0.03,9060
Jan 13 2019 01:,1547341200,0.03,90616
Jan 14 2019 01:,1547427600,0.03,139984
Jan 15 2019 01:,1547514000,0.03,201787
Jan 16 2019 01:,1547600400,0.03,177001
Jan 17 2019 01:,1547686800,0.03,123223
Jan 18 2019 01:,1547773200,0.03,94735
Jan 19 2019 01:,1547859600,0.03,40541
Jan 20 2019 01:,1547946000,0.03,93871
Jan 21 2019 01:,1548032400,0.03,105963
Jan 22 2019 01:,1548118800,0.03,105191
Jan 23 2019 01:,1548205200,0.03,51875
Jan 24 2019 01:,1548291600,0.03,49396
Jan 25 2019 01:,1548378000,0.03,82614
Jan 26 2019 01:,1548464400,0.03,135952
Jan 27 2019 01:,1548550800,0.03,64446
Jan 28 2019 01:,1548637200,0.03,50808
Jan 29 2019 01:,1548723600,0.03,18991
Jan 30 2019 01:,1548810000,0.03,221890
Jan 31 2019 01:,1548896400,0.03,85793
Feb 01 2019 01:,1548982800,0.03,171972
Feb 02 2019 01:,1549069200,0.03,229758
Feb 03 2019 01:,1549155600,0.03,339190
Feb 04 2019 01:,1549242000,0.03,240834
Feb 05 2019 01:,1549328400,0.03,89316
Feb 06 2019 01:,1549414800,0.03,56491
Feb 07 2019 01:,1549501200,0.03,233455
Feb 08 2019 01:,1549587600,0.03,107492
Feb 09 2019 01:,1549674000,0.03,83548
Feb 10 2019 01:,1549760400,0.03,144636
Feb 11 2019 01:,1549846800,0.03,89902
Feb 12 2019 01:,1549933200,0.03,139481
Feb 13 2019 01:,1550019600,0.03,218130
Feb 14 2019 01:,1550106000,0.03,140857
Feb 15 2019 01:,1550192400,0.03,473435
Feb 16 2019 01:,1550278800,0.03,267831
Feb 17 2019 01:,1550365200,0.03,142413
Feb 18 2019 01:,1550451600,0.03,32137
Feb 19 2019 01:,1550538000,0.03,230170
Feb 20 2019 01:,1550624400,0.03,429736
Feb 21 2019 01:,1550710800,0.03,290796
Feb 22 2019 01:,1550797200,0.03,111227
Feb 23 2019 01:,1550883600,0.03,20318
Feb 24 2019 01:,1550970000,0.03,113248
Feb 25 2019 01:,1551056400,0.03,302150
Feb 26 2019 01:,1551142800,0.03,185215
Feb 27 2019 01:,1551229200,0.03,422715
Feb 28 2019 01:,1551315600,0.03,50773
Mar 01 2019 01:,1551402000,0.03,12977
Mar 02 2019 01:,1551488400,0.03,213381
Mar 03 2019 01:,1551574800,0.03,146569
Mar 04 2019 01:,1551661200,0.03,206315
Mar 05 2019 01:,1551747600,0.03,31504
Mar 06 2019 01:,1551834000,0.03,502831
Mar 07 2019 01:,1551920400,0.03,17160
Mar 08 2019 01:,1552006800,0.03,260298
Mar 09 2019 01:,1552093200,0.03,489816
Mar 10 2019 01:,1552179600,0.03,180277
Mar 11 2019 01:,1552266000,0.03,125679
Mar 12 2019 01:,1552352400,0.03,60058
Mar 13 2019 01:,1552438800,0.03,205918
Mar 14 2019 01:,1552525200,0.03,308972
Mar 15 2019 01:,1552611600,0.03,215320
Mar 16 2019 01:,1552698000,0.03,248461
Mar 17 2019 01:,1552784400,0.03,112326
Mar 18 2019 01:,1552870800,0.03,38094
Mar 19 2019 01:,1552957200,0.03,10313
Mar 20 2019 01:,1553043600,0.03,456508
Mar 21 2019 01:,1553130000,0.03,226622
Mar 22 2019 01:,1553216400,0.03,85581
Mar 23 2019 01:,1553302800,0.03,103764
Mar 24 2019 01:,1553389200,0.03,145552
Mar 25 2019 01:,1553475600,0.03,97221
Mar 26 2019 01:,1553562000,0.03,24255
Mar 27 2019 01:,1553648400,0.03,227482
Mar 28 2019 01:,1553734800,0.03,377483
Mar 29 2019 01:,1553821200,0.03,179063
Mar 30 2019 01:,1553907600,0.03,19297
Mar 31 2019 01:,1553990400,0.03,67935
Apr 01 2019 01:,1554076800,0.03,54568
Apr 02 2019 01:,1554163200,0.03,48446
Apr 03 2019 01:,1554249600,0.03,167684
Apr 04 2019 01:,1554336000,0.03,199546
Apr 05 2019 01:,1554422400,0.03,254711
Apr 06 2019 01:,1554508800,0.03,182010
Apr 07 2019 01:,1554595200,0.03,82724
Apr 08 2019 01:,1554681600,0.03,22847
Apr 09 2019 01:,1554768000,0.03,83824
Apr 10 2019 01:,1554854400,0.03,312038
Apr 11 2019 01:,1554940800,0.03,412524
Apr 12 2019 01:,1555027200,0.03,313401
Apr 13 2019 01:,1555113600,0.03,173731
Apr 14 2019 01:,1555200000,0.03,145897
Apr 15 2019 01:,1555286400,0.03,48329
Apr 16 2019 01:,1555372800,0.03,200648
Apr 17 2019 01:,1555459200,0.03,552443
Apr 18 2019 01:,1555545600,0.03,250645
Apr 19 2019 01:,1555632000,0.03,48394
Apr 20 2019 01:,1555718400,0.03,312555
Apr 21 2019 01:,1555804800,0.03,295440
Apr 22 2019 01:,1555891200,0.03,183103
Apr 23 2019 01:,1555977600,0.03,118129
Apr 24 2019 01:,1556064000,0.03,183650
Apr 25 2019 01:,1556150400,0.03,59475
Apr 26 2019 01:,1556236800,0.03,249921
Apr 27 2019 01:,1556323200,0.03,233743
Apr 28 2019 01:,1556409600,0.03,192940
Apr 29 2019 01:,1556496000,0.03,57614
Apr 30 2019 01:,1556582400,0.03,162646
May 01 2019 01:,1556668800,0.03,70070
May 02 2019 01:,1556755200,0.03,164564
May 03 2019 01:,1556841600,0.03,225254
May 04 2019 01:,1556928000,0.03,351348
May 05 2019 01:,1557014400,0.03,228825
May 06 2019 01:,1557100800,0.03,46671
May 07 2019 01:,1557187200,0.03,21432
May 08 2019 01:,1557273600,0.03,44509
May 09 2019 01:,1557360000,0.03,492120
May 10 2019 01:,1557446400,0.03,229528
May 11 2019 01:,1557532800,0.03,117101
May 12 2019 01:,1557619200,0.03,102461
May 13 2019 01:,1557705600,0.03,29800
May 14 2019 01:,1557792000,0.03,11868
May 15 2019 01:,1557878400,0.03,21267
May 16 2019 01:,1557964800,0.03,170216
May 17 2019 01:,1558051200,0.03,237239
May 18 2019 01:,1558137600,0.03,241808
May 19 2019 01:,1558224000,0.03,15572
May 20 2019 01:,1558310400,0.03,417218
May 21 2019 01:,1558396800,0.03,104407
May 22 2019 01:,1558483200,0.03,40410
May 23 2019 01:,1558569600,0.03,17865
May 24 2019 01:,1558656000,0.03,8529
May 25 2019 01:,1558742400,0.03,11775
May 26 2019 01:,1558828800,0.03,249464
May 27 2019 01:,1558915200,0.03,225288
May 28 2019 01:,1559001600,0.03,31090
May 29 2019 01:,1559088000,0.03,56786
May 30 2019 01:,1559174400,0.03,20235
May 31 2019 01:,1559260800,0.03,293659
Jun 01 2019 01:,1559347200,0.03,12425
Jun 02 2019 01:,1559433600,0.03,15232
Jun 03 2019 01:,1559520000,0.03,8639
Jun 04 2019 01:,1559606400,0.03,16370
Jun 05 2019 01:,1559692800,0.03,9298
Jun 06 2019 01:,1559779200,0.03,132582
Jun 07 2019 01:,1559865600,0.03,265825
Jun 08 2019 01:,1559952000,0.03,42826
Jun 09 2019 01:,1560038400,0.03,45255
Jun 10 2019 01:,1560124800,0.03,13020
Jun 11 2019 01:,1560211200,0.03,38130
Jun 12 2019 01:,1560297600,0.03,33548
Jun 13 2019 01:,1560384000,0.03,10565
Jun 14 2019 01:,1560470400,0.03,10364
Jun 15 2019 01:,1560556800,0.03,9422
Jun 16 2019 01:,1560643200,0.03,9728
Jun 17 2019 01:,1560729600,0.03,13199
Jun 18 2019 01:,1560816000,0.03,11812
Jun 19 2019 01:,1560902400,0.03,15217
Jun 20 2019 01:,1560988800,0.03,23280
Jun 21 2019 01:,1561075200,0.03,11049
Jun 22 2019 01:,1561161600,0.03,12259
Jun 23 2019 01:,1561248000,0.03,11749
Jun 24 2019 01:,1561334400,0.03,14968
Jun 25 2019 01:,1561420800,0.03,27286
Jun 26 2019 01:,1561507200,0.03,16762
Jun 27 2019 01:,1561593600,0.03,19339
Jun 28 2019 01:,1561680000,0.03,12822
Jun 29 2019 01:,1561766400,0.03,11863
Jun 30 2019 01:,1561852800,0.03,14361
Jul 01 2019 01:,1561939200,0.03,12745
Jul 02 2019 01:,1562025600,0.03,12653
Jul 03 2019 01:,1562112000,0.03,11998
Jul 04 2019 01:,1562198400,0.03,10940
Jul 05 2019 01:,1562284800,0.03,12869
Jul 06 2019 01:,1562371200,0.03,8774
Jul 07 2019 01:,1562457600,0.03,10118
Jul 08 2019 01:,1562544000,0.03,9547
Jul 09 2019 01:,1562630400,0.03,11203
Jul 10 2019 01:,1562716800,0.03,7510
Jul 11 2019 01:,1562803200,0.03,9190
Jul 12 2019 01:,1562889600,0.03,13331
Jul 13 2019 01:,1562976000,0.03,13149
Jul 14 2019 01:,1563062400,0.03,23998
Jul 15 2019 01:,1563148800,0.03,15911
Jul 16 2019 01:,1563235200,0.03,12029
Jul 17 2019 01:,1563321600,0.03,13499
Jul 18 2019 01:,1563408000,0.03,13957
Jul 19 2019 01:,1563494400,0.03,9646
Jul 20 2019 01:,1563580800,0.03,9973
Jul 21 2019 01:,1563667200,0.03,10115
Jul 22 2019 01:,1563753600,0.03,13703
Jul 23 2019 01:,1563840000,0.03,11239
Jul 24 2019 01:,1563926400,0.03,10926
Jul 25 2019 01:,1564012800,0.03,12942
Jul 26 2019 01:,1564099200,0.03,7173
Jul 27 2019 01:,1564185600,0.03,9963
Jul 28 2019 01:,1564272000,0.03,9847
Jul 29 2019 01:,1564358400,0.03,8896
Jul 30 2019 01:,1564444800,0.03,10988
Jul 31 2019 01:,1564531200,0.03,24871
Aug 01 2019 01:,1564617600,0.03,12305
Aug 02 2019 01:,1564704000,0.03,11031
Aug 03 2019 01:,1564790400,0.03,11090
Aug 04 2019 01:,1564876800,0.03,13348
Aug 05 2019 01:,1564963200,0.03,10081
Aug 06 2019 01:,1565049600,0.03,13069
Aug 07 2019 01:,1565136000,0.03,9577
Aug 08 2019 01:,1565222400,0.03,9877
Aug 09 2019 01:,1565308800,0.03,10279
Aug 10 2019 01:,1565395200,0.03,11926
Aug 11 2019 01:,1565481600,0.03,11653
Aug 12 2019 01:,1565568000,0.03,10403
Aug 13 2019 01:,1565654400,0.03,10506
Aug 14 2019 01:,1565740800,0.03,12436
Aug 15 2019 01:,1565827200,0.03,9022
Aug 16 2019 01:,1565913600,0.03,9310
Aug 17 2019 01:,1566000000,0.03,8787
Aug 18 2019 01:,1566086400,0.03,10217
Aug 19 2019 01:,1566172800,0.03,23673
Aug 20 2019 01:,1566259200,0.03,9962
Aug 21 2019 01:,1566345600,0.03,9866
Aug 22 2019 01:,1566432000,0.03,13441
Aug 23 2019 01:,1566518400,0.03,9398
Aug 24 2019 01:,1566604800,0.03,8814
Aug 25 2019 01:,1566691200,0.03,9049
Aug 26 2019 01:,1566777600,0.03,8949
Aug 27 2019 01:,1566864000,0.03,10123
Aug 28 2019 01:,1566950400,0.03,8509
Aug 29 2019 01:,1567036800,0.03,10118
Aug 30 2019 01:,1567123200,0.03,11872
Aug 31 2019 01:,1567209600,0.03,12577
Sep 01 2019 01:,1567296000,0.03,16105
Sep 02 2019 01:,1567382400,0.03,9590
Sep 03 2019 01:,1567468800,0.03,9900
Sep 04 2019 01:,1567555200,0.03,10913
Sep 05 2019 01:,1567641600,0.03,11272
Sep 06 2019 01:,1567728000,0.03,14526
Sep 07 2019 01:,1567814400,0.03,18781
Sep 08 2019 01:,1567900800,0.03,16712
Sep 09 2019 01:,1567987200,0.03,17021
Sep 10 2019 01:,1568073600,0.03,14825
Sep 11 2019 01:,1568160000,0.03,12005
Sep 12 2019 01:,1568246400,0.03,12564
Sep 13 2019 01:,1568332800,0.03,11189
Sep 14 2019 01:,1568419200,0.03,16902
Sep 15 2019 01:,1568505600,0.03,16094
Sep 16 2019 01:,1568592000,0.03,11629
Sep 17 2019 01:,1568678400,0.03,11441
Sep 18 2019 01:,1568764800,0.03,12553
Sep 19 2019 01:,1568851200,0.03,18126
Sep 20 2019 01:,1568937600,0.03,14623
Sep 21 2019 01:,1569024000,0.03,16854
Sep 22 2019 01:,1569110400,0.03,15605
Sep 23 2019 01:,1569196800,0.03,12922
Sep 24 2019 01:,1569283200,0.03,14807
Sep 25 2019 01:,1569369600,0.03,16884
Sep 26 2019 01:,1569456000,0.03,14326
Sep 27 2019 01:,1569542400,0.03,19913
Sep 28 2019 01:,1569628800,0.03,26272
Sep 29 2019 01:,1569715200,0.03,20344
Sep 30 2019 01:,1569801600,0.03,17207
Oct 01 2019 01:,1569888000,0.03,34610
Oct 02 2019 01:,1569974400,0.03,53718
Oct 03 2019 01:,1570060800,0.03,136245
Oct 04 2019 01:,1570147200,0.03,420472
Oct 05 2019 01:,1570233600,0.03,76089
Oct 06 2019 01:,1570320000,0.03,39468
Oct 07 2019 01:,1570406400,0.03,28552
Oct 08 2019 01:,1570492800,0.03,19709
Oct 09 2019 01:,1570579200,0.03,24080
Oct 10 2019 01:,1570665600,0.03,17910
Oct 11 2019 01:,1570752000,0.03,23665
Oct 12 2019 01:,1570838400,0.03,33145
Oct 13 2019 01:,1570924800,0.03,29926
Oct 14 2019 01:,1571011200,0.03,23363
Oct 15 2019 01:,1571097600,0.03,18838
Oct 16 2019 01:,1571184000,0.03,19118
Oct 17 2019 01:,1571270400,0.03,15154
Oct 18 2019 01:,1571356800,0.03,27548
Oct 19 2019 01:,1571443200,0.03,32008
Oct 20 2019 01:,1571529600,0.03,28252
Oct 21 2019 01:,1571616000,0.03,21877
Oct 22 2019 01:,1571702400,0.03,17466
Oct 23 2019 01:,1571788800,0.03,16380
Oct 24 2019 01:,1571875200,0.03,15883
Oct 25 2019 01:,1571961600,0.03,13147
Oct 26 2019 01:,1572048000,0.03,19113
Oct 27 2019 01:,1572138000,0.03,18262
Oct 28 2019 01:,1572224400,0.03,13926
Oct 29 2019 01:,1572310800,0.03,16307
Oct 30 2019 01:,1572397200,0.03,15501
Oct 31 2019 01:,1572483600,0.03,15195
Nov 01 2019 01:,1572570000,0.03,13759
Nov 02 2019 01:,1572656400,0.03,14815
Nov 03 2019 01:,1572742800,0.03,10682
Nov 04 2019 01:,1572829200,0.03,14171
Nov 05 2019 01:,1572915600,0.03,10623
Nov 06 2019 01:,1573002000,0.03,18047
Nov 07 2019 01:,1573088400,0.03,10750
Nov 08 2019 01:,1573174800,0.03,10029
Nov 09 2019 01:,1573261200,0.03,10370
Nov 10 2019 01:,1573347600,0.03,13294
Nov 11 2019 01:,1573434000,0.03,8644
Nov 12 2019 01:,1573520400,0.03,8616
Nov 13 2019 01:,1573606800,0.03,6954
Nov 14 2019 01:,1573693200,0.03,6544
Nov 15 2019 01:,1573779600,0.03,8043
Nov 16 2019 01:,1573866000,0.03,10916
Nov 17 2019 01:,1573952400,0.03,7182
Nov 18 2019 01:,1574038800,0.03,7305
Nov 19 2019 01:,1574125200,0.03,12016
Nov 20 2019 01:,1574211600,0.03,7948
Nov 21 2019 01:,1574298000,0.03,7790
Nov 22 2019 01:,1574384400,0.03,8128
Nov 23 2019 01:,1574470800,0.03,9902
Nov 24 2019 01:,1574557200,0.03,9965
Nov 25 2019 01:,1574643600,0.03,8603
Nov 26 2019 01:,1574730000,0.03,7766
Nov 27 2019 01:,1574816400,0.03,9128
Nov 28 2019 01:,1574902800,0.03,8490
Nov 29 2019 01:,1574989200,0.03,8502
Nov 30 2019 01:,1575075600,0.03,8865
Dec 01 2019 01:,1575162000,0.03,9310
Dec 02 2019 01:,1575248400,0.03,7072
Dec 03 2019 01:,1575334800,0.03,8587
Dec 04 2019 01:,1575421200,0.03,7506
Dec 05 2019 01:,1575507600,0.03,6540
Dec 06 2019 01:,1575594000,0.03,5983
Dec 07 2019 01:,1575680400,0.03,8061
Dec 08 2019 01:,1575766800,0.03,14272
Dec 09 2019 01:,1575853200,0.03,6347
Dec 10 2019 01:,1575939600,0.03,6292
Dec 11 2019 01:,1576026000,0.03,5726
Dec 12 2019 01:,1576112400,0.03,8928
Dec 13 2019 01:,1576198800,0.03,11256
Dec 14 2019 01:,1576285200,0.03,10141
Dec 15 2019 01:,1576371600,0.03,8793
Dec 16 2019 01:,1576458000,0.03,8621
Dec 17 2019 01:,1576544400,0.03,6869
Dec 18 2019 01:,1576630800,0.03,14670
Dec 19 2019 01:,1576717200,0.03,12177
Dec 20 2019 01:,1576803600,0.03,9628
Dec 21 2019 01:,1576890000,0.03,8852
Dec 22 2019 01:,1576976400,0.03,11876
Dec 23 2019 01:,1577062800,0.03,8727
Dec 24 2019 01:,1577149200,0.03,11540
Dec 25 2019 01:,1577235600,0.03,10144
Dec 26 2019 01:,1577322000,0.03,10602
Dec 27 2019 01:,1577408400,0.03,11357
Dec 28 2019 01:,1577494800,0.03,11325
Dec 29 2019 01:,1577581200,0.03,10593
Dec 30 2019 01:,1577667600,0.03,13837
Dec 31 2019 01:,1577754000,0.03,7526
Jan 01 2020 01:,1577840400,0.03,7271
Jan 02 2020 01:,1577926800,0.03,9254
Jan 03 2020 01:,1578013200,0.03,8043
Jan 04 2020 01:,1578099600,0.03,9583
Jan 05 2020 01:,1578186000,0.03,10825
Jan 06 2020 01:,1578272400,0.03,9382
Jan 07 2020 01:,1578358800,0.03,13390
Jan 08 2020 01:,1578445200,0.03,17283
Jan 09 2020 01:,1578531600,0.03,17788
Jan 10 2020 01:,1578618000,0.03,17796
Jan 11 2020 01:,1578704400,0.03,19613
Jan 12 2020 01:,1578790800,0.03,33394
Jan 13 2020 01:,1578877200,0.03,15011
Jan 14 2020 01:,1578963600,0.03,14600
Jan 15 2020 01:,1579050000,0.03,14030
Jan 16 2020 01:,1579136400,0.03,14696
Jan 17 2020 01:,1579222800,0.03,18736
Jan 18 2020 01:,1579309200,0.03,21619
Jan 19 2020 01:,1579395600,0.03,21044
Jan 20 2020 01:,1579482000,0.03,26830
Jan 21 2020 01:,1579568400,0.03,24400
Jan 22 2020 01:,1579654800,0.03,20730
Jan 23 2020 01:,1579741200,0.03,20664
Jan 24 2020 01:,1579827600,0.03,16974
Jan 25 2020 01:,1579914000,0.03,20268
Jan 26 2020 01:,1580000400,0.03,27098
Jan 27 2020 01:,1580086800,0.03,25978
Jan 28 2020 01:,1580173200,0.03,22033
Jan 29 2020 01:,1580259600,0.03,33456
Jan 30 2020 01:,1580346000,0.03,17072
Jan 31 2020 01:,1580432400,0.038,69161
Feb 01 2020 01:,1580518800,0.03,32677
Feb 02 2020 01:,1580605200,0.031,23217
Feb 03 2020 01:,1580691600,0.031,22336
Feb 04 2020 01:,1580778000,0.032,17402
Feb 05 2020 01:,1580864400,0.03,18048
Feb 06 2020 01:,1580950800,0.03,44205
Feb 07 2020 01:,1581037200,0.03,24339
Feb 08 2020 01:,1581123600,0.031,24794
Feb 09 2020 01:,1581210000,0.03,29194
Feb 10 2020 01:,1581296400,0.03,21910
Feb 11 2020 01:,1581382800,0.03,24832
Feb 12 2020 01:,1581469200,0.031,21785
Feb 13 2020 01:,1581555600,0.03,31832
Feb 14 2020 01:,1581642000,0.033,22265
Feb 15 2020 01:,1581728400,0.033,33274
Feb 16 2020 01:,1581814800,0.03,41878
Feb 17 2020 01:,1581901200,0.033,19312
Feb 18 2020 01:,1581987600,0.033,28102
Feb 19 2020 01:,1582074000,0.032,33518
Feb 20 2020 01:,1582160400,0.033,22586
Feb 21 2020 01:,1582246800,0.041,26237
Feb 22 2020 01:,1582333200,0.035,24350
Feb 23 2020 01:,1582419600,0.041,40826
Feb 24 2020 01:,1582506000,0.038,43328
Feb 25 2020 01:,1582592400,0.04,31680
Feb 26 2020 01:,1582678800,0.043,31138
Feb 27 2020 01:,1582765200,0.038,30795
Feb 28 2020 01:,1582851600,0.041,30773
Feb 29 2020 01:,1582938000,0.042,33510
Mar 01 2020 01:,1583024400,0.038,33181
Mar 02 2020 01:,1583110800,0.039,25906
Mar 03 2020 01:,1583197200,0.037,24004
Mar 04 2020 01:,1583283600,0.035,25074
Mar 05 2020 01:,1583370000,0.033,25362
Mar 06 2020 01:,1583456400,0.031,22999
Mar 07 2020 01:,1583542800,0.03,24458
Mar 08 2020 01:,1583629200,0.03,27187
Mar 09 2020 01:,1583715600,0.03,32419
Mar 10 2020 01:,1583802000,0.03,23031
Mar 11 2020 01:,1583888400,0.03,29681
Mar 12 2020 01:,1583974800,0.034,28747
Mar 13 2020 01:,1584061200,0.032,27040
Mar 14 2020 01:,1584147600,0.03,23127
Mar 15 2020 01:,1584234000,0.03,21436
Mar 16 2020 01:,1584320400,0.03,19407
Mar 17 2020 01:,1584406800,0.03,23793
Mar 18 2020 01:,1584493200,0.03,21315
Mar 19 2020 01:,1584579600,0.03,21942
Mar 20 2020 01:,1584666000,0.03,22558
Mar 21 2020 01:,1584752400,0.03,22114
Mar 22 2020 01:,1584838800,0.03,22581
Mar 23 2020 01:,1584925200,0.03,22285
Mar 24 2020 01:,1585011600,0.03,24076
Mar 25 2020 01:,1585098000,0.03,23754
Mar 26 2020 01:,1585184400,0.033,26027
Mar 27 2020 01:,1585270800,0.03,25881
Mar 28 2020 01:,1585357200,0.03,19686
Mar 29 2020 01:,1585440000,0.03,16126
Mar 30 2020 01:,1585526400,0.03,22795
Mar 31 2020 01:,1585612800,0.03,29332
Apr 01 2020 01:,1585699200,0.03,36770
Apr 02 2020 01:,1585785600,0.03,35001
Apr 03 2020 01:,1585872000,0.03,32574
Apr 04 2020 01:,1585958400,0.03,32925
Apr 05 2020 01:,1586044800,0.03,31275
Apr 06 2020 01:,1586131200,0.03,33244
Apr 07 2020 01:,1586217600,0.03,33285
Apr 08 2020 01:,1586304000,0.03,29912
Apr 09 2020 01:,1586390400,0.03,25794
Apr 10 2020 01:,1586476800,0.03,25972
Apr 11 2020 01:,1586563200,0.03,32021
Apr 12 2020 01:,1586649600,0.03,28970
Apr 13 2020 01:,1586736000,0.03,29729
Apr 14 2020 01:,1586822400,0.03,33210
Apr 15 2020 01:,1586908800,0.03,34300
Apr 16 2020 01:,1586995200,0.03,31676
Apr 17 2020 01:,1587081600,0.03,33342
Apr 18 2020 01:,1587168000,0.03,31685
Apr 19 2020 01:,1587254400,0.03,28688
Apr 20 2020 01:,1587340800,0.03,29773
Apr 21 2020 01:,1587427200,0.03,28620
Apr 22 2020 01:,1587513600,0.03,32014
Apr 23 2020 01:,1587600000,0.03,27655
Apr 24 2020 01:,1587686400,0.03,26518
Apr 25 2020 01:,1587772800,0.03,35641
Apr 26 2020 01:,1587859200,0.03,37418
Apr 27 2020 01:,1587945600,0.03,28631
Apr 28 2020 01:,1588032000,0.03,26429
Apr 29 2020 01:,1588118400,0.03,16989
Apr 29 2020 15:,1588168800,0.03,1185
Apr 29 2020 16:,1588172400,0.03,1400
Apr 29 2020 17:,1588176000,0.03,1707
Apr 29 2020 18:,1588179600,0.03,1175
Apr 29 2020 19:,1588183200,0.03,1634
Apr 29 2020 20:,1588186800,0.03,1181
Apr 29 2020 21:,1588190400,0.03,1164
Apr 29 2020 22:,1588194000,0.03,1635
Apr 29 2020 23:,1588197600,0.03,1448
Apr 30 2020 00:,1588201200,0.03,1551
Apr 30 2020 01:,1588204800,0.03,887
Apr 30 2020 02:,1588208400,0.03,669
Apr 30 2020 03:,1588212000,0.03,1819
Apr 30 2020 04:,1588215600,0.03,949
Apr 30 2020 05:,1588219200,0.03,328
Apr 30 2020 06:,1588222800,0.03,817
Apr 30 2020 07:,1588226400,0.03,1069
Apr 30 2020 08:,1588230000,0.03,1615
Apr 30 2020 09:,1588233600,0.03,920
Apr 30 2020 10:,1588237200,0.03,1294
Apr 30 2020 11:,1588240800,0.03,1078
Apr 30 2020 12:,1588244400,0.03,2074
Apr 30 2020 13:,1588248000,0.03,1148
Apr 30 2020 14:,1588251600,0.03,1114
Apr 30 2020 15:,1588255200,0.03,2162
Apr 30 2020 16:,1588258800,0.03,2151
Apr 30 2020 17:,1588262400,0.03,1347
Apr 30 2020 18:,1588266000,0.03,2038
Apr 30 2020 19:,1588269600,0.03,1249
Apr 30 2020 20:,1588273200,0.03,1725
Apr 30 2020 21:,1588276800,0.03,1397
Apr 30 2020 22:,1588280400,0.03,1522
Apr 30 2020 23:,1588284000,0.036,1623
May 01 2020 00:,1588287600,0.036,1643
May 01 2020 01:,1588291200,0.03,472
May 01 2020 02:,1588294800,0.037,1557
May 01 2020 03:,1588298400,0.03,632
May 01 2020 04:,1588302000,0.03,779
May 01 2020 05:,1588305600,0.03,652
May 01 2020 06:,1588309200,0.03,893
May 01 2020 07:,1588312800,0.03,893
May 01 2020 08:,1588316400,0.03,883
May 01 2020 09:,1588320000,0.03,1121
May 01 2020 10:,1588323600,0.03,994
May 01 2020 11:,1588327200,0.03,2107
May 01 2020 12:,1588330800,0.03,1059
May 01 2020 13:,1588334400,0.03,1340
May 01 2020 14:,1588338000,0.03,1727
May 01 2020 15:,1588341600,0.03,1209
May 01 2020 16:,1588345200,0.03,1170
May 01 2020 17:,1588348800,0.043,2499
May 01 2020 18:,1588352400,0.03,2112
May 01 2020 19:,1588356000,0.03,1397
May 01 2020 20:,1588359600,0.03,1248
May 01 2020 21:,1588363200,0.03,1861
May 01 2020 22:,1588366800,0.03,1645
May 01 2020 23:,1588370400,0.03,1419
May 02 2020 00:,1588374000,0.03,860
May 02 2020 01:,1588377600,0.044,1214
May 02 2020 02:,1588381200,0.03,558
May 02 2020 03:,1588384800,0.03,595
May 02 2020 04:,1588388400,0.03,546
May 02 2020 05:,1588392000,0.03,644
May 02 2020 06:,1588395600,0.036,870
May 02 2020 07:,1588399200,0.03,662
May 02 2020 08:,1588402800,0.03,1030
May 02 2020 09:,1588406400,0.03,1058
May 02 2020 10:,1588410000,0.03,1127
May 02 2020 11:,1588413600,0.03,1310
May 02 2020 12:,1588417200,0.03,1257
May 02 2020 13:,1588420800,0.03,1006
May 02 2020 14:,1588424400,0.03,1302
May 02 2020 15:,1588428000,0.03,1516
May 02 2020 16:,1588431600,0.03,894
May 02 2020 17:,1588435200,0.03,1987
May 02 2020 18:,1588438800,0.03,1183
May 02 2020 19:,1588442400,0.03,1490
May 02 2020 20:,1588446000,0.03,1438
May 02 2020 21:,1588449600,0.03,1168
May 02 2020 22:,1588453200,0.03,1847
May 02 2020 23:,1588456800,0.036,1681
May 03 2020 00:,1588460400,0.03,889
May 03 2020 01:,1588464000,0.036,1166
May 03 2020 02:,1588467600,0.03,851
May 03 2020 03:,1588471200,0.03,774
May 03 2020 04:,1588474800,0.03,793
May 03 2020 05:,1588478400,0.03,486
May 03 2020 06:,1588482000,0.03,505
May 03 2020 07:,1588485600,0.03,1066
May 03 2020 08:,1588489200,0.03,1392
May 03 2020 09:,1588492800,0.03,1351
May 03 2020 10:,1588496400,0.04,1660
May 03 2020 11:,1588500000,0.03,2300
May 03 2020 12:,1588503600,0.03,2084
May 03 2020 13:,1588507200,0.03,1467
May 03 2020 14:,1588510800,0.03,1092
May 03 2020 15:,1588514400,0.03,1566
May 03 2020 16:,1588518000,0.03,1589
May 03 2020 17:,1588521600,0.03,1434
May 03 2020 18:,1588525200,0.03,1212
May 03 2020 19:,1588528800,0.03,1865
May 03 2020 20:,1588532400,0.03,1356
May 03 2020 21:,1588536000,0.03,2690
May 03 2020 22:,1588539600,0.03,1742
May 03 2020 23:,1588543200,0.03,1068
May 04 2020 00:,1588546800,0.03,1029
May 04 2020 01:,1588550400,0.03,857
May 04 2020 02:,1588554000,0.03,720
May 04 2020 03:,1588557600,0.03,781
May 04 2020 04:,1588561200,0.03,529
May 04 2020 05:,1588564800,0.03,538
May 04 2020 06:,1588568400,0.03,376
May 04 2020 07:,1588572000,0.03,459
May 04 2020 08:,1588575600,0.03,1034
May 04 2020 09:,1588579200,0.03,846
May 04 2020 10:,1588582800,0.03,1276
May 04 2020 11:,1588586400,0.03,1273
May 04 2020 12:,1588590000,0.03,2537
May 04 2020 13:,1588593600,0.03,2203
May 04 2020 14:,1588597200,0.03,2572
May 04 2020 15:,1588600800,0.03,2587
May 04 2020 16:,1588604400,0.03,1587
May 04 2020 17:,1588608000,0.03,1461
May 04 2020 18:,1588611600,0.03,1318
May 04 2020 19:,1588615200,0.03,1963
May 04 2020 20:,1588618800,0.03,1443
May 04 2020 21:,1588622400,0.03,1046
May 04 2020 22:,1588626000,0.03,2116
May 04 2020 23:,1588629600,0.03,1521
May 05 2020 00:,1588633200,0.03,785
May 05 2020 01:,1588636800,0.03,979
May 05 2020 02:,1588640400,0.03,1185
May 05 2020 03:,1588644000,0.03,561
May 05 2020 04:,1588647600,0.03,858
May 05 2020 05:,1588651200,0.035,664
May 05 2020 06:,1588654800,0.03,1513
May 05 2020 07:,1588658400,0.03,812
May 05 2020 08:,1588662000,0.03,1086
May 05 2020 09:,1588665600,0.03,835
May 05 2020 10:,1588669200,0.03,1120
May 05 2020 11:,1588672800,0.03,1608
May 05 2020 12:,1588676400,0.03,2172
May 05 2020 13:,1588680000,0.03,1174
May 05 2020 14:,1588683600,0.038,2376
May 05 2020 15:,1588687200,0.03,1219
May 05 2020 16:,1588690800,0.03,1565
May 05 2020 17:,1588694400,0.043,1644
May 05 2020 18:,1588698000,0.03,1394
May 05 2020 19:,1588701600,0.03,1321
May 05 2020 20:,1588705200,0.03,1664
May 05 2020 21:,1588708800,0.043,1176
May 05 2020 22:,1588712400,0.03,1333
May 05 2020 23:,1588716000,0.03,998
May 06 2020 00:,1588719600,0.03,963
May 06 2020 01:,1588723200,0.03,1045
May 06 2020 02:,1588726800,0.03,666
May 06 2020 03:,1588730400,0.03,1698
May 06 2020 04:,1588734000,0.03,683
May 06 2020 05:,1588737600,0.03,729
May 06 2020 06:,1588741200,0.03,888
May 06 2020 07:,1588744800,0.03,751
May 06 2020 08:,1588748400,0.03,927
May 06 2020 09:,1588752000,0.03,1457
May 06 2020 10:,1588755600,0.03,1237
May 06 2020 11:,1588759200,0.03,1066
May 06 2020 12:,1588762800,0.03,1134
May 06 2020 13:,1588766400,0.03,1166
May 06 2020 14:,1588770000,0.036,1514
May 06 2020 15:,1588773600,0.03,1576
May 06 2020 16:,1588777200,0.03,1880
May 06 2020 17:,1588780800,0.03,1610
May 06 2020 18:,1588784400,0.03,1234
May 06 2020 19:,1588788000,0.03,1745
May 06 2020 20:,1588791600,0.03,1969
May 06 2020 21:,1588795200,0.03,1300
May 06 2020 22:,1588798800,0.03,2929
May 06 2020 23:,1588802400,0.03,1015
May 07 2020 00:,1588806000,0.03,909
May 07 2020 01:,1588809600,0.03,688
May 07 2020 02:,1588813200,0.03,2566
May 07 2020 03:,1588816800,0.03,2222
May 07 2020 04:,1588820400,0.03,1872
May 07 2020 05:,1588824000,0.03,822
May 07 2020 06:,1588827600,0.03,950
May 07 2020 07:,1588831200,0.03,1375
May 07 2020 08:,1588834800,0.03,1281
May 07 2020 09:,1588838400,0.03,1098
May 07 2020 10:,1588842000,0.03,1140
May 07 2020 11:,1588845600,0.03,1219
May 07 2020 12:,1588849200,0.03,1875
May 07 2020 13:,1588852800,0.03,1380
May 07 2020 14:,1588856400,0.03,1253
May 07 2020 15:,1588860000,0.03,1414
May 07 2020 16:,1588863600,0.03,1989
May 07 2020 17:,1588867200,0.03,2608
May 07 2020 18:,1588870800,0.03,1186
May 07 2020 19:,1588874400,0.03,1694
May 07 2020 20:,1588878000,0.03,1269
May 07 2020 21:,1588881600,0.03,1752
May 07 2020 22:,1588885200,0.03,1224
May 07 2020 23:,1588888800,0.03,1012
May 08 2020 00:,1588892400,0.03,865
May 08 2020 01:,1588896000,0.03,1209
May 08 2020 02:,1588899600,0.03,1020
May 08 2020 03:,1588903200,0.03,992
May 08 2020 04:,1588906800,0.036,1857
May 08 2020 05:,1588910400,0.036,1492
May 08 2020 06:,1588914000,0.03,621
May 08 2020 07:,1588917600,0.03,973
May 08 2020 08:,1588921200,0.03,1046
May 08 2020 09:,1588924800,0.03,1004
May 08 2020 10:,1588928400,0.03,2584
May 08 2020 11:,1588932000,0.03,3683
May 08 2020 12:,1588935600,0.03,1311
May 08 2020 13:,1588939200,0.03,1755
May 08 2020 14:,1588942800,0.036,1801
May 08 2020 15:,1588946400,0.03,1728
May 08 2020 16:,1588950000,0.03,1603
May 08 2020 17:,1588953600,0.03,1527
May 08 2020 18:,1588957200,0.03,1479
May 08 2020 19:,1588960800,0.03,1119
May 08 2020 20:,1588964400,0.03,1586
May 08 2020 21:,1588968000,0.03,1354
May 08 2020 22:,1588971600,0.032,1277
May 08 2020 23:,1588975200,0.03,965
May 09 2020 00:,1588978800,0.03,583
May 09 2020 01:,1588982400,0.03,811
May 09 2020 02:,1588986000,0.03,804
May 09 2020 03:,1588989600,0.03,633
May 09 2020 04:,1588993200,0.03,960
May 09 2020 05:,1588996800,0.03,926
May 09 2020 06:,1589000400,0.03,813
May 09 2020 07:,1589004000,0.03,894
May 09 2020 08:,1589007600,0.03,839
May 09 2020 09:,1589011200,0.03,845
May 09 2020 10:,1589014800,0.03,746
May 09 2020 11:,1589018400,0.03,1259
May 09 2020 12:,1589022000,0.03,1539
May 09 2020 13:,1589025600,0.03,1609
May 09 2020 14:,1589029200,0.03,1526
May 09 2020 15:,1589032800,0.03,1729
May 09 2020 16:,1589036400,0.03,1790
May 09 2020 17:,1589040000,0.03,2108
May 09 2020 18:,1589043600,0.03,1517
May 09 2020 19:,1589047200,0.03,1586
May 09 2020 20:,1589050800,0.03,1885
May 09 2020 21:,1589054400,0.03,1513
May 09 2020 22:,1589058000,0.03,3242
May 09 2020 23:,1589061600,0.03,2038
May 10 2020 00:,1589065200,0.03,1785
May 10 2020 01:,1589068800,0.03,566
May 10 2020 02:,1589072400,0.03,1209
May 10 2020 03:,1589076000,0.03,1951
May 10 2020 04:,1589079600,0.03,2557
May 10 2020 05:,1589083200,0.03,670
May 10 2020 06:,1589086800,0.03,963
May 10 2020 07:,1589090400,0.03,1706
May 10 2020 08:,1589094000,0.03,1516
May 10 2020 09:,1589097600,0.03,1309
May 10 2020 10:,1589101200,0.03,1130
May 10 2020 11:,1589104800,0.03,1542
May 10 2020 12:,1589108400,0.03,1446
May 10 2020 13:,1589112000,0.03,2260
May 10 2020 14:,1589115600,0.03,2571
May 10 2020 15:,1589119200,0.031,4011
May 10 2020 16:,1589122800,0.03,1317
May 10 2020 17:,1589126400,0.03,1526
May 10 2020 18:,1589130000,0.03,2225
May 10 2020 19:,1589133600,0.03,1824
May 10 2020 20:,1589137200,0.03,1044
May 10 2020 21:,1589140800,0.03,1893
May 10 2020 22:,1589144400,0.03,1232
May 10 2020 23:,1589148000,0.03,1382
May 11 2020 00:,1589151600,0.03,1226
May 11 2020 01:,1589155200,0.03,778
May 11 2020 02:,1589158800,0.03,1385
May 11 2020 03:,1589162400,0.03,882
May 11 2020 04:,1589166000,0.03,606
May 11 2020 05:,1589169600,0.03,1060
May 11 2020 06:,1589173200,0.03,915
May 11 2020 07:,1589176800,0.03,1100
May 11 2020 08:,1589180400,0.03,1334
May 11 2020 09:,1589184000,0.03,967
May 11 2020 10:,1589187600,0.03,1362
May 11 2020 11:,1589191200,0.03,1301
May 11 2020 12:,1589194800,0.03,1064
May 11 2020 13:,1589198400,0.03,1366
May 11 2020 14:,1589202000,0.03,2085
May 11 2020 15:,1589205600,0.03,1527
May 11 2020 16:,1589209200,0.03,1421
May 11 2020 17:,1589212800,0.03,2675
May 11 2020 18:,1589216400,0.043,2352
May 11 2020 19:,1589220000,0.03,2001
May 11 2020 20:,1589223600,0.03,1553
May 11 2020 21:,1589227200,0.03,1499
May 11 2020 22:,1589230800,0.03,1419
May 11 2020 23:,1589234400,0.032,962
May 12 2020 00:,1589238000,0.03,1290
May 12 2020 01:,1589241600,0.03,1320
May 12 2020 02:,1589245200,0.03,1184
May 12 2020 03:,1589248800,0.03,488
May 12 2020 04:,1589252400,0.03,556
May 12 2020 05:,1589256000,0.03,743
May 12 2020 06:,1589259600,0.03,624
May 12 2020 07:,1589263200,0.03,706
May 12 2020 08:,1589266800,0.03,916
May 12 2020 09:,1589270400,0.03,1210
May 12 2020 10:,1589274000,0.03,2796
May 12 2020 11:,1589277600,0.03,1286
May 12 2020 12:,1589281200,0.03,1080
May 12 2020 13:,1589284800,0.03,1477
May 12 2020 14:,1589288400,0.03,1264
May 12 2020 15:,1589292000,0.03,1839
May 12 2020 16:,1589295600,0.03,1832
May 12 2020 17:,1589299200,0.03,1452
May 12 2020 18:,1589302800,0.049,2051
May 12 2020 19:,1589306400,0.03,2116
May 12 2020 20:,1589310000,0.043,2285
May 12 2020 21:,1589313600,0.03,2195
May 12 2020 22:,1589317200,0.03,1371
May 12 2020 23:,1589320800,0.03,1117
May 13 2020 00:,1589324400,0.03,833
May 13 2020 01:,1589328000,0.03,780
May 13 2020 02:,1589331600,0.03,817
May 13 2020 03:,1589335200,0.03,615
May 13 2020 04:,1589338800,0.03,680
May 13 2020 05:,1589342400,0.03,525
May 13 2020 06:,1589346000,0.03,871
May 13 2020 07:,1589349600,0.03,530
May 13 2020 08:,1589353200,0.03,1075
May 13 2020 09:,1589356800,0.03,825
May 13 2020 10:,1589360400,0.03,1337
May 13 2020 11:,1589364000,0.03,1055
May 13 2020 12:,1589367600,0.03,1292
May 13 2020 13:,1589371200,0.03,1677
May 13 2020 14:,1589374800,0.03,1050
May 13 2020 15:,1589378400,0.03,1404
May 13 2020 16:,1589382000,0.03,1396
May 13 2020 17:,1589385600,0.03,1453
May 13 2020 18:,1589389200,0.03,1431
May 13 2020 19:,1589392800,0.03,1537
May 13 2020 20:,1589396400,0.05,2435
May 13 2020 21:,1589400000,0.03,1495
May 13 2020 22:,1589403600,0.03,1090
May 13 2020 23:,1589407200,0.039,3108
May 14 2020 00:,1589410800,0.03,1649
May 14 2020 01:,1589414400,0.03,1104
May 14 2020 02:,1589418000,0.031,886
May 14 2020 03:,1589421600,0.049,930
May 14 2020 04:,1589425200,0.03,525
May 14 2020 05:,1589428800,0.03,518
May 14 2020 06:,1589432400,0.03,1030
May 14 2020 07:,1589436000,0.043,904
May 14 2020 08:,1589439600,0.03,815
May 14 2020 09:,1589443200,0.03,1020
May 14 2020 10:,1589446800,0.03,1429
May 14 2020 11:,1589450400,0.03,1224
May 14 2020 12:,1589454000,0.03,1415
May 14 2020 13:,1589457600,0.03,1030
May 14 2020 14:,1589461200,0.03,1557
May 14 2020 15:,1589464800,0.043,1581
May 14 2020 16:,1589468400,0.03,1585
May 14 2020 17:,1589472000,0.03,1727
May 14 2020 18:,1589475600,0.03,1473
May 14 2020 19:,1589479200,0.03,1491
May 14 2020 20:,1589482800,0.03,1426
May 14 2020 21:,1589486400,0.03,1011
May 14 2020 22:,1589490000,0.043,1635
May 14 2020 23:,1589493600,0.03,1127
May 15 2020 00:,1589497200,0.03,1043
May 15 2020 01:,1589500800,0.035,1256
May 15 2020 02:,1589504400,0.038,1731
May 15 2020 03:,1589508000,0.03,567
May 15 2020 04:,1589511600,0.038,919
May 15 2020 05:,1589515200,0.03,1056
May 15 2020 06:,1589518800,0.03,556
May 15 2020 07:,1589522400,0.03,688
May 15 2020 08:,1589526000,0.03,906
May 15 2020 09:,1589529600,0.03,1068
May 15 2020 10:,1589533200,0.03,1119
May 15 2020 11:,1589536800,0.03,1028
May 15 2020 12:,1589540400,0.03,988
May 15 2020 13:,1589544000,0.03,1230
May 15 2020 14:,1589547600,0.03,1206
May 15 2020 15:,1589551200,0.03,1454
May 15 2020 16:,1589554800,0.03,2005
May 15 2020 17:,1589558400,0.03,1318
May 15 2020 18:,1589562000,0.03,1181
May 15 2020 19:,1589565600,0.03,2378
May 15 2020 20:,1589569200,0.031,2084
May 15 2020 21:,1589572800,0.05,3107
May 15 2020 22:,1589576400,0.03,1302
May 15 2020 23:,1589580000,0.05,1872
May 16 2020 00:,1589583600,0.05,3448
May 16 2020 01:,1589587200,0.05,2183
May 16 2020 02:,1589590800,0.03,907
May 16 2020 03:,1589594400,0.043,1761
May 16 2020 04:,1589598000,0.05,1543
May 16 2020 05:,1589601600,0.03,524
May 16 2020 06:,1589605200,0.03,495
May 16 2020 07:,1589608800,0.03,660
May 16 2020 08:,1589612400,0.03,753
May 16 2020 09:,1589616000,0.03,883
May 16 2020 10:,1589619600,0.03,1260
May 16 2020 11:,1589623200,0.03,1866
May 16 2020 12:,1589626800,0.03,1128
May 16 2020 13:,1589630400,0.03,1654
May 16 2020 14:,1589634000,0.03,1197
May 16 2020 15:,1589637600,0.03,1600
May 16 2020 16:,1589641200,0.03,1180
May 16 2020 17:,1589644800,0.03,1848
May 16 2020 18:,1589648400,0.03,1503
May 16 2020 19:,1589652000,0.03,1013
May 16 2020 20:,1589655600,0.03,1214
May 16 2020 21:,1589659200,0.054,1515
May 16 2020 22:,1589662800,0.03,1311
May 16 2020 23:,1589666400,0.03,1290
May 17 2020 00:,1589670000,0.03,1230
May 17 2020 01:,1589673600,0.03,602
May 17 2020 02:,1589677200,0.03,509
May 17 2020 03:,1589680800,0.03,631
May 17 2020 04:,1589684400,0.03,720
May 17 2020 05:,1589688000,0.03,559
May 17 2020 06:,1589691600,0.03,589
May 17 2020 07:,1589695200,0.03,704
May 17 2020 08:,1589698800,0.03,630
May 17 2020 09:,1589702400,0.03,826
May 17 2020 10:,1589706000,0.03,1210
May 17 2020 11:,1589709600,0.03,2240
May 17 2020 12:,1589713200,0.03,961
May 17 2020 13:,1589716800,0.031,2718
May 17 2020 14:,1589720400,0.03,1533
May 17 2020 15:,1589724000,0.032,2192
May 17 2020 16:,1589727600,0.03,1682
May 17 2020 17:,1589731200,0.03,2660
May 17 2020 18:,1589734800,0.032,3082
May 17 2020 19:,1589738400,0.03,2015
May 17 2020 20:,1589742000,0.031,2234
May 17 2020 21:,1589745600,0.031,1796
May 17 2020 22:,1589749200,0.03,1321
May 17 2020 23:,1589752800,0.03,916
May 18 2020 00:,1589756400,0.03,1110
May 18 2020 01:,1589760000,0.03,905
May 18 2020 02:,1589763600,0.03,560
May 18 2020 03:,1589767200,0.03,614
May 18 2020 04:,1589770800,0.032,936
May 18 2020 05:,1589774400,0.03,594
May 18 2020 06:,1589778000,0.032,475
May 18 2020 07:,1589781600,0.032,967
May 18 2020 08:,1589785200,0.032,1366
May 18 2020 09:,1589788800,0.045,1032
May 18 2020 10:,1589792400,0.03,1218
May 18 2020 11:,1589796000,0.03,1253
May 18 2020 12:,1589799600,0.03,1303
May 18 2020 13:,1589803200,0.03,1798
May 18 2020 14:,1589806800,0.03,2389
May 18 2020 15:,1589810400,0.03,1619
May 18 2020 16:,1589814000,0.03,1254
May 18 2020 17:,1589817600,0.032,2625
May 18 2020 18:,1589821200,0.03,2012
May 18 2020 19:,1589824800,0.054,2354
May 18 2020 20:,1589828400,0.03,1141
May 18 2020 21:,1589832000,0.03,937
May 18 2020 22:,1589835600,0.03,2361
May 18 2020 23:,1589839200,0.031,2355
May 19 2020 00:,1589842800,0.03,1871
May 19 2020 01:,1589846400,0.03,904
May 19 2020 02:,1589850000,0.03,1228
May 19 2020 03:,1589853600,0.03,835
May 19 2020 04:,1589857200,0.03,794
May 19 2020 05:,1589860800,0.03,706
May 19 2020 06:,1589864400,0.03,1260
May 19 2020 07:,1589868000,0.032,834
May 19 2020 08:,1589871600,0.031,1081
May 19 2020 09:,1589875200,0.03,875
May 19 2020 10:,1589878800,0.054,3121
May 19 2020 11:,1589882400,0.03,1751
May 19 2020 12:,1589886000,0.03,1572
May 19 2020 13:,1589889600,0.03,995
May 19 2020 14:,1589893200,0.03,1208
May 19 2020 15:,1589896800,0.03,1543
May 19 2020 16:,1589900400,0.03,1056
May 19 2020 17:,1589904000,0.03,2209
May 19 2020 18:,1589907600,0.031,2077
May 19 2020 19:,1589911200,0.03,1245
May 19 2020 20:,1589914800,0.03,1223
May 19 2020 21:,1589918400,0.055,3114
May 19 2020 22:,1589922000,0.055,3174
May 19 2020 23:,1589925600,0.055,1948
May 20 2020 00:,1589929200,0.03,665
May 20 2020 01:,1589932800,0.055,1549
May 20 2020 02:,1589936400,0.055,1711
May 20 2020 03:,1589940000,0.03,1143
May 20 2020 04:,1589943600,0.039,927
May 20 2020 05:,1589947200,0.03,583
May 20 2020 06:,1589950800,0.03,578
May 20 2020 07:,1589954400,0.03,706
May 20 2020 08:,1589958000,0.03,869
May 20 2020 09:,1589961600,0.03,1379
May 20 2020 10:,1589965200,0.03,983
May 20 2020 11:,1589968800,0.03,1279
May 20 2020 12:,1589972400,0.055,2503
May 20 2020 13:,1589976000,0.05,2441
May 20 2020 14:,1589979600,0.03,1433
May 20 2020 15:,1589983200,0.031,2451
May 20 2020 16:,1589986800,0.03,1098
May 20 2020 17:,1589990400,0.03,1139
May 20 2020 18:,1589994000,0.03,1373
May 20 2020 19:,1589997600,0.03,1530
May 20 2020 20:,1590001200,0.03,1839
May 20 2020 21:,1590004800,0.03,1115
May 20 2020 22:,1590008400,0.03,1864
May 20 2020 23:,1590012000,0.03,953
May 21 2020 00:,1590015600,0.03,679
May 21 2020 01:,1590019200,0.03,1024
May 21 2020 02:,1590022800,0.03,863
May 21 2020 03:,1590026400,0.031,1292
May 21 2020 04:,1590030000,0.03,527
May 21 2020 05:,1590033600,0.043,482
May 21 2020 06:,1590037200,0.032,840
May 21 2020 07:,1590040800,0.03,865
May 21 2020 08:,1590044400,0.03,704
May 21 2020 09:,1590048000,0.031,871
May 21 2020 10:,1590051600,0.03,931
May 21 2020 11:,1590055200,0.03,843
May 21 2020 12:,1590058800,0.031,1303
May 21 2020 13:,1590062400,0.03,1002
May 21 2020 14:,1590066000,0.03,1091
May 21 2020 15:,1590069600,0.03,1559
May 21 2020 16:,1590073200,0.03,2454
May 21 2020 17:,1590076800,0.03,1338
May 21 2020 18:,1590080400,0.031,1670
May 21 2020 19:,1590084000,0.03,990
May 21 2020 20:,1590087600,0.03,2363
May 21 2020 21:,1590091200,0.03,1228
May 21 2020 22:,1590094800,0.055,4032
May 21 2020 23:,1590098400,0.055,4269
May 22 2020 00:,1590102000,0.055,3926
May 22 2020 01:,1590105600,0.055,3063
May 22 2020 02:,1590109200,0.032,1609
May 22 2020 03:,1590112800,0.032,1520
May 22 2020 04:,1590116400,0.031,751
May 22 2020 05:,1590120000,0.032,489
May 22 2020 06:,1590123600,0.032,686
May 22 2020 07:,1590127200,0.031,666
May 22 2020 08:,1590130800,0.031,1261
May 22 2020 09:,1590134400,0.032,1169
May 22 2020 10:,1590138000,0.031,1338
May 22 2020 11:,1590141600,0.061,2508
May 22 2020 12:,1590145200,0.031,1192
May 22 2020 13:,1590148800,0.031,954
May 22 2020 14:,1590152400,0.032,1808
May 22 2020 15:,1590156000,0.055,3650
May 22 2020 16:,1590159600,0.032,2482
May 22 2020 17:,1590163200,0.032,1910
May 22 2020 18:,1590166800,0.032,1833
May 22 2020 19:,1590170400,0.03,990
May 22 2020 20:,1590174000,0.03,1152
May 22 2020 21:,1590177600,0.03,1223
May 22 2020 22:,1590181200,0.03,1181
May 22 2020 23:,1590184800,0.031,1905
May 23 2020 00:,1590188400,0.031,747
May 23 2020 01:,1590192000,0.05,1098
May 23 2020 02:,1590195600,0.032,538
May 23 2020 03:,1590199200,0.032,659
May 23 2020 04:,1590202800,0.03,425
May 23 2020 05:,1590206400,0.03,721
May 23 2020 06:,1590210000,0.032,694
May 23 2020 07:,1590213600,0.031,512
May 23 2020 08:,1590217200,0.032,903
May 23 2020 09:,1590220800,0.032,1089
May 23 2020 10:,1590224400,0.031,1135
May 23 2020 11:,1590228000,0.031,1240
May 23 2020 12:,1590231600,0.031,1119
May 23 2020 13:,1590235200,0.055,1997
May 23 2020 14:,1590238800,0.032,1976
May 23 2020 15:,1590242400,0.032,2807
May 23 2020 16:,1590246000,0.034,2503
May 23 2020 17:,1590249600,0.034,3773
May 23 2020 18:,1590253200,0.032,2901
May 23 2020 19:,1590256800,0.033,2081
May 23 2020 20:,1590260400,0.033,1568
May 23 2020 21:,1590264000,0.032,1897
May 23 2020 22:,1590267600,0.032,1438
May 23 2020 23:,1590271200,0.033,1448
May 24 2020 00:,1590274800,0.032,1240
May 24 2020 01:,1590278400,0.032,1003
May 24 2020 02:,1590282000,0.03,582
May 24 2020 03:,1590285600,0.034,1272
May 24 2020 04:,1590289200,0.033,963
May 24 2020 05:,1590292800,0.031,717
May 24 2020 06:,1590296400,0.031,702
May 24 2020 07:,1590300000,0.031,703
May 24 2020 08:,1590303600,0.032,1257
May 24 2020 09:,1590307200,0.033,1129
May 24 2020 10:,1590310800,0.032,1394
May 24 2020 11:,1590314400,0.032,2476
May 24 2020 12:,1590318000,0.033,1894
May 24 2020 13:,1590321600,0.034,1815
May 24 2020 14:,1590325200,0.033,2765
May 24 2020 15:,1590328800,0.033,1870
May 24 2020 16:,1590332400,0.033,1958
May 24 2020 17:,1590336000,0.043,1446
May 24 2020 18:,1590339600,0.032,1882
May 24 2020 19:,1590343200,0.033,1437
May 24 2020 20:,1590346800,0.035,3527
May 24 2020 21:,1590350400,0.034,2965
May 24 2020 22:,1590354000,0.031,1494
May 24 2020 23:,1590357600,0.031,1063
May 25 2020 00:,1590361200,0.03,691
May 25 2020 01:,1590364800,0.03,663
May 25 2020 02:,1590368400,0.032,673
May 25 2020 03:,1590372000,0.034,668
May 25 2020 04:,1590375600,0.032,461
May 25 2020 05:,1590379200,0.031,902
May 25 2020 06:,1590382800,0.046,1018
May 25 2020 07:,1590386400,0.034,816
May 25 2020 08:,1590390000,0.035,1573
May 25 2020 09:,1590393600,0.032,848
May 25 2020 10:,1590397200,0.034,1386
May 25 2020 11:,1590400800,0.031,1439
May 25 2020 12:,1590404400,0.034,1728
May 25 2020 13:,1590408000,0.031,1315
May 25 2020 14:,1590411600,0.034,1630
May 25 2020 15:,1590415200,0.034,2339
May 25 2020 16:,1590418800,0.035,1963
May 25 2020 17:,1590422400,0.032,1670
May 25 2020 18:,1590426000,0.034,2356
May 25 2020 19:,1590429600,0.032,2347
May 25 2020 20:,1590433200,0.031,1837
May 25 2020 21:,1590436800,0.031,85
May 25 2020 22:,1590440400,0.03,788
May 25 2020 23:,1590444000,0.031,1045
May 26 2020 00:,1590447600,0.03,1630
May 26 2020 01:,1590451200,0.031,1045
May 26 2020 02:,1590454800,0.031,811
May 26 2020 03:,1590458400,0.03,661
May 26 2020 04:,1590462000,0.032,756
May 26 2020 05:,1590465600,0.03,920
May 26 2020 06:,1590469200,0.031,1113
May 26 2020 07:,1590472800,0.031,1185
May 26 2020 08:,1590476400,0.03,928
May 26 2020 09:,1590480000,0.03,1333
May 26 2020 10:,1590483600,0.05,1821
May 26 2020 11:,1590487200,0.03,1722
May 26 2020 12:,1590490800,0.03,2129
May 26 2020 13:,1590494400,0.03,1448
May 26 2020 14:,1590498000,0.03,1264
May 26 2020 15:,1590501600,0.03,1567
May 26 2020 16:,1590505200,0.03,1482
May 26 2020 17:,1590508800,0.03,1302
May 26 2020 18:,1590512400,0.03,1258
May 26 2020 19:,1590516000,0.03,1200
May 26 2020 20:,1590519600,0.03,1058
May 26 2020 21:,1590523200,0.03,1351
May 26 2020 22:,1590526800,0.03,1296
May 26 2020 23:,1590530400,0.03,996
May 27 2020 00:,1590534000,0.03,911
May 27 2020 01:,1590537600,0.03,893
May 27 2020 02:,1590541200,0.03,1066
May 27 2020 03:,1590544800,0.03,578
May 27 2020 04:,1590548400,0.03,524
May 27 2020 05:,1590552000,0.03,762
May 27 2020 06:,1590555600,0.03,612
May 27 2020 07:,1590559200,0.03,1504
May 27 2020 08:,1590562800,0.03,940
May 27 2020 09:,1590566400,0.03,1087
May 27 2020 10:,1590570000,0.03,1933
May 27 2020 11:,1590573600,0.03,888
May 27 2020 12:,1590577200,0.03,1533
May 27 2020 13:,1590580800,0.03,1107
May 27 2020 14:,1590584400,0.03,1616
May 27 2020 15:,1590588000,0.03,1552
May 27 2020 16:,1590591600,0.03,1730
May 27 2020 17:,1590595200,0.03,1094
May 27 2020 18:,1590598800,0.03,1933
May 27 2020 19:,1590602400,0.03,1482
May 27 2020 20:,1590606000,0.03,1414
May 27 2020 21:,1590609600,0.03,1429
May 27 2020 22:,1590613200,0.03,1546
May 27 2020 23:,1590616800,0.03,884
May 28 2020 00:,1590620400,0.03,1177
May 28 2020 01:,1590624000,0.03,858
May 28 2020 02:,1590627600,0.03,639
May 28 2020 03:,1590631200,0.03,485
May 28 2020 04:,1590634800,0.05,1815
May 28 2020 05:,1590638400,0.03,600
May 28 2020 06:,1590642000,0.031,661
May 28 2020 07:,1590645600,0.032,475
May 28 2020 08:,1590649200,0.033,1674
May 28 2020 09:,1590652800,0.032,983
May 28 2020 10:,1590656400,0.032,988
May 28 2020 11:,1590660000,0.03,1387
May 28 2020 12:,1590663600,0.03,816
May 28 2020 13:,1590667200,0.03,2264
May 28 2020 14:,1590670800,0.03,1663
May 28 2020 15:,1590674400,0.03,1905
May 28 2020 16:,1590678000,0.032,2750
May 28 2020 17:,1590681600,0.03,1392
May 28 2020 18:,1590685200,0.03,1902
May 28 2020 19:,1590688800,0.055,2437
May 28 2020 20:,1590692400,0.03,1339
May 28 2020 21:,1590696000,0.03,1302
May 28 2020 22:,1590699600,0.03,1673
May 28 2020 23:,1590703200,0.03,883
May 29 2020 00:,1590706800,0.03,1469
May 29 2020 01:,1590710400,0.03,923
May 29 2020 02:,1590714000,0.03,646
May 29 2020 03:,1590717600,0.03,1124
May 29 2020 04:,1590721200,0.03,688
May 29 2020 05:,1590724800,0.032,685
May 29 2020 06:,1590728400,0.032,903
May 29 2020 07:,1590732000,0.03,577
May 29 2020 08:,1590735600,0.03,646
May 29 2020 09:,1590739200,0.03,786
May 29 2020 10:,1590742800,0.03,1400
May 29 2020 11:,1590746400,0.055,2118
May 29 2020 12:,1590750000,0.03,980
May 29 2020 13:,1590753600,0.032,2520
May 29 2020 14:,1590757200.0,0.029999999999999999,1255.0
May 29 2020 15:,1590760800.0,0.050000000000000003,3086.0
May 29 2020 16:,1590764400.0,0.029999999999999999,1860.0
May 29 2020 17:,1590768000.0,0.029999999999999999,1858.0
May 29 2020 18:,1590771600.0,0.029999999999999999,1126.0
May 29 2020 19:,1590775200.0,0.029999999999999999,1338.0
May 29 2020 20:,1590778800.0,0.029999999999999999,1192.0
May 29 2020 21:,1590782400.0,0.029999999999999999,942.0
May 29 2020 22:,1590786000.0,0.029999999999999999,902.0
May 29 2020 23:,1590789600.0,0.029999999999999999,1320.0
May 30 2020 00:,1590793200.0,0.029999999999999999,893.0
May 30 2020 01:,1590796800.0,0.031,1350.0
May 30 2020 02:,1590800400.0,0.029999999999999999,504.0
May 30 2020 03:,1590804000.0,0.031,415.0
May 30 2020 04:,1590807600.0,0.031,669.0
May 30 2020 05:,1590811200.0,0.029999999999999999,593.0
May 30 2020 06:,1590814800.0,0.043999999999999997,1230.0
May 30 2020 07:,1590818400.0,0.029999999999999999,760.0
May 30 2020 08:,1590822000.0,0.029999999999999999,749.0
May 30 2020 09:,1590825600.0,0.032000000000000001,819.0
May 30 2020 10:,1590829200.0,0.055,2255.0
May 30 2020 11:,1590832800.0,0.029999999999999999,1059.0
May 30 2020 12:,1590836400.0,0.055,3492.0
May 30 2020 13:,1590840000.0,0.029999999999999999,1126.0
May 30 2020 14:,1590843600.0,0.029999999999999999,1448.0
May 30 2020 15:,1590847200.0,0.029999999999999999,1196.0
May 30 2020 16:,1590850800.0,0.031,2156.0
May 30 2020 17:,1590854400.0,0.029999999999999999,1156.0
May 30 2020 18:,1590858000.0,0.029999999999999999,1564.0
May 30 2020 19:,1590861600.0,0.031,1538.0
May 30 2020 20:,1590865200.0,0.031,1397.0
May 30 2020 21:,1590868800.0,0.029999999999999999,1293.0
May 30 2020 22:,1590872400.0,0.029999999999999999,944.0
May 30 2020 23:,1590876000.0,0.029999999999999999,1063.0
May 31 2020 00:,1590879600.0,0.029999999999999999,1312.0
May 31 2020 01:,1590883200.0,0.029999999999999999,1073.0
May 31 2020 02:,1590886800.0,0.029999999999999999,669.0
May 31 2020 03:,1590890400.0,0.029999999999999999,933.0
May 31 2020 04:,1590894000.0,0.029999999999999999,598.0
May 31 2020 05:,1590897600.0,0.029999999999999999,561.0
May 31 2020 06:,1590901200.0,0.032000000000000001,543.0
May 31 2020 07:,1590904800.0,0.029999999999999999,703.0
May 31 2020 08:,1590908400.0,0.029999999999999999,1031.0
May 31 2020 09:,1590912000.0,0.032000000000000001,1026.0
May 31 2020 10:,1590915600.0,0.032000000000000001,1441.0
May 31 2020 11:,1590919200.0,0.029999999999999999,1096.0
May 31 2020 12:,1590922800.0,0.029999999999999999,1307.0
May 31 2020 13:,1590926400.0,0.029999999999999999,956.0
May 31 2020 14:,1590930000.0,0.032000000000000001,2240.0
May 31 2020 15:,1590933600.0,0.031,1177.0
May 31 2020 16:,1590937200.0,0.032000000000000001,2221.0
May 31 2020 17:,1590940800.0,0.031,1377.0
May 31 2020 18:,1590944400.0,0.029999999999999999,1513.0
May 31 2020 19:,1590948000.0,0.029999999999999999,1475.0
May 31 2020 20:,1590951600.0,0.029999999999999999,1167.0
May 31 2020 21:,1590955200.0,0.029999999999999999,1153.0
May 31 2020 22:,1590958800.0,0.029999999999999999,1326.0
May 31 2020 23:,1590962400.0,0.032000000000000001,1942.0
Jun 01 2020 00:,1590966000.0,0.029999999999999999,800.0
Jun 01 2020 01:,1590969600.0,0.029999999999999999,717.0
Jun 01 2020 02:,1590973200.0,0.029999999999999999,769.0
Jun 01 2020 03:,1590976800.0,0.031,782.0
Jun 01 2020 04:,1590980400.0,0.031,933.0
Jun 01 2020 05:,1590984000.0,0.029999999999999999,407.0
Jun 01 2020 06:,1590987600.0,0.031,999.0
Jun 01 2020 07:,1590991200.0,0.029999999999999999,750.0
Jun 01 2020 08:,1590994800.0,0.032000000000000001,1842.0
Jun 01 2020 09:,1590998400.0,0.032000000000000001,1363.0
Jun 01 2020 10:,1591002000.0,0.034000000000000002,1312.0
Jun 01 2020 11:,1591005600.0,0.032000000000000001,893.0
Jun 01 2020 12:,1591009200.0,0.034000000000000002,1918.0
Jun 01 2020 13:,1591012800.0,0.029999999999999999,904.0
Jun 01 2020 14:,1591016400.0,0.032000000000000001,1339.0
Jun 01 2020 15:,1591020000.0,0.032000000000000001,1567.0
Jun 01 2020 16:,1591023600.0,0.031,1916.0
Jun 01 2020 17:,1591027200.0,0.031,1721.0
Jun 01 2020 18:,1591030800.0,0.031,1718.0
Jun 01 2020 19:,1591034400.0,0.031,1238.0
Jun 01 2020 20:,1591038000.0,0.031,1544.0
Jun 01 2020 21:,1591041600.0,0.031,1406.0
Jun 01 2020 22:,1591045200.0,0.032000000000000001,2024.0
Jun 01 2020 23:,1591048800.0,0.056000000000000001,1686.0
Jun 02 2020 00:,1591052400.0,0.032000000000000001,760.0
Jun 02 2020 01:,1591056000.0,0.032000000000000001,825.0
Jun 02 2020 02:,1591059600.0,0.032000000000000001,920.0
Jun 02 2020 03:,1591063200.0,0.031,519.0
Jun 02 2020 04:,1591066800.0,0.035000000000000003,873.0
Jun 02 2020 05:,1591070400.0,0.032000000000000001,744.0
Jun 02 2020 06:,1591074000.0,0.032000000000000001,1011.0
Jun 02 2020 07:,1591077600.0,0.032000000000000001,871.0
Jun 02 2020 08:,1591081200.0,0.032000000000000001,792.0
Jun 02 2020 09:,1591084800.0,0.033000000000000002,1300.0
Jun 02 2020 10:,1591088400.0,0.032000000000000001,1080.0
Jun 02 2020 11:,1591092000.0,0.032000000000000001,1179.0
Jun 02 2020 12:,1591095600.0,0.032000000000000001,901.0
Jun 02 2020 13:,1591099200.0,0.034000000000000002,1323.0
Jun 02 2020 14:,1591102800.0,0.032000000000000001,939.0
Jun 02 2020 15:,1591106400.0,0.033000000000000002,1371.0
Jun 02 2020 16:,1591110000.0,0.032000000000000001,1357.0
Jun 02 2020 17:,1591113600.0,0.032000000000000001,1011.0
Jun 02 2020 18:,1591117200.0,0.032000000000000001,1757.0
Jun 02 2020 19:,1591120800.0,0.034000000000000002,1894.0
Jun 02 2020 20:,1591124400.0,0.032000000000000001,1544.0
Jun 02 2020 21:,1591128000.0,0.032000000000000001,1093.0
Jun 02 2020 22:,1591131600.0,0.032000000000000001,1394.0
Jun 02 2020 23:,1591135200.0,0.032000000000000001,902.0
Jun 03 2020 00:,1591138800.0,0.035999999999999997,1377.0
Jun 03 2020 01:,1591142400.0,0.032000000000000001,1209.0
Jun 03 2020 02:,1591146000.0,0.032000000000000001,672.0
Jun 03 2020 03:,1591149600.0,0.043999999999999997,939.0
Jun 03 2020 04:,1591153200.0,0.034000000000000002,548.0
Jun 03 2020 05:,1591156800.0,0.034000000000000002,369.0
Jun 03 2020 06:,1591160400.0,0.034000000000000002,860.0
Jun 03 2020 07:,1591164000.0,0.043999999999999997,822.0
Jun 03 2020 08:,1591167600.0,0.034000000000000002,753.0
Jun 03 2020 09:,1591171200.0,0.032000000000000001,756.0
Jun 03 2020 10:,1591174800.0,0.034000000000000002,1455.0
Jun 03 2020 11:,1591178400.0,0.032000000000000001,843.0
Jun 03 2020 12:,1591182000.0,0.032000000000000001,1356.0
Jun 03 2020 13:,1591185600.0,0.034000000000000002,1946.0
Jun 03 2020 14:,1591189200.0,0.032000000000000001,1368.0
Jun 03 2020 15:,1591192800.0,0.034000000000000002,1693.0
Jun 03 2020 16:,1591196400.0,0.034000000000000002,1712.0
Jun 03 2020 17:,1591200000.0,0.032000000000000001,1801.0
Jun 03 2020 18:,1591203600.0,0.032000000000000001,1360.0
Jun 03 2020 19:,1591207200.0,0.032000000000000001,1931.0
Jun 03 2020 20:,1591210800.0,0.032000000000000001,1666.0
Jun 03 2020 21:,1591214400.0,0.034000000000000002,3815.0
Jun 03 2020 22:,1591218000.0,0.034000000000000002,1448.0
Jun 03 2020 23:,1591221600.0,0.032000000000000001,728.0
Jun 04 2020 00:,1591225200.0,0.032000000000000001,745.0
Jun 04 2020 01:,1591228800.0,0.034000000000000002,1577.0
Jun 04 2020 02:,1591232400.0,0.032000000000000001,472.0
Jun 04 2020 03:,1591236000.0,0.034000000000000002,672.0
Jun 04 2020 04:,1591239600.0,0.034000000000000002,720.0
Jun 04 2020 05:,1591243200.0,0.033000000000000002,606.0
Jun 04 2020 06:,1591246800.0,0.032000000000000001,1351.0
Jun 04 2020 07:,1591250400.0,0.032000000000000001,1489.0
Jun 04 2020 08:,1591254000.0,0.032000000000000001,936.0
Jun 04 2020 09:,1591257600.0,0.032000000000000001,1818.0
Jun 04 2020 10:,1591261200.0,0.032000000000000001,1137.0
Jun 04 2020 11:,1591264800.0,0.032000000000000001,1539.0
Jun 04 2020 12:,1591268400.0,0.032000000000000001,962.0
Jun 04 2020 13:,1591272000.0,0.032000000000000001,1193.0
Jun 04 2020 14:,1591275600.0,0.032000000000000001,977.0
Jun 04 2020 15:,1591279200.0,0.032000000000000001,1409.0
Jun 04 2020 16:,1591282800.0,0.032000000000000001,1616.0
Jun 04 2020 17:,1591286400.0,0.034000000000000002,2757.0
Jun 04 2020 18:,1591290000.0,0.034000000000000002,1743.0
Jun 04 2020 19:,1591293600.0,0.031,1348.0
Jun 04 2020 20:,1591297200.0,0.031,1863.0
Jun 04 2020 21:,1591300800.0,0.032000000000000001,2040.0
Jun 04 2020 22:,1591304400.0,0.032000000000000001,1928.0
Jun 04 2020 23:,1591308000.0,0.029999999999999999,1476.0
Jun 05 2020 00:,1591311600.0,0.029999999999999999,1413.0
Jun 05 2020 01:,1591315200.0,0.031,637.0
Jun 05 2020 02:,1591318800.0,0.029999999999999999,515.0
Jun 05 2020 03:,1591322400.0,0.032000000000000001,793.0
Jun 05 2020 04:,1591326000.0,0.032000000000000001,921.0
Jun 05 2020 05:,1591329600.0,0.029999999999999999,485.0
Jun 05 2020 06:,1591333200.0,0.031,536.0
Jun 05 2020 07:,1591336800.0,0.032000000000000001,818.0
Jun 05 2020 08:,1591340400.0,0.031,571.0
Jun 05 2020 09:,1591344000.0,0.032000000000000001,990.0
Jun 05 2020 10:,1591347600.0,0.032000000000000001,1169.0
Jun 05 2020 11:,1591351200.0,0.033000000000000002,1294.0
Jun 05 2020 12:,1591354800.0,0.032000000000000001,1192.0
Jun 05 2020 13:,1591358400.0,0.032000000000000001,1153.0
Jun 05 2020 14:,1591362000.0,0.032000000000000001,1226.0
Jun 05 2020 15:,1591365600.0,0.032000000000000001,1122.0
Jun 05 2020 16:,1591369200.0,0.044999999999999998,2261.0
Jun 05 2020 17:,1591372800.0,0.033000000000000002,1461.0
Jun 05 2020 18:,1591376400.0,0.035999999999999997,2374.0
Jun 05 2020 19:,1591380000.0,0.032000000000000001,1168.0
Jun 05 2020 20:,1591383600.0,0.033000000000000002,1367.0
Jun 05 2020 21:,1591387200.0,0.035999999999999997,1011.0
Jun 05 2020 22:,1591390800.0,0.034000000000000002,1351.0
Jun 05 2020 23:,1591394400.0,0.034000000000000002,952.0
Jun 06 2020 00:,1591398000.0,0.050000000000000003,1047.0
Jun 06 2020 01:,1591401600.0,0.035000000000000003,571.0
Jun 06 2020 02:,1591405200.0,0.035000000000000003,1509.0
Jun 06 2020 03:,1591408800.0,0.036999999999999998,1528.0
Jun 06 2020 04:,1591412400.0,0.035999999999999997,2391.0
Jun 06 2020 05:,1591416000.0,0.036999999999999998,525.0
Jun 06 2020 06:,1591419600.0,0.036999999999999998,698.0
Jun 06 2020 07:,1591423200.0,0.035000000000000003,689.0
Jun 06 2020 08:,1591426800.0,0.036999999999999998,959.0
Jun 06 2020 09:,1591430400.0,0.049000000000000002,1320.0
Jun 06 2020 10:,1591434000.0,0.044999999999999998,1351.0
Jun 06 2020 11:,1591437600.0,0.035999999999999997,1702.0
Jun 06 2020 12:,1591441200.0,0.034000000000000002,1991.0
Jun 06 2020 13:,1591444800.0,0.035000000000000003,1351.0
Jun 06 2020 14:,1591448400.0,0.035000000000000003,1173.0
Jun 06 2020 15:,1591452000.0,0.035999999999999997,1216.0
Jun 06 2020 16:,1591455600.0,0.036999999999999998,1294.0
Jun 06 2020 17:,1591459200.0,0.036999999999999998,2410.0
Jun 06 2020 18:,1591462800.0,0.036999999999999998,1773.0
Jun 06 2020 19:,1591466400.0,0.035999999999999997,1736.0
Jun 06 2020 20:,1591470000.0,0.035999999999999997,1358.0
Jun 06 2020 21:,1591473600.0,0.035999999999999997,1276.0
Jun 06 2020 22:,1591477200.0,0.035000000000000003,925.0
Jun 06 2020 23:,1591480800.0,0.035999999999999997,889.0
Jun 07 2020 00:,1591484400.0,0.035999999999999997,1046.0
Jun 07 2020 01:,1591488000.0,0.035999999999999997,879.0
Jun 07 2020 02:,1591491600.0,0.036999999999999998,1046.0
Jun 07 2020 03:,1591495200.0,0.036999999999999998,660.0
Jun 07 2020 04:,1591498800.0,0.036999999999999998,710.0
Jun 07 2020 05:,1591502400.0,0.036999999999999998,807.0
Jun 07 2020 06:,1591506000.0,0.036999999999999998,541.0
Jun 07 2020 07:,1591509600.0,0.036999999999999998,517.0
Jun 07 2020 08:,1591513200.0,0.037999999999999999,3466.0
Jun 07 2020 09:,1591516800.0,0.037999999999999999,4560.0
Jun 07 2020 10:,1591520400.0,0.037999999999999999,1293.0
Jun 07 2020 11:,1591524000.0,0.036999999999999998,931.0
Jun 07 2020 12:,1591527600.0,0.036999999999999998,1232.0
Jun 07 2020 13:,1591531200.0,0.035000000000000003,1069.0
Jun 07 2020 14:,1591534800.0,0.036999999999999998,1300.0
Jun 07 2020 15:,1591538400.0,0.035000000000000003,1026.0
Jun 07 2020 16:,1591542000.0,0.035999999999999997,1552.0
Jun 07 2020 17:,1591545600.0,0.057000000000000002,2301.0
Jun 07 2020 18:,1591549200.0,0.037999999999999999,2119.0
Jun 07 2020 19:,1591552800.0,0.057000000000000002,2318.0
Jun 07 2020 20:,1591556400.0,0.035999999999999997,1146.0
Jun 07 2020 21:,1591560000.0,0.035999999999999997,793.0
Jun 07 2020 22:,1591563600.0,0.035999999999999997,1404.0
Jun 07 2020 23:,1591567200.0,0.035999999999999997,1010.0
Jun 08 2020 00:,1591570800.0,0.035999999999999997,584.0
Jun 08 2020 01:,1591574400.0,0.036999999999999998,1583.0
Jun 08 2020 02:,1591578000.0,0.036999999999999998,1455.0
Jun 08 2020 03:,1591581600.0,0.036999999999999998,617.0
Jun 08 2020 04:,1591585200.0,0.035999999999999997,526.0
Jun 08 2020 05:,1591588800.0,0.036999999999999998,1657.0
Jun 08 2020 06:,1591592400.0,0.037999999999999999,6447.0
Jun 08 2020 07:,1591596000.0,0.037999999999999999,826.0
Jun 08 2020 08:,1591599600.0,0.036999999999999998,752.0
Jun 08 2020 09:,1591603200.0,0.036999999999999998,780.0
Jun 08 2020 10:,1591606800.0,0.035999999999999997,1377.0
Jun 08 2020 11:,1591610400.0,0.036999999999999998,970.0
Jun 08 2020 12:,1591614000.0,0.037999999999999999,1360.0
Jun 08 2020 13:,1591617600.0,0.037999999999999999,1710.0
