Nov 29 2016 01:,1480381200,8.157,53686
Nov 30 2016 01:,1480467600,4.517,49360
Dec 01 2016 01:,1480554000,3.432,48668
Dec 02 2016 01:,1480640400,2.631,54474
Dec 03 2016 01:,1480726800,2.041,64918
Dec 04 2016 01:,1480813200,1.645,61785
Dec 05 2016 01:,1480899600,1.534,46688
Dec 06 2016 01:,1480986000,1.385,44565
Dec 07 2016 01:,1481072400,1.302,45419
Dec 08 2016 01:,1481158800,1.399,44747
Dec 09 2016 01:,1481245200,1.277,46648
Dec 10 2016 01:,1481331600,1.026,53017
Dec 11 2016 01:,1481418000,0.849,52132
Dec 12 2016 01:,1481504400,0.835,41960
Dec 13 2016 01:,1481590800,0.845,37806
Dec 14 2016 01:,1481677200,0.797,36809
Dec 15 2016 01:,1481763600,0.725,37556
Dec 16 2016 01:,1481850000,0.664,41036
Dec 17 2016 01:,1481936400,0.566,49985
Dec 18 2016 01:,1482022800,0.479,49050
Dec 19 2016 01:,1482109200,0.414,45618
Dec 20 2016 01:,1482195600,0.439,41164
Dec 21 2016 01:,1482282000,0.438,41202
Dec 22 2016 01:,1482368400,0.434,43391
Dec 23 2016 01:,1482454800,0.449,43447
Dec 24 2016 01:,1482541200,0.482,51487
Dec 25 2016 01:,1482627600,0.563,64997
Dec 26 2016 01:,1482714000,0.702,53138
Dec 27 2016 01:,1482800400,0.549,50408
Dec 28 2016 01:,1482886800,0.503,44511
Dec 29 2016 01:,1482973200,0.467,45942
Dec 30 2016 01:,1483059600,0.443,48005
Dec 31 2016 01:,1483146000,0.477,43799
Jan 01 2017 01:,1483232400,0.471,44935
Jan 02 2017 01:,1483318800,0.491,43616
Jan 03 2017 01:,1483405200,0.38,42296
Jan 04 2017 01:,1483491600,0.334,41667
Jan 05 2017 01:,1483578000,0.324,44011
Jan 06 2017 01:,1483664400,0.313,46861
Jan 07 2017 01:,1483750800,0.31,48457
Jan 08 2017 01:,1483837200,0.301,45389
Jan 09 2017 01:,1483923600,0.285,37263
Jan 10 2017 01:,1484010000,0.277,37989
Jan 11 2017 01:,1484096400,0.273,37011
Jan 12 2017 01:,1484182800,0.258,37178
Jan 13 2017 01:,1484269200,0.249,48107
Jan 14 2017 01:,1484355600,0.249,51755
Jan 15 2017 01:,1484442000,0.224,46185
Jan 16 2017 01:,1484528400,0.207,40662
Jan 17 2017 01:,1484614800,0.211,39334
Jan 18 2017 01:,1484701200,0.212,38261
Jan 19 2017 01:,1484787600,0.202,38144
Jan 20 2017 01:,1484874000,0.201,43076
Jan 21 2017 01:,1484960400,0.2,49758
Jan 22 2017 01:,1485046800,0.179,45288
Jan 23 2017 01:,1485133200,0.149,40232
Jan 24 2017 01:,1485219600,0.124,37381
Jan 25 2017 01:,1485306000,0.148,42946
Jan 26 2017 01:,1485392400,0.155,42910
Jan 27 2017 01:,1485478800,0.16,44069
Jan 28 2017 01:,1485565200,0.163,50751
Jan 29 2017 01:,1485651600,0.155,48886
Jan 30 2017 01:,1485738000,0.134,39272
Jan 31 2017 01:,1485824400,0.14,41230
Feb 01 2017 01:,1485910800,0.16,41314
Feb 02 2017 01:,1485997200,0.173,41654
Feb 03 2017 01:,1486083600,0.172,42298
Feb 04 2017 01:,1486170000,0.173,50782
Feb 05 2017 01:,1486256400,0.162,43549
Feb 06 2017 01:,1486342800,0.161,38099
Feb 07 2017 01:,1486429200,0.157,38843
Feb 08 2017 01:,1486515600,0.154,37573
Feb 09 2017 01:,1486602000,0.145,36572
Feb 10 2017 01:,1486688400,0.142,41864
Feb 11 2017 01:,1486774800,0.136,47881
Feb 12 2017 01:,1486861200,0.125,46340
Feb 13 2017 01:,1486947600,0.118,35290
Feb 14 2017 01:,1487034000,0.107,32602
Feb 15 2017 01:,1487120400,0.101,33480
Feb 16 2017 01:,1487206800,0.109,36626
Feb 17 2017 01:,1487293200,0.114,38002
Feb 18 2017 01:,1487379600,0.111,43926
Feb 19 2017 01:,1487466000,0.103,43071
Feb 20 2017 01:,1487552400,0.097,33684
Feb 21 2017 01:,1487638800,0.095,32899
Feb 22 2017 01:,1487725200,0.094,32348
Feb 23 2017 01:,1487811600,0.092,36258
Feb 24 2017 01:,1487898000,0.104,41265
Feb 25 2017 01:,1487984400,0.108,47846
Feb 26 2017 01:,1488070800,0.103,46252
Feb 27 2017 01:,1488157200,0.101,39598
Feb 28 2017 01:,1488243600,0.104,41710
Mar 01 2017 01:,1488330000,0.103,39552
Mar 02 2017 01:,1488416400,0.103,37003
Mar 03 2017 01:,1488502800,0.105,40569
Mar 04 2017 01:,1488589200,0.106,48930
Mar 05 2017 01:,1488675600,0.102,46664
Mar 06 2017 01:,1488762000,0.096,32157
Mar 07 2017 01:,1488848400,0.096,36519
Mar 08 2017 01:,1488934800,0.095,33981
Mar 09 2017 01:,1489021200,0.088,34446
Mar 10 2017 01:,1489107600,0.092,39537
Mar 11 2017 01:,1489194000,0.088,45725
Mar 12 2017 01:,1489280400,0.086,44597
Mar 13 2017 01:,1489366800,0.086,33211
Mar 14 2017 01:,1489453200,0.085,33631
Mar 15 2017 01:,1489539600,0.085,34079
Mar 16 2017 01:,1489626000,0.075,38211
Mar 17 2017 01:,1489712400,0.058,38761
Mar 18 2017 01:,1489798800,0.045,43857
Mar 19 2017 01:,1489885200,0.04,45024
Mar 20 2017 01:,1489971600,0.04,36525
Mar 21 2017 01:,1490058000,0.044,34127
Mar 22 2017 01:,1490144400,0.041,36048
Mar 23 2017 01:,1490230800,0.041,35101
Mar 24 2017 01:,1490317200,0.039,41498
Mar 25 2017 01:,1490403600,0.038,42697
Mar 26 2017 01:,1490486400,0.036,37501
Mar 27 2017 01:,1490572800,0.034,30574
Mar 28 2017 01:,1490659200,0.032,33416
Mar 29 2017 01:,1490745600,0.031,33433
Mar 30 2017 01:,1490832000,0.03,30506
Mar 31 2017 01:,1490918400,0.032,36959
Apr 01 2017 01:,1491004800,0.03,37528
Apr 02 2017 01:,1491091200,0.03,38424
Apr 03 2017 01:,1491177600,0.03,32291
Apr 04 2017 01:,1491264000,0.03,32899
Apr 05 2017 01:,1491350400,0.03,32481
Apr 06 2017 01:,1491436800,0.03,30162
Apr 07 2017 01:,1491523200,0.03,31734
Apr 08 2017 01:,1491609600,0.03,39951
Apr 09 2017 01:,1491696000,0.03,37203
Apr 10 2017 01:,1491782400,0.03,30526
Apr 11 2017 01:,1491868800,0.03,27651
Apr 12 2017 01:,1491955200,0.03,25988
Apr 13 2017 01:,1492041600,0.03,24704
Apr 14 2017 01:,1492128000,0.03,29898
Apr 15 2017 01:,1492214400,0.03,27947
Apr 16 2017 01:,1492300800,0.03,30413
Apr 17 2017 01:,1492387200,0.03,34505
Apr 18 2017 01:,1492473600,0.03,26968
Apr 19 2017 01:,1492560000,0.03,28728
Apr 20 2017 01:,1492646400,0.03,23882
Apr 21 2017 01:,1492732800,0.03,29692
Apr 22 2017 01:,1492819200,0.03,28657
Apr 23 2017 01:,1492905600,0.03,26341
Apr 24 2017 01:,1492992000,0.03,22124
Apr 25 2017 01:,1493078400,0.03,23303
Apr 26 2017 01:,1493164800,0.03,23571
Apr 27 2017 01:,1493251200,0.03,22452
Apr 28 2017 01:,1493337600,0.03,25594
Apr 29 2017 01:,1493424000,0.03,28187
Apr 30 2017 01:,1493510400,0.03,26329
May 01 2017 01:,1493596800,0.03,25010
May 02 2017 01:,1493683200,0.03,26065
May 03 2017 01:,1493769600,0.03,24413
May 04 2017 01:,1493856000,0.03,23236
May 05 2017 01:,1493942400,0.03,26205
May 06 2017 01:,1494028800,0.03,29513
May 07 2017 01:,1494115200,0.03,30135
May 08 2017 01:,1494201600,0.03,26682
May 09 2017 01:,1494288000,0.03,23318
May 10 2017 01:,1494374400,0.03,23241
May 11 2017 01:,1494460800,0.03,26750
May 12 2017 01:,1494547200,0.03,27856
May 13 2017 01:,1494633600,0.03,29653
May 14 2017 01:,1494720000,0.03,27874
May 15 2017 01:,1494806400,0.03,25675
May 16 2017 01:,1494892800,0.03,23784
May 17 2017 01:,1494979200,0.03,23046
May 18 2017 01:,1495065600,0.03,23890
May 19 2017 01:,1495152000,0.03,26168
May 20 2017 01:,1495238400,0.03,30042
May 21 2017 01:,1495324800,0.03,26928
May 22 2017 01:,1495411200,0.03,23295
May 23 2017 01:,1495497600,0.03,22486
May 24 2017 01:,1495584000,0.03,29876
May 25 2017 01:,1495670400,0.03,27025
May 26 2017 01:,1495756800,0.03,29682
May 27 2017 01:,1495843200,0.03,31175
May 28 2017 01:,1495929600,0.03,28025
May 29 2017 01:,1496016000,0.03,25950
May 30 2017 01:,1496102400,0.03,23839
May 31 2017 01:,1496188800,0.03,25914
Jun 01 2017 01:,1496275200,0.03,28821
Jun 02 2017 01:,1496361600,0.03,25963
Jun 03 2017 01:,1496448000,0.03,29203
Jun 04 2017 01:,1496534400,0.03,29216
Jun 05 2017 01:,1496620800,0.03,26327
Jun 06 2017 01:,1496707200,0.03,24561
Jun 07 2017 01:,1496793600,0.03,24351
Jun 08 2017 01:,1496880000,0.03,23990
Jun 09 2017 01:,1496966400,0.03,28833
Jun 10 2017 01:,1497052800,0.03,37738
Jun 11 2017 01:,1497139200,0.03,24242
Jun 12 2017 01:,1497225600,0.03,24132
Jun 13 2017 01:,1497312000,0.03,26168
Jun 14 2017 01:,1497398400,0.03,24384
Jun 15 2017 01:,1497484800,0.03,26342
Jun 16 2017 01:,1497571200,0.03,30866
Jun 17 2017 01:,1497657600,0.03,25835
Jun 18 2017 01:,1497744000,0.03,24337
Jun 19 2017 01:,1497830400,0.03,25383
Jun 20 2017 01:,1497916800,0.03,25350
Jun 21 2017 01:,1498003200,0.03,30762
Jun 22 2017 01:,1498089600,0.03,22848
Jun 23 2017 01:,1498176000,0.03,36394
Jun 24 2017 01:,1498262400,0.03,26896
Jun 25 2017 01:,1498348800,0.03,28304
Jun 26 2017 01:,1498435200,0.03,24903
Jun 27 2017 01:,1498521600,0.03,23031
Jun 28 2017 01:,1498608000,0.03,27217
Jun 29 2017 01:,1498694400,0.03,29741
Jun 30 2017 01:,1498780800,0.03,29211
Jul 01 2017 01:,1498867200,0.03,26778
Jul 02 2017 01:,1498953600,0.03,29700
Jul 03 2017 01:,1499040000,0.03,32608
Jul 04 2017 01:,1499126400,0.03,29566
Jul 05 2017 01:,1499212800,0.03,27124
Jul 06 2017 01:,1499299200,0.03,27115
Jul 07 2017 01:,1499385600,0.03,25658
Jul 08 2017 01:,1499472000,0.03,26892
Jul 09 2017 01:,1499558400,0.03,29949
Jul 10 2017 01:,1499644800,0.03,26915
Jul 11 2017 01:,1499731200,0.03,36184
Jul 12 2017 01:,1499817600,0.03,43611
Jul 13 2017 01:,1499904000,0.03,36302
Jul 14 2017 01:,1499990400,0.03,32693
Jul 15 2017 01:,1500076800,0.03,26151
Jul 16 2017 01:,1500163200,0.03,29151
Jul 17 2017 01:,1500249600,0.03,33766
Jul 18 2017 01:,1500336000,0.03,30624
Jul 19 2017 01:,1500422400,0.03,29853
Jul 20 2017 01:,1500508800,0.03,29671
Jul 21 2017 01:,1500595200,0.03,28658
Jul 22 2017 01:,1500681600,0.03,24814
Jul 23 2017 01:,1500768000,0.03,31478
Jul 24 2017 01:,1500854400,0.03,30874
Jul 25 2017 01:,1500940800,0.03,33472
Jul 26 2017 01:,1501027200,0.03,27988
Jul 27 2017 01:,1501113600,0.03,27287
Jul 28 2017 01:,1501200000,0.03,31416
Jul 29 2017 01:,1501286400,0.03,30961
Jul 30 2017 01:,1501372800,0.03,35600
Jul 31 2017 01:,1501459200,0.03,30187
Aug 01 2017 01:,1501545600,0.03,27191
Aug 02 2017 01:,1501632000,0.03,30038
Aug 03 2017 01:,1501718400,0.03,37094
Aug 04 2017 01:,1501804800,0.03,55470
Aug 05 2017 01:,1501891200,0.03,39012
Aug 06 2017 01:,1501977600,0.03,33806
Aug 07 2017 01:,1502064000,0.03,28985
Aug 08 2017 01:,1502150400,0.03,26910
Aug 09 2017 01:,1502236800,0.03,36040
Aug 10 2017 01:,1502323200,0.03,33239
Aug 11 2017 01:,1502409600,0.03,28658
Aug 12 2017 01:,1502496000,0.03,31068
Aug 13 2017 01:,1502582400,0.03,28182
Aug 14 2017 01:,1502668800,0.03,32206
Aug 15 2017 01:,1502755200,0.03,30036
Aug 16 2017 01:,1502841600,0.03,35980
Aug 17 2017 01:,1502928000,0.03,38249
Aug 18 2017 01:,1503014400,0.03,34348
Aug 19 2017 01:,1503100800,0.03,32014
Aug 20 2017 01:,1503187200,0.03,25449
Aug 21 2017 01:,1503273600,0.03,28287
Aug 22 2017 01:,1503360000,0.03,29650
Aug 23 2017 01:,1503446400,0.03,26241
Aug 24 2017 01:,1503532800,0.03,32085
Aug 25 2017 01:,1503619200,0.03,30022
Aug 26 2017 01:,1503705600,0.03,29697
Aug 27 2017 01:,1503792000,0.03,28622
Aug 28 2017 01:,1503878400,0.03,27977
Aug 29 2017 01:,1503964800,0.03,28354
Aug 30 2017 01:,1504051200,0.03,31259
Aug 31 2017 01:,1504137600,0.03,25591
Sep 01 2017 01:,1504224000,0.03,29611
Sep 02 2017 01:,1504310400,0.03,30257
Sep 03 2017 01:,1504396800,0.03,42394
Sep 04 2017 01:,1504483200,0.03,37576
Sep 05 2017 01:,1504569600,0.03,24063
Sep 06 2017 01:,1504656000,0.03,23722
Sep 07 2017 01:,1504742400,0.03,27901
Sep 08 2017 01:,1504828800,0.03,29446
Sep 09 2017 01:,1504915200,0.03,30206
Sep 10 2017 01:,1505001600,0.03,37091
Sep 11 2017 01:,1505088000,0.03,27981
Sep 12 2017 01:,1505174400,0.03,28188
Sep 13 2017 01:,1505260800,0.03,29205
Sep 14 2017 01:,1505347200,0.03,37858
Sep 15 2017 01:,1505433600,0.03,40218
Sep 16 2017 01:,1505520000,0.03,39942
Sep 17 2017 01:,1505606400,0.03,36256
Sep 18 2017 01:,1505692800,0.03,32222
Sep 19 2017 01:,1505779200,0.03,32191
Sep 20 2017 01:,1505865600,0.03,33468
Sep 21 2017 01:,1505952000,0.03,32615
Sep 22 2017 01:,1506038400,0.03,39223
Sep 23 2017 01:,1506124800,0.03,42662
Sep 24 2017 01:,1506211200,0.03,44397
Sep 25 2017 01:,1506297600,0.03,37784
Sep 26 2017 01:,1506384000,0.03,24939
Sep 27 2017 01:,1506470400,0.03,65731
Sep 28 2017 01:,1506556800,0.03,43163
Sep 29 2017 01:,1506643200,0.03,36439
Sep 30 2017 01:,1506729600,0.03,39623
Oct 01 2017 01:,1506816000,0.03,43876
Oct 02 2017 01:,1506902400,0.03,44837
Oct 03 2017 01:,1506988800,0.03,46274
Oct 04 2017 01:,1507075200,0.03,41951
Oct 05 2017 01:,1507161600,0.03,38490
Oct 06 2017 01:,1507248000,0.03,34014
Oct 07 2017 01:,1507334400,0.03,38324
Oct 08 2017 01:,1507420800,0.03,43562
Oct 09 2017 01:,1507507200,0.03,37644
Oct 10 2017 01:,1507593600,0.03,44956
Oct 11 2017 01:,1507680000,0.03,41472
Oct 12 2017 01:,1507766400,0.03,46052
Oct 13 2017 01:,1507852800,0.03,38984
Oct 14 2017 01:,1507939200,0.03,28336
Oct 15 2017 01:,1508025600,0.03,59128
Oct 16 2017 01:,1508112000,0.03,39620
Oct 17 2017 01:,1508198400,0.03,38504
Oct 18 2017 01:,1508284800,0.03,65466
Oct 19 2017 01:,1508371200,0.03,42534
Oct 20 2017 01:,1508457600,0.03,35780
Oct 21 2017 01:,1508544000,0.03,46057
Oct 22 2017 01:,1508630400,0.03,47034
Oct 23 2017 01:,1508716800,0.03,49041
Oct 24 2017 01:,1508803200,0.03,42150
Oct 25 2017 01:,1508889600,0.03,36665
Oct 26 2017 01:,1508976000,0.03,26111
Oct 27 2017 01:,1509062400,0.03,29577
Oct 28 2017 01:,1509148800,0.03,70037
Oct 29 2017 01:,1509238800,0.03,37076
Oct 30 2017 01:,1509325200,0.03,35884
Oct 31 2017 01:,1509411600,0.03,32268
Nov 01 2017 01:,1509498000,0.03,29001
Nov 02 2017 01:,1509584400,0.03,30707
Nov 03 2017 01:,1509670800,0.03,33128
Nov 04 2017 01:,1509757200,0.03,34049
Nov 05 2017 01:,1509843600,0.03,39064
Nov 06 2017 01:,1509930000,0.03,41939
Nov 07 2017 01:,1510016400,0.03,28637
Nov 08 2017 01:,1510102800,0.03,37937
Nov 09 2017 01:,1510189200,0.03,25849
Nov 10 2017 01:,1510275600,0.03,25578
Nov 11 2017 01:,1510362000,0.03,33412
Nov 12 2017 01:,1510448400,0.03,30550
Nov 13 2017 01:,1510534800,0.03,28747
Nov 14 2017 01:,1510621200,0.03,35211
Nov 15 2017 01:,1510707600,0.03,30473
Nov 16 2017 01:,1510794000,0.03,33861
Nov 17 2017 01:,1510880400,0.03,39492
Nov 18 2017 01:,1510966800,0.03,31983
Nov 19 2017 01:,1511053200,0.03,32795
Nov 20 2017 01:,1511139600,0.03,32163
Nov 21 2017 01:,1511226000,0.03,30077
Nov 22 2017 01:,1511312400,0.03,30956
Nov 23 2017 01:,1511398800,0.03,30741
Nov 24 2017 01:,1511485200,0.03,40862
Nov 25 2017 01:,1511571600,0.03,33132
Nov 26 2017 01:,1511658000,0.03,32800
Nov 27 2017 01:,1511744400,0.03,27889
Nov 28 2017 01:,1511830800,0.03,33514
Nov 29 2017 01:,1511917200,0.03,40600
Nov 30 2017 01:,1512003600,0.03,31874
Dec 01 2017 01:,1512090000,0.03,28435
Dec 02 2017 01:,1512176400,0.03,30312
Dec 03 2017 01:,1512262800,0.03,35831
Dec 04 2017 01:,1512349200,0.03,34103
Dec 05 2017 01:,1512435600,0.03,32625
Dec 06 2017 01:,1512522000,0.03,30873
Dec 07 2017 01:,1512608400,0.03,26767
Dec 08 2017 01:,1512694800,0.03,29698
Dec 09 2017 01:,1512781200,0.03,31217
Dec 10 2017 01:,1512867600,0.03,37418
Dec 11 2017 01:,1512954000,0.03,31465
Dec 12 2017 01:,1513040400,0.03,30828
Dec 13 2017 01:,1513126800,0.03,32059
Dec 14 2017 01:,1513213200,0.03,28427
Dec 15 2017 01:,1513299600,0.03,40276
Dec 16 2017 01:,1513386000,0.03,32216
Dec 17 2017 01:,1513472400,0.03,36385
Dec 18 2017 01:,1513558800,0.03,39431
Dec 19 2017 01:,1513645200,0.03,22825
Dec 20 2017 01:,1513731600,0.03,26933
Dec 21 2017 01:,1513818000,0.03,26378
Dec 22 2017 01:,1513904400,0.03,29445
Dec 23 2017 01:,1513990800,0.03,35347
Dec 24 2017 01:,1514077200,0.03,31426
Dec 25 2017 01:,1514163600,0.03,42635
Dec 26 2017 01:,1514250000,0.03,44701
Dec 27 2017 01:,1514336400,0.03,35828
Dec 28 2017 01:,1514422800,0.03,38699
Dec 29 2017 01:,1514509200,0.03,46886
Dec 30 2017 01:,1514595600,0.03,40086
Dec 31 2017 01:,1514682000,0.03,42423
Jan 01 2018 01:,1514768400,0.03,34654
Jan 02 2018 01:,1514854800,0.03,37892
Jan 03 2018 01:,1514941200,0.03,45624
Jan 04 2018 01:,1515027600,0.03,35589
Jan 05 2018 01:,1515114000,0.03,43162
Jan 06 2018 01:,1515200400,0.03,34429
Jan 07 2018 01:,1515286800,0.03,38318
Jan 08 2018 01:,1515373200,0.03,41815
Jan 09 2018 01:,1515459600,0.03,76205
Jan 10 2018 01:,1515546000,0.03,48157
Jan 11 2018 01:,1515632400,0.03,46261
Jan 12 2018 01:,1515718800,0.03,40420
Jan 13 2018 01:,1515805200,0.03,49874
Jan 14 2018 01:,1515891600,0.03,35369
Jan 15 2018 01:,1515978000,0.03,46578
Jan 16 2018 01:,1516064400,0.03,36366
Jan 17 2018 01:,1516150800,0.03,36211
Jan 18 2018 01:,1516237200,0.03,36266
Jan 19 2018 01:,1516323600,0.03,35195
Jan 20 2018 01:,1516410000,0.03,42165
Jan 21 2018 01:,1516496400,0.03,53231
Jan 22 2018 01:,1516582800,0.03,35786
Jan 23 2018 01:,1516669200,0.03,30397
Jan 24 2018 01:,1516755600,0.03,34286
Jan 25 2018 01:,1516842000,0.03,33048
Jan 26 2018 01:,1516928400,0.03,37872
Jan 27 2018 01:,1517014800,0.03,40504
Jan 28 2018 01:,1517101200,0.03,45182
Jan 29 2018 01:,1517187600,0.03,36639
Jan 30 2018 01:,1517274000,0.03,36644
Jan 31 2018 01:,1517360400,0.03,33765
Feb 01 2018 01:,1517446800,0.03,33640
Feb 02 2018 01:,1517533200,0.03,28750
Feb 03 2018 01:,1517619600,0.03,44602
Feb 04 2018 01:,1517706000,0.03,37156
Feb 05 2018 01:,1517792400,0.03,36291
Feb 06 2018 01:,1517878800,0.03,35144
Feb 07 2018 01:,1517965200,0.03,33429
Feb 08 2018 01:,1518051600,0.03,35562
Feb 09 2018 01:,1518138000,0.03,34838
Feb 10 2018 01:,1518224400,0.03,37621
Feb 11 2018 01:,1518310800,0.03,36187
Feb 12 2018 01:,1518397200,0.03,26523
Feb 13 2018 01:,1518483600,0.03,29203
Feb 14 2018 01:,1518570000,0.03,27048
Feb 15 2018 01:,1518656400,0.03,34935
Feb 16 2018 01:,1518742800,0.03,35139
Feb 17 2018 01:,1518829200,0.03,40468
Feb 18 2018 01:,1518915600,0.03,43591
Feb 19 2018 01:,1519002000,0.03,33730
Feb 20 2018 01:,1519088400,0.03,35268
Feb 21 2018 01:,1519174800,0.03,30491
Feb 22 2018 01:,1519261200,0.03,40711
Feb 23 2018 01:,1519347600,0.03,43234
Feb 24 2018 01:,1519434000,0.03,43001
Feb 25 2018 01:,1519520400,0.03,43883
Feb 26 2018 01:,1519606800,0.03,33794
Feb 27 2018 01:,1519693200,0.03,36606
Feb 28 2018 01:,1519779600,0.03,32424
Mar 01 2018 01:,1519866000,0.03,35422
Mar 02 2018 01:,1519952400,0.03,33512
Mar 03 2018 01:,1520038800,0.03,36285
Mar 04 2018 01:,1520125200,0.03,35260
Mar 05 2018 01:,1520211600,0.03,32429
Mar 06 2018 01:,1520298000,0.03,26033
Mar 07 2018 01:,1520384400,0.03,28822
Mar 08 2018 01:,1520470800,0.03,34420
Mar 09 2018 01:,1520557200,0.03,37624
Mar 10 2018 01:,1520643600,0.03,43247
Mar 11 2018 01:,1520730000,0.03,38377
Mar 12 2018 01:,1520816400,0.03,28306
Mar 13 2018 01:,1520902800,0.03,30360
Mar 14 2018 01:,1520989200,0.03,35882
Mar 15 2018 01:,1521075600,0.03,28867
Mar 16 2018 01:,1521162000,0.03,29394
Mar 17 2018 01:,1521248400,0.03,33392
Mar 18 2018 01:,1521334800,0.03,34436
Mar 19 2018 01:,1521421200,0.03,29969
Mar 20 2018 01:,1521507600,0.03,27538
Mar 21 2018 01:,1521594000,0.03,26832
Mar 22 2018 01:,1521680400,0.03,21121
Mar 23 2018 01:,1521766800,0.03,30737
Mar 24 2018 01:,1521853200,0.03,27894
Mar 25 2018 01:,1521936000,0.03,36418
Mar 26 2018 01:,1522022400,0.03,29048
Mar 27 2018 01:,1522108800,0.03,26690
Mar 28 2018 01:,1522195200,0.03,30611
Mar 29 2018 01:,1522281600,0.03,41969
Mar 30 2018 01:,1522368000,0.03,28575
Mar 31 2018 01:,1522454400,0.03,16374
Apr 01 2018 01:,1522540800,0.03,15328
Apr 02 2018 01:,1522627200,0.03,14099
Apr 03 2018 01:,1522713600,0.03,13782
Apr 04 2018 01:,1522800000,0.03,13930
Apr 05 2018 01:,1522886400,0.03,14764
Apr 06 2018 01:,1522972800,0.03,13638
Apr 07 2018 01:,1523059200,0.03,14053
Apr 08 2018 01:,1523145600,0.03,14302
Apr 09 2018 01:,1523232000,0.03,15338
Apr 10 2018 01:,1523318400,0.03,14630
Apr 11 2018 01:,1523404800,0.03,12328
Apr 12 2018 01:,1523491200,0.03,17342
Apr 13 2018 01:,1523577600,0.03,14890
Apr 14 2018 01:,1523664000,0.03,12583
Apr 15 2018 01:,1523750400,0.03,16340
Apr 16 2018 01:,1523836800,0.03,22544
Apr 17 2018 01:,1523923200,0.03,16122
Apr 18 2018 01:,1524009600,0.03,15415
Apr 19 2018 01:,1524096000,0.03,12757
Apr 20 2018 01:,1524182400,0.03,13965
Apr 21 2018 01:,1524268800,0.03,15454
Apr 22 2018 01:,1524355200,0.03,13997
Apr 23 2018 01:,1524441600,0.03,11806
Apr 24 2018 01:,1524528000,0.03,13774
Apr 25 2018 01:,1524614400,0.03,14075
Apr 26 2018 01:,1524700800,0.03,12149
Apr 27 2018 01:,1524787200,0.03,13967
Apr 28 2018 01:,1524873600,0.03,18255
Apr 29 2018 01:,1524960000,0.03,14784
Apr 30 2018 01:,1525046400,0.03,14386
May 01 2018 01:,1525132800,0.03,10752
May 02 2018 01:,1525219200,0.03,13774
May 03 2018 01:,1525305600,0.03,12823
May 04 2018 01:,1525392000,0.03,10452
May 05 2018 01:,1525478400,0.03,12770
May 06 2018 01:,1525564800,0.03,13511
May 07 2018 01:,1525651200,0.03,10209
May 08 2018 01:,1525737600,0.03,11462
May 09 2018 01:,1525824000,0.03,11209
May 10 2018 01:,1525910400,0.03,10553
May 11 2018 01:,1525996800,0.03,10059
May 12 2018 01:,1526083200,0.03,13423
May 13 2018 01:,1526169600,0.03,13961
May 14 2018 01:,1526256000,0.03,10184
May 15 2018 01:,1526342400,0.03,8844
May 16 2018 01:,1526428800,0.03,11441
May 17 2018 01:,1526515200,0.03,13303
May 18 2018 01:,1526601600,0.03,12341
May 19 2018 01:,1526688000,0.03,15649
May 20 2018 01:,1526774400,0.03,32110
May 21 2018 01:,1526860800,0.03,15869
May 22 2018 01:,1526947200,0.03,9692
May 23 2018 01:,1527033600,0.03,8673
May 24 2018 01:,1527120000,0.03,8617
May 25 2018 01:,1527206400,0.03,17796
May 26 2018 01:,1527292800,0.03,16504
May 27 2018 01:,1527379200,0.03,12998
May 28 2018 01:,1527465600,0.03,9205
May 29 2018 01:,1527552000,0.03,10642
May 30 2018 01:,1527638400,0.03,10921
May 31 2018 01:,1527724800,0.03,10400
Jun 01 2018 01:,1527811200,0.03,12970
Jun 02 2018 01:,1527897600,0.03,11362
Jun 03 2018 01:,1527984000,0.03,11342
Jun 04 2018 01:,1528070400,0.03,12215
Jun 05 2018 01:,1528156800,0.03,9693
Jun 06 2018 01:,1528243200,0.03,13743
Jun 07 2018 01:,1528329600,0.03,9232
Jun 08 2018 01:,1528416000,0.03,12042
Jun 09 2018 01:,1528502400,0.03,10825
Jun 10 2018 01:,1528588800,0.03,15007
Jun 11 2018 01:,1528675200,0.03,9785
Jun 12 2018 01:,1528761600,0.03,11521
Jun 13 2018 01:,1528848000,0.03,12474
Jun 14 2018 01:,1528934400,0.03,12038
Jun 15 2018 01:,1529020800,0.03,11012
Jun 16 2018 01:,1529107200,0.03,12447
Jun 17 2018 01:,1529193600,0.03,11150
Jun 18 2018 01:,1529280000,0.03,12840
Jun 19 2018 01:,1529366400,0.03,11682
Jun 20 2018 01:,1529452800,0.03,12229
Jun 21 2018 01:,1529539200,0.03,13384
Jun 22 2018 01:,1529625600,0.03,14091
Jun 23 2018 01:,1529712000,0.03,15865
Jun 24 2018 01:,1529798400,0.03,11963
Jun 25 2018 01:,1529884800,0.03,12275
Jun 26 2018 01:,1529971200,0.03,13255
Jun 27 2018 01:,1530057600,0.03,12414
Jun 28 2018 01:,1530144000,0.03,12255
Jun 29 2018 01:,1530230400,0.03,12373
Jun 30 2018 01:,1530316800,0.03,12627
Jul 01 2018 01:,1530403200,0.03,12991
Jul 02 2018 01:,1530489600,0.03,12981
Jul 03 2018 01:,1530576000,0.03,11783
Jul 04 2018 01:,1530662400,0.03,12827
Jul 05 2018 01:,1530748800,0.03,12886
Jul 06 2018 01:,1530835200,0.03,11401
Jul 07 2018 01:,1530921600,0.03,11626
Jul 08 2018 01:,1531008000,0.03,10944
Jul 09 2018 01:,1531094400,0.03,13129
Jul 10 2018 01:,1531180800,0.03,11394
Jul 11 2018 01:,1531267200,0.03,11984
Jul 12 2018 01:,1531353600,0.03,12822
Jul 13 2018 01:,1531440000,0.03,10485
Jul 14 2018 01:,1531526400,0.03,12065
Jul 15 2018 01:,1531612800,0.03,15624
Jul 16 2018 01:,1531699200,0.03,14394
Jul 17 2018 01:,1531785600,0.03,10836
Jul 18 2018 01:,1531872000,0.03,14511
Jul 19 2018 01:,1531958400,0.03,12222
Jul 20 2018 01:,1532044800,0.03,12004
Jul 21 2018 01:,1532131200,0.03,11818
Jul 22 2018 01:,1532217600,0.03,12587
Jul 23 2018 01:,1532304000,0.03,10931
Jul 24 2018 01:,1532390400,0.03,13892
Jul 25 2018 01:,1532476800,0.03,13794
Jul 26 2018 01:,1532563200,0.03,12574
Jul 27 2018 01:,1532649600,0.03,11955
Jul 28 2018 01:,1532736000,0.03,16077
Jul 29 2018 01:,1532822400,0.03,10928
Jul 30 2018 01:,1532908800,0.03,12556
Jul 31 2018 01:,1532995200,0.03,11804
Aug 01 2018 01:,1533081600,0.03,11632
Aug 02 2018 01:,1533168000,0.03,12434
Aug 03 2018 01:,1533254400,0.03,16156
Aug 04 2018 01:,1533340800,0.03,13163
Aug 05 2018 01:,1533427200,0.03,17005
Aug 06 2018 01:,1533513600,0.03,18980
Aug 07 2018 01:,1533600000,0.03,15876
Aug 08 2018 01:,1533686400,0.03,16177
Aug 09 2018 01:,1533772800,0.03,16733
Aug 10 2018 01:,1533859200,0.03,44738
Aug 11 2018 01:,1533945600,0.03,18837
Aug 12 2018 01:,1534032000,0.03,26718
Aug 13 2018 01:,1534118400,0.03,22445
Aug 14 2018 01:,1534204800,0.03,17264
Aug 15 2018 01:,1534291200,0.03,15772
Aug 16 2018 01:,1534377600,0.03,32490
Aug 17 2018 01:,1534464000,0.03,70148
Aug 18 2018 01:,1534550400,0.03,32617
Aug 19 2018 01:,1534636800,0.03,41027
Aug 20 2018 01:,1534723200,0.03,65453
Aug 21 2018 01:,1534809600,0.03,37259
Aug 22 2018 01:,1534896000,0.03,31064
Aug 23 2018 01:,1534982400,0.03,30322
Aug 24 2018 01:,1535068800,0.03,29332
Aug 25 2018 01:,1535155200,0.03,31738
Aug 26 2018 01:,1535241600,0.03,28388
Aug 27 2018 01:,1535328000,0.03,30104
Aug 28 2018 01:,1535414400,0.03,29646
Aug 29 2018 01:,1535500800,0.03,20415
Aug 30 2018 01:,1535587200,0.03,22700
Aug 31 2018 01:,1535673600,0.03,23958
Sep 01 2018 01:,1535760000,0.03,25988
Sep 02 2018 01:,1535846400,0.03,21636
Sep 03 2018 01:,1535932800,0.03,17916
Sep 04 2018 01:,1536019200,0.03,16929
Sep 05 2018 01:,1536105600,0.03,18430
Sep 06 2018 01:,1536192000,0.03,18136
Sep 07 2018 01:,1536278400,0.03,20528
Sep 08 2018 01:,1536364800,0.03,24651
Sep 09 2018 01:,1536451200,0.03,23539
Sep 10 2018 01:,1536537600,0.03,18723
Sep 11 2018 01:,1536624000,0.03,23744
Sep 12 2018 01:,1536710400,0.03,18027
Sep 13 2018 01:,1536796800,0.03,30830
Sep 14 2018 01:,1536883200,0.03,34994
Sep 15 2018 01:,1536969600,0.03,30930
Sep 16 2018 01:,1537056000,0.03,22398
Sep 17 2018 01:,1537142400,0.03,26581
Sep 18 2018 01:,1537228800,0.03,19078
Sep 19 2018 01:,1537315200,0.03,16074
Sep 20 2018 01:,1537401600,0.03,21252
Sep 21 2018 01:,1537488000,0.03,18222
Sep 22 2018 01:,1537574400,0.03,24619
Sep 23 2018 01:,1537660800,0.03,23885
Sep 24 2018 01:,1537747200,0.03,18464
Sep 25 2018 01:,1537833600,0.03,15973
Sep 26 2018 01:,1537920000,0.03,19475
Sep 27 2018 01:,1538006400,0.03,19873
Sep 28 2018 01:,1538092800,0.03,19631
Sep 29 2018 01:,1538179200,0.03,22329
Sep 30 2018 01:,1538265600,0.03,29243
Oct 01 2018 01:,1538352000,0.03,18330
Oct 02 2018 01:,1538438400,0.03,16313
Oct 03 2018 01:,1538524800,0.03,26715
Oct 04 2018 01:,1538611200,0.03,25873
Oct 05 2018 01:,1538697600,0.03,25285
Oct 06 2018 01:,1538784000,0.03,27262
Oct 07 2018 01:,1538870400,0.03,24969
Oct 08 2018 01:,1538956800,0.03,30482
Oct 09 2018 01:,1539043200,0.03,24949
Oct 10 2018 01:,1539129600,0.03,33023
Oct 11 2018 01:,1539216000,0.03,31276
Oct 12 2018 01:,1539302400,0.03,30007
Oct 13 2018 01:,1539388800,0.03,36830
Oct 14 2018 01:,1539475200,0.03,35795
Oct 15 2018 01:,1539561600,0.03,34116
Oct 16 2018 01:,1539648000,0.03,25280
Oct 17 2018 01:,1539734400,0.03,25991
Oct 18 2018 01:,1539820800,0.03,25096
Oct 19 2018 01:,1539907200,0.03,31255
Oct 20 2018 01:,1539993600,0.03,38031
Oct 21 2018 01:,1540080000,0.03,29732
Oct 22 2018 01:,1540166400,0.03,23867
Oct 23 2018 01:,1540252800,0.03,24363
Oct 24 2018 01:,1540339200,0.03,27976
Oct 25 2018 01:,1540425600,0.03,30911
Oct 26 2018 01:,1540512000,0.03,24009
Oct 27 2018 01:,1540598400,0.03,29524
Oct 28 2018 01:,1540688400,0.03,25952
Oct 29 2018 01:,1540774800,0.03,25074
Oct 30 2018 01:,1540861200,0.03,30969
Oct 31 2018 01:,1540947600,0.03,42243
Nov 01 2018 01:,1541034000,0.03,31224
Nov 02 2018 01:,1541120400,0.03,45440
Nov 03 2018 01:,1541206800,0.03,37020
Nov 04 2018 01:,1541293200,0.03,30928
Nov 05 2018 01:,1541379600,0.03,21609
Nov 06 2018 01:,1541466000,0.03,22950
Nov 07 2018 01:,1541552400,0.03,16839
Nov 08 2018 01:,1541638800,0.03,22737
Nov 09 2018 01:,1541725200,0.03,23725
Nov 10 2018 01:,1541811600,0.03,26275
Nov 11 2018 01:,1541898000,0.03,23731
Nov 12 2018 01:,1541984400,0.03,23540
Nov 13 2018 01:,1542070800,0.03,19098
Nov 14 2018 01:,1542157200,0.03,16561
Nov 15 2018 01:,1542243600,0.03,19104
Nov 16 2018 01:,1542330000,0.03,21569
Nov 17 2018 01:,1542416400,0.03,25040
Nov 18 2018 01:,1542502800,0.03,26765
Nov 19 2018 01:,1542589200,0.03,19057
Nov 20 2018 01:,1542675600,0.03,22379
Nov 21 2018 01:,1542762000,0.03,19661
Nov 22 2018 01:,1542848400,0.03,20456
Nov 23 2018 01:,1542934800,0.03,24023
Nov 24 2018 01:,1543021200,0.03,25624
Nov 25 2018 01:,1543107600,0.03,21544
Nov 26 2018 01:,1543194000,0.03,22662
Nov 27 2018 01:,1543280400,0.03,19334
Nov 28 2018 01:,1543366800,0.03,19836
Nov 29 2018 01:,1543453200,0.03,17015
Nov 30 2018 01:,1543539600,0.03,24899
Dec 01 2018 01:,1543626000,0.03,24699
Dec 02 2018 01:,1543712400,0.03,23850
Dec 03 2018 01:,1543798800,0.03,24330
Dec 04 2018 01:,1543885200,0.03,25931
Dec 05 2018 01:,1543971600,0.03,23638
Dec 06 2018 01:,1544058000,0.03,23707
Dec 07 2018 01:,1544144400,0.03,24974
Dec 08 2018 01:,1544230800,0.03,29800
Dec 09 2018 01:,1544317200,0.03,33048
Dec 10 2018 01:,1544403600,0.03,31752
Dec 11 2018 01:,1544490000,0.03,34415
Dec 12 2018 01:,1544576400,0.03,28466
Dec 13 2018 01:,1544662800,0.03,39050
Dec 14 2018 01:,1544749200,0.03,34602
Dec 15 2018 01:,1544835600,0.03,29023
Dec 16 2018 01:,1544922000,0.03,29998
Dec 17 2018 01:,1545008400,0.03,24070
Dec 18 2018 01:,1545094800,0.03,22405
Dec 19 2018 01:,1545181200,0.03,23871
Dec 20 2018 01:,1545267600,0.03,21051
Dec 21 2018 01:,1545354000,0.03,26036
Dec 22 2018 01:,1545440400,0.03,27837
Dec 23 2018 01:,1545526800,0.03,26472
Dec 24 2018 01:,1545613200,0.03,27596
Dec 25 2018 01:,1545699600,0.03,32555
Dec 26 2018 01:,1545786000,0.03,29517
Dec 27 2018 01:,1545872400,0.03,25776
Dec 28 2018 01:,1545958800,0.03,23455
Dec 29 2018 01:,1546045200,0.03,29828
Dec 30 2018 01:,1546131600,0.03,26435
Dec 31 2018 01:,1546218000,0.03,24583
Jan 01 2019 01:,1546304400,0.03,23927
Jan 02 2019 01:,1546390800,0.03,31553
Jan 03 2019 01:,1546477200,0.03,25612
Jan 04 2019 01:,1546563600,0.03,29014
Jan 05 2019 01:,1546650000,0.03,26889
Jan 06 2019 01:,1546736400,0.03,25149
Jan 07 2019 01:,1546822800,0.03,29469
Jan 08 2019 01:,1546909200,0.03,25750
Jan 09 2019 01:,1546995600,0.03,28794
Jan 10 2019 01:,1547082000,0.03,26348
Jan 11 2019 01:,1547168400,0.03,28546
Jan 12 2019 01:,1547254800,0.03,35006
Jan 13 2019 01:,1547341200,0.03,25897
Jan 14 2019 01:,1547427600,0.03,27748
Jan 15 2019 01:,1547514000,0.03,26079
Jan 16 2019 01:,1547600400,0.03,25815
Jan 17 2019 01:,1547686800,0.03,21879
Jan 18 2019 01:,1547773200,0.03,29142
Jan 19 2019 01:,1547859600,0.03,34682
Jan 20 2019 01:,1547946000,0.03,40370
Jan 21 2019 01:,1548032400,0.03,44313
Jan 22 2019 01:,1548118800,0.03,32124
Jan 23 2019 01:,1548205200,0.03,29029
Jan 24 2019 01:,1548291600,0.03,25389
Jan 25 2019 01:,1548378000,0.03,30299
Jan 26 2019 01:,1548464400,0.03,34197
Jan 27 2019 01:,1548550800,0.03,27765
Jan 28 2019 01:,1548637200,0.03,28542
Jan 29 2019 01:,1548723600,0.03,24141
Jan 30 2019 01:,1548810000,0.03,40665
Jan 31 2019 01:,1548896400,0.03,32079
Feb 01 2019 01:,1548982800,0.03,29977
Feb 02 2019 01:,1549069200,0.03,40651
Feb 03 2019 01:,1549155600,0.03,31588
Feb 04 2019 01:,1549242000,0.03,36045
Feb 05 2019 01:,1549328400,0.03,30034
Feb 06 2019 01:,1549414800,0.03,27583
Feb 07 2019 01:,1549501200,0.03,29524
Feb 08 2019 01:,1549587600,0.03,60435
Feb 09 2019 01:,1549674000,0.03,107545
Feb 10 2019 01:,1549760400,0.03,38997
Feb 11 2019 01:,1549846800,0.03,34520
Feb 12 2019 01:,1549933200,0.03,52877
Feb 13 2019 01:,1550019600,0.03,231311
Feb 14 2019 01:,1550106000,0.03,44892
Feb 15 2019 01:,1550192400,0.03,53952
Feb 16 2019 01:,1550278800,0.03,39319
Feb 17 2019 01:,1550365200,0.03,34440
Feb 18 2019 01:,1550451600,0.03,23049
Feb 19 2019 01:,1550538000,0.03,21777
Feb 20 2019 01:,1550624400,0.03,297742
Feb 21 2019 01:,1550710800,0.03,223664
Feb 22 2019 01:,1550797200,0.03,57330
Feb 23 2019 01:,1550883600,0.03,33239
Feb 24 2019 01:,1550970000,0.03,94521
Feb 25 2019 01:,1551056400,0.03,196643
Feb 26 2019 01:,1551142800,0.03,77842
Feb 27 2019 01:,1551229200,0.03,269480
Feb 28 2019 01:,1551315600,0.03,29538
Mar 01 2019 01:,1551402000,0.03,48243
Mar 02 2019 01:,1551488400,0.03,32704
Mar 03 2019 01:,1551574800,0.03,90332
Mar 04 2019 01:,1551661200,0.03,139053
Mar 05 2019 01:,1551747600,0.03,36881
Mar 06 2019 01:,1551834000,0.03,278147
Mar 07 2019 01:,1551920400,0.03,81619
Mar 08 2019 01:,1552006800,0.03,136032
Mar 09 2019 01:,1552093200,0.03,56508
Mar 10 2019 01:,1552179600,0.03,105911
Mar 11 2019 01:,1552266000,0.03,245479
Mar 12 2019 01:,1552352400,0.03,169739
Mar 13 2019 01:,1552438800,0.03,236132
Mar 14 2019 01:,1552525200,0.03,55915
Mar 15 2019 01:,1552611600,0.03,89558
Mar 16 2019 01:,1552698000,0.03,88946
Mar 17 2019 01:,1552784400,0.03,98355
Mar 18 2019 01:,1552870800,0.03,100797
Mar 19 2019 01:,1552957200,0.03,96355
Mar 20 2019 01:,1553043600,0.03,359326
Mar 21 2019 01:,1553130000,0.03,68903
Mar 22 2019 01:,1553216400,0.03,33908
Mar 23 2019 01:,1553302800,0.03,208985
Mar 24 2019 01:,1553389200,0.03,292475
Mar 25 2019 01:,1553475600,0.03,114902
Mar 26 2019 01:,1553562000,0.03,62701
Mar 27 2019 01:,1553648400,0.03,160875
Mar 28 2019 01:,1553734800,0.03,70134
Mar 29 2019 01:,1553821200,0.03,66808
Mar 30 2019 01:,1553907600,0.03,29867
Mar 31 2019 01:,1553990400,0.03,162284
Apr 01 2019 01:,1554076800,0.03,106455
Apr 02 2019 01:,1554163200,0.03,125234
Apr 03 2019 01:,1554249600,0.03,259772
Apr 04 2019 01:,1554336000,0.03,198097
Apr 05 2019 01:,1554422400,0.03,94802
Apr 06 2019 01:,1554508800,0.03,38325
Apr 07 2019 01:,1554595200,0.03,240746
Apr 08 2019 01:,1554681600,0.03,216662
Apr 09 2019 01:,1554768000,0.03,100942
Apr 10 2019 01:,1554854400,0.03,211514
Apr 11 2019 01:,1554940800,0.03,125411
Apr 12 2019 01:,1555027200,0.03,48120
Apr 13 2019 01:,1555113600,0.03,113516
Apr 14 2019 01:,1555200000,0.03,189007
Apr 15 2019 01:,1555286400,0.03,206062
Apr 16 2019 01:,1555372800,0.03,158603
Apr 17 2019 01:,1555459200,0.03,226489
Apr 18 2019 01:,1555545600,0.03,37013
Apr 19 2019 01:,1555632000,0.03,255484
Apr 20 2019 01:,1555718400,0.03,278769
Apr 21 2019 01:,1555804800,0.03,127781
Apr 22 2019 01:,1555891200,0.03,186253
Apr 23 2019 01:,1555977600,0.03,63067
Apr 24 2019 01:,1556064000,0.03,95341
Apr 25 2019 01:,1556150400,0.03,25445
Apr 26 2019 01:,1556236800,0.03,185406
Apr 27 2019 01:,1556323200,0.03,259814
Apr 28 2019 01:,1556409600,0.03,171825
Apr 29 2019 01:,1556496000,0.03,94675
Apr 30 2019 01:,1556582400,0.03,84304
May 01 2019 01:,1556668800,0.03,119804
May 02 2019 01:,1556755200,0.03,161965
May 03 2019 01:,1556841600,0.03,375812
May 04 2019 01:,1556928000,0.03,246647
May 05 2019 01:,1557014400,0.03,166511
May 06 2019 01:,1557100800,0.03,33494
May 07 2019 01:,1557187200,0.03,256486
May 08 2019 01:,1557273600,0.03,429400
May 09 2019 01:,1557360000,0.03,161945
May 10 2019 01:,1557446400,0.03,67998
May 11 2019 01:,1557532800,0.03,53654
May 12 2019 01:,1557619200,0.03,39903
May 13 2019 01:,1557705600,0.03,28155
May 14 2019 01:,1557792000,0.03,26264
May 15 2019 01:,1557878400,0.03,523311
May 16 2019 01:,1557964800,0.03,180896
May 17 2019 01:,1558051200,0.03,88447
May 18 2019 01:,1558137600,0.03,29727
May 19 2019 01:,1558224000,0.03,29922
May 20 2019 01:,1558310400,0.03,406425
May 21 2019 01:,1558396800,0.03,160086
May 22 2019 01:,1558483200,0.03,104395
May 23 2019 01:,1558569600,0.03,57282
May 24 2019 01:,1558656000,0.03,89663
May 25 2019 01:,1558742400,0.03,32598
May 26 2019 01:,1558828800,0.03,332955
May 27 2019 01:,1558915200,0.03,151678
May 28 2019 01:,1559001600,0.03,74891
May 29 2019 01:,1559088000,0.03,80986
May 30 2019 01:,1559174400,0.03,50597
May 31 2019 01:,1559260800,0.03,36851
Jun 01 2019 01:,1559347200,0.03,29250
Jun 02 2019 01:,1559433600,0.03,42555
Jun 03 2019 01:,1559520000,0.03,28822
Jun 04 2019 01:,1559606400,0.03,28476
Jun 05 2019 01:,1559692800,0.03,29143
Jun 06 2019 01:,1559779200,0.03,31909
Jun 07 2019 01:,1559865600,0.03,32297
Jun 08 2019 01:,1559952000,0.03,30883
Jun 09 2019 01:,1560038400,0.03,26599
Jun 10 2019 01:,1560124800,0.03,28286
Jun 11 2019 01:,1560211200,0.03,35023
Jun 12 2019 01:,1560297600,0.03,28848
Jun 13 2019 01:,1560384000,0.03,26975
Jun 14 2019 01:,1560470400,0.03,29609
Jun 15 2019 01:,1560556800,0.03,31819
Jun 16 2019 01:,1560643200,0.03,30856
Jun 17 2019 01:,1560729600,0.03,28753
Jun 18 2019 01:,1560816000,0.03,29025
Jun 19 2019 01:,1560902400,0.03,30241
Jun 20 2019 01:,1560988800,0.03,32829
Jun 21 2019 01:,1561075200,0.03,32998
Jun 22 2019 01:,1561161600,0.03,34149
Jun 23 2019 01:,1561248000,0.03,33906
Jun 24 2019 01:,1561334400,0.03,30617
Jun 25 2019 01:,1561420800,0.03,63213
Jun 26 2019 01:,1561507200,0.03,51844
Jun 27 2019 01:,1561593600,0.03,41694
Jun 28 2019 01:,1561680000,0.03,37910
Jun 29 2019 01:,1561766400,0.03,38212
Jun 30 2019 01:,1561852800,0.03,54958
Jul 01 2019 01:,1561939200,0.03,38552
Jul 02 2019 01:,1562025600,0.03,38104
Jul 03 2019 01:,1562112000,0.03,32606
Jul 04 2019 01:,1562198400,0.03,35140
Jul 05 2019 01:,1562284800,0.03,40980
Jul 06 2019 01:,1562371200,0.03,40404
Jul 07 2019 01:,1562457600,0.03,33257
Jul 08 2019 01:,1562544000,0.03,28996
Jul 09 2019 01:,1562630400,0.03,34642
Jul 10 2019 01:,1562716800,0.03,33332
Jul 11 2019 01:,1562803200,0.03,32419
Jul 12 2019 01:,1562889600,0.03,38683
Jul 13 2019 01:,1562976000,0.03,33928
Jul 14 2019 01:,1563062400,0.03,31208
Jul 15 2019 01:,1563148800,0.03,31346
Jul 16 2019 01:,1563235200,0.03,31111
Jul 17 2019 01:,1563321600,0.03,33542
Jul 18 2019 01:,1563408000,0.03,40552
Jul 19 2019 01:,1563494400,0.03,42277
Jul 20 2019 01:,1563580800,0.03,35689
Jul 21 2019 01:,1563667200,0.03,32260
Jul 22 2019 01:,1563753600,0.03,36598
Jul 23 2019 01:,1563840000,0.03,40038
Jul 24 2019 01:,1563926400,0.03,40306
Jul 25 2019 01:,1564012800,0.03,40964
Jul 26 2019 01:,1564099200,0.03,35932
Jul 27 2019 01:,1564185600,0.03,42644
Jul 28 2019 01:,1564272000,0.03,59906
Jul 29 2019 01:,1564358400,0.03,55355
Jul 30 2019 01:,1564444800,0.03,66535
Jul 31 2019 01:,1564531200,0.03,62772
Aug 01 2019 01:,1564617600,0.03,73029
Aug 02 2019 01:,1564704000,0.03,77462
Aug 03 2019 01:,1564790400,0.03,500532
Aug 04 2019 01:,1564876800,0.03,106502
Aug 05 2019 01:,1564963200,0.03,48474
Aug 06 2019 01:,1565049600,0.03,50386
Aug 07 2019 01:,1565136000,0.03,56568
Aug 08 2019 01:,1565222400,0.03,63682
Aug 09 2019 01:,1565308800,0.03,104835
Aug 10 2019 01:,1565395200,0.03,91880
Aug 11 2019 01:,1565481600,0.03,62103
Aug 12 2019 01:,1565568000,0.032,52451
Aug 13 2019 01:,1565654400,0.032,62947
Aug 14 2019 01:,1565740800,0.03,55606
Aug 15 2019 01:,1565827200,0.03,42059
Aug 16 2019 01:,1565913600,0.03,50468
Aug 17 2019 01:,1566000000,0.033,55093
Aug 18 2019 01:,1566086400,0.033,58919
Aug 19 2019 01:,1566172800,0.03,51829
Aug 20 2019 01:,1566259200,0.031,49272
Aug 21 2019 01:,1566345600,0.03,52770
Aug 22 2019 01:,1566432000,0.03,48477
Aug 23 2019 01:,1566518400,0.033,59300
Aug 24 2019 01:,1566604800,0.032,55934
Aug 25 2019 01:,1566691200,0.031,56344
Aug 26 2019 01:,1566777600,0.03,46960
Aug 27 2019 01:,1566864000,0.032,57737
Aug 28 2019 01:,1566950400,0.03,47893
Aug 29 2019 01:,1567036800,0.031,61559
Aug 30 2019 01:,1567123200,0.032,71397
Aug 31 2019 01:,1567209600,0.034,71322
Sep 01 2019 01:,1567296000,0.034,73347
Sep 02 2019 01:,1567382400,0.037,61724
Sep 03 2019 01:,1567468800,0.041,56602
Sep 04 2019 01:,1567555200,0.046,65717
Sep 05 2019 01:,1567641600,0.051,66158
Sep 06 2019 01:,1567728000,0.057,69076
Sep 07 2019 01:,1567814400,0.055,83750
Sep 08 2019 01:,1567900800,0.048,83517
Sep 09 2019 01:,1567987200,0.045,65472
Sep 10 2019 01:,1568073600,0.051,64990
Sep 11 2019 01:,1568160000,0.052,63791
Sep 12 2019 01:,1568246400,0.053,66830
Sep 13 2019 01:,1568332800,0.055,78910
Sep 14 2019 01:,1568419200,0.054,88417
Sep 15 2019 01:,1568505600,0.051,71860
Sep 16 2019 01:,1568592000,0.053,64296
Sep 17 2019 01:,1568678400,0.055,60613
Sep 18 2019 01:,1568764800,0.056,62912
Sep 19 2019 01:,1568851200,0.058,64455
Sep 20 2019 01:,1568937600,0.06,70269
Sep 21 2019 01:,1569024000,0.055,85704
Sep 22 2019 01:,1569110400,0.053,80677
Sep 23 2019 01:,1569196800,0.054,69616
Sep 24 2019 01:,1569283200,0.055,77266
Sep 25 2019 01:,1569369600,0.058,108929
Sep 26 2019 01:,1569456000,0.058,106484
Sep 27 2019 01:,1569542400,0.055,95166
Sep 28 2019 01:,1569628800,0.062,95382
Sep 29 2019 01:,1569715200,0.063,73186
Sep 30 2019 01:,1569801600,0.068,73756
Oct 01 2019 01:,1569888000,0.077,83194
Oct 02 2019 01:,1569974400,0.09,86004
Oct 03 2019 01:,1570060800,0.099,97818
Oct 04 2019 01:,1570147200,0.105,93774
Oct 05 2019 01:,1570233600,0.095,91967
Oct 06 2019 01:,1570320000,0.084,88728
Oct 07 2019 01:,1570406400,0.084,75185
Oct 08 2019 01:,1570492800,0.096,83266
Oct 09 2019 01:,1570579200,0.109,79258
Oct 10 2019 01:,1570665600,0.113,77086
Oct 11 2019 01:,1570752000,0.118,82806
Oct 12 2019 01:,1570838400,0.119,104374
Oct 13 2019 01:,1570924800,0.119,90785
Oct 14 2019 01:,1571011200,0.121,78138
Oct 15 2019 01:,1571097600,0.121,68131
Oct 16 2019 01:,1571184000,0.125,69431
Oct 17 2019 01:,1571270400,0.124,71392
Oct 18 2019 01:,1571356800,0.126,101304
Oct 19 2019 01:,1571443200,0.109,117571
Oct 20 2019 01:,1571529600,0.1,110282
Oct 21 2019 01:,1571616000,0.102,83682
Oct 22 2019 01:,1571702400,0.095,82280
Oct 23 2019 01:,1571788800,0.095,79913
Oct 24 2019 01:,1571875200,0.094,63425
Oct 25 2019 01:,1571961600,0.1,75092
Oct 26 2019 01:,1572048000,0.099,81956
Oct 27 2019 01:,1572138000,0.092,68957
Oct 28 2019 01:,1572224400,0.088,56005
Oct 29 2019 01:,1572310800,0.079,56280
Oct 30 2019 01:,1572397200,0.057,48839
Oct 31 2019 01:,1572483600,0.044,47984
Nov 01 2019 01:,1572570000,0.048,47677
Nov 02 2019 01:,1572656400,0.059,44264
Nov 03 2019 01:,1572742800,0.062,44942
Nov 04 2019 01:,1572829200,0.057,35915
Nov 05 2019 01:,1572915600,0.057,36298
Nov 06 2019 01:,1573002000,0.057,30459
Nov 07 2019 01:,1573088400,0.054,32546
Nov 08 2019 01:,1573174800,0.051,33361
Nov 09 2019 01:,1573261200,0.049,37585
Nov 10 2019 01:,1573347600,0.043,33614
Nov 11 2019 01:,1573434000,0.044,40754
Nov 12 2019 01:,1573520400,0.044,28509
Nov 13 2019 01:,1573606800,0.043,25208
Nov 14 2019 01:,1573693200,0.043,30200
Nov 15 2019 01:,1573779600,0.048,29171
Nov 16 2019 01:,1573866000,0.048,33380
Nov 17 2019 01:,1573952400,0.048,34358
Nov 18 2019 01:,1574038800,0.053,32884
Nov 19 2019 01:,1574125200,0.04,42262
Nov 20 2019 01:,1574211600,0.038,28679
Nov 21 2019 01:,1574298000,0.041,28220
Nov 22 2019 01:,1574384400,0.041,28253
Nov 23 2019 01:,1574470800,0.042,36149
Nov 24 2019 01:,1574557200,0.042,29702
Nov 25 2019 01:,1574643600,0.043,27365
Nov 26 2019 01:,1574730000,0.042,28012
Nov 27 2019 01:,1574816400,0.038,35656
Nov 28 2019 01:,1574902800,0.039,31897
Nov 29 2019 01:,1574989200,0.038,33156
Nov 30 2019 01:,1575075600,0.039,36171
Dec 01 2019 01:,1575162000,0.036,32399
Dec 02 2019 01:,1575248400,0.038,32636
Dec 03 2019 01:,1575334800,0.04,32792
Dec 04 2019 01:,1575421200,0.04,24907
Dec 05 2019 01:,1575507600,0.041,25076
Dec 06 2019 01:,1575594000,0.044,29212
Dec 07 2019 01:,1575680400,0.047,30442
Dec 08 2019 01:,1575766800,0.049,33244
Dec 09 2019 01:,1575853200,0.052,31152
Dec 10 2019 01:,1575939600,0.052,27594
Dec 11 2019 01:,1576026000,0.053,30004
Dec 12 2019 01:,1576112400,0.057,33647
Dec 13 2019 01:,1576198800,0.059,31361
Dec 14 2019 01:,1576285200,0.058,34579
Dec 15 2019 01:,1576371600,0.062,36321
Dec 16 2019 01:,1576458000,0.068,28919
Dec 17 2019 01:,1576544400,0.071,30722
Dec 18 2019 01:,1576630800,0.069,28937
Dec 19 2019 01:,1576717200,0.067,34271
Dec 20 2019 01:,1576803600,0.058,38790
Dec 21 2019 01:,1576890000,0.058,41258
Dec 22 2019 01:,1576976400,0.056,35843
Dec 23 2019 01:,1577062800,0.054,33624
Dec 24 2019 01:,1577149200,0.054,33321
Dec 25 2019 01:,1577235600,0.056,33472
Dec 26 2019 01:,1577322000,0.056,33745
Dec 27 2019 01:,1577408400,0.058,35995
Dec 28 2019 01:,1577494800,0.061,41623
Dec 29 2019 01:,1577581200,0.062,37541
Dec 30 2019 01:,1577667600,0.057,35935
Dec 31 2019 01:,1577754000,0.059,35136
Jan 01 2020 01:,1577840400,0.064,35390
Jan 02 2020 01:,1577926800,0.059,34770
Jan 03 2020 01:,1578013200,0.064,34547
Jan 04 2020 01:,1578099600,0.068,38461
Jan 05 2020 01:,1578186000,0.07,37642
Jan 06 2020 01:,1578272400,0.075,33276
Jan 07 2020 01:,1578358800,0.077,33937
Jan 08 2020 01:,1578445200,0.077,31497
Jan 09 2020 01:,1578531600,0.081,37791
Jan 10 2020 01:,1578618000,0.085,41245
Jan 11 2020 01:,1578704400,0.086,39476
Jan 12 2020 01:,1578790800,0.091,48807
Jan 13 2020 01:,1578877200,0.091,34489
Jan 14 2020 01:,1578963600,0.089,31479
Jan 15 2020 01:,1579050000,0.091,32377
Jan 16 2020 01:,1579136400,0.094,39442
Jan 17 2020 01:,1579222800,0.105,43083
Jan 18 2020 01:,1579309200,0.113,51742
Jan 19 2020 01:,1579395600,0.12,58170
Jan 20 2020 01:,1579482000,0.127,54278
Jan 21 2020 01:,1579568400,0.126,42987
Jan 22 2020 01:,1579654800,0.117,48466
Jan 23 2020 01:,1579741200,0.114,45046
Jan 24 2020 01:,1579827600,0.117,53488
Jan 25 2020 01:,1579914000,0.123,60766
Jan 26 2020 01:,1580000400,0.123,54737
Jan 27 2020 01:,1580086800,0.122,43086
Jan 28 2020 01:,1580173200,0.126,40827
Jan 29 2020 01:,1580259600,0.135,49364
Jan 30 2020 01:,1580346000,0.134,41912
Jan 31 2020 01:,1580432400,0.145,54715
Feb 01 2020 01:,1580518800,0.154,59282
Feb 02 2020 01:,1580605200,0.163,54461
Feb 03 2020 01:,1580691600,0.17,47019
Feb 04 2020 01:,1580778000,0.176,53598
Feb 05 2020 01:,1580864400,0.189,56037
Feb 06 2020 01:,1580950800,0.206,58945
Feb 07 2020 01:,1581037200,0.206,53452
Feb 08 2020 01:,1581123600,0.196,61264
Feb 09 2020 01:,1581210000,0.17,54439
Feb 10 2020 01:,1581296400,0.175,53438
Feb 11 2020 01:,1581382800,0.185,45254
Feb 12 2020 01:,1581469200,0.183,45727
Feb 13 2020 01:,1581555600,0.189,46474
Feb 14 2020 01:,1581642000,0.201,59757
Feb 15 2020 01:,1581728400,0.206,63103
Feb 16 2020 01:,1581814800,0.202,55256
Feb 17 2020 01:,1581901200,0.202,44669
Feb 18 2020 01:,1581987600,0.202,44723
Feb 19 2020 01:,1582074000,0.2,48610
Feb 20 2020 01:,1582160400,0.202,44638
Feb 21 2020 01:,1582246800,0.206,53330
Feb 22 2020 01:,1582333200,0.214,69487
Feb 23 2020 01:,1582419600,0.21,53387
Feb 24 2020 01:,1582506000,0.203,49544
Feb 25 2020 01:,1582592400,0.201,56823
Feb 26 2020 01:,1582678800,0.192,52018
Feb 27 2020 01:,1582765200,0.188,55629
Feb 28 2020 01:,1582851600,0.181,61494
Feb 29 2020 01:,1582938000,0.181,60049
Mar 01 2020 01:,1583024400,0.183,62395
Mar 02 2020 01:,1583110800,0.187,49942
Mar 03 2020 01:,1583197200,0.191,49564
Mar 04 2020 01:,1583283600,0.192,56382
Mar 05 2020 01:,1583370000,0.192,50726
Mar 06 2020 01:,1583456400,0.197,60950
Mar 07 2020 01:,1583542800,0.195,68605
Mar 08 2020 01:,1583629200,0.205,68880
Mar 09 2020 01:,1583715600,0.208,56675
Mar 10 2020 01:,1583802000,0.21,46194
Mar 11 2020 01:,1583888400,0.215,58066
Mar 12 2020 01:,1583974800,0.229,62963
Mar 13 2020 01:,1584061200,0.231,62770
Mar 14 2020 01:,1584147600,0.239,62740
Mar 15 2020 01:,1584234000,0.238,65328
Mar 16 2020 01:,1584320400,0.235,64466
Mar 17 2020 01:,1584406800,0.222,60689
Mar 18 2020 01:,1584493200,0.207,53265
Mar 19 2020 01:,1584579600,0.19,52243
Mar 20 2020 01:,1584666000,0.164,56604
Mar 21 2020 01:,1584752400,0.163,48804
Mar 22 2020 01:,1584838800,0.167,52660
Mar 23 2020 01:,1584925200,0.162,49230
Mar 24 2020 01:,1585011600,0.16,50141
Mar 25 2020 01:,1585098000,0.156,57376
Mar 26 2020 01:,1585184400,0.157,51342
Mar 27 2020 01:,1585270800,0.158,54405
Mar 28 2020 01:,1585357200,0.162,53804
Mar 29 2020 01:,1585440000,0.161,48292
Mar 30 2020 01:,1585526400,0.157,52156
Mar 31 2020 01:,1585612800,0.141,55484
Apr 01 2020 01:,1585699200,0.15,77952
Apr 02 2020 01:,1585785600,0.16,78464
Apr 03 2020 01:,1585872000,0.164,71331
Apr 04 2020 01:,1585958400,0.171,74503
Apr 05 2020 01:,1586044800,0.177,70916
Apr 06 2020 01:,1586131200,0.172,69122
Apr 07 2020 01:,1586217600,0.166,63355
Apr 08 2020 01:,1586304000,0.158,66396
Apr 09 2020 01:,1586390400,0.157,64275
Apr 10 2020 01:,1586476800,0.159,66860
Apr 11 2020 01:,1586563200,0.16,68543
Apr 12 2020 01:,1586649600,0.161,60703
Apr 13 2020 01:,1586736000,0.155,62344
Apr 14 2020 01:,1586822400,0.154,58097
Apr 15 2020 01:,1586908800,0.153,61859
Apr 16 2020 01:,1586995200,0.156,61585
Apr 17 2020 01:,1587081600,0.156,61244
Apr 18 2020 01:,1587168000,0.155,60241
Apr 19 2020 01:,1587254400,0.151,55692
Apr 20 2020 01:,1587340800,0.146,52896
Apr 21 2020 01:,1587427200,0.144,53229
Apr 22 2020 01:,1587513600,0.138,56395
Apr 23 2020 01:,1587600000,0.135,52078
Apr 24 2020 01:,1587686400,0.135,52364
Apr 25 2020 01:,1587772800,0.138,53840
Apr 26 2020 01:,1587859200,0.136,52367
Apr 27 2020 01:,1587945600,0.136,57075
Apr 28 2020 01:,1588032000,0.137,51844
Apr 29 2020 01:,1588118400,0.138,25668
Apr 29 2020 15:,1588168800,0.137,2894
Apr 29 2020 16:,1588172400,0.137,2859
Apr 29 2020 17:,1588176000,0.141,3755
Apr 29 2020 18:,1588179600,0.14,3130
Apr 29 2020 19:,1588183200,0.141,3780
Apr 29 2020 20:,1588186800,0.137,2929
Apr 29 2020 21:,1588190400,0.138,2894
Apr 29 2020 22:,1588194000,0.14,2917
Apr 29 2020 23:,1588197600,0.131,2446
Apr 30 2020 00:,1588201200,0.14,2020
Apr 30 2020 01:,1588204800,0.14,1609
Apr 30 2020 02:,1588208400,0.135,1431
Apr 30 2020 03:,1588212000,0.14,1441
Apr 30 2020 04:,1588215600,0.143,1970
Apr 30 2020 05:,1588219200,0.149,2090
Apr 30 2020 06:,1588222800,0.15,1834
Apr 30 2020 07:,1588226400,0.15,1613
Apr 30 2020 08:,1588230000,0.142,1592
Apr 30 2020 09:,1588233600,0.138,1430
Apr 30 2020 10:,1588237200,0.138,1690
Apr 30 2020 11:,1588240800,0.138,2046
Apr 30 2020 12:,1588244400,0.135,1924
Apr 30 2020 13:,1588248000,0.137,2862
Apr 30 2020 14:,1588251600,0.145,3757
Apr 30 2020 15:,1588255200,0.139,2401
Apr 30 2020 16:,1588258800,0.15,3787
Apr 30 2020 17:,1588262400,0.15,2996
Apr 30 2020 18:,1588266000,0.15,3128
Apr 30 2020 19:,1588269600,0.149,2697
Apr 30 2020 20:,1588273200,0.141,2978
Apr 30 2020 21:,1588276800,0.141,2812
Apr 30 2020 22:,1588280400,0.137,2765
Apr 30 2020 23:,1588284000,0.14,2366
May 01 2020 00:,1588287600,0.137,1860
May 01 2020 01:,1588291200,0.149,1505
May 01 2020 02:,1588294800,0.149,1660
May 01 2020 03:,1588298400,0.15,1308
May 01 2020 04:,1588302000,0.14,1776
May 01 2020 05:,1588305600,0.15,2766
May 01 2020 06:,1588309200,0.153,2242
May 01 2020 07:,1588312800,0.154,1725
May 01 2020 08:,1588316400,0.153,1876
May 01 2020 09:,1588320000,0.153,1939
May 01 2020 10:,1588323600,0.149,1776
May 01 2020 11:,1588327200,0.15,2279
May 01 2020 12:,1588330800,0.15,2805
May 01 2020 13:,1588334400,0.143,2811
May 01 2020 14:,1588338000,0.15,3020
May 01 2020 15:,1588341600,0.15,2683
May 01 2020 16:,1588345200,0.149,2877
May 01 2020 17:,1588348800,0.149,3424
May 01 2020 18:,1588352400,0.14,2534
May 01 2020 19:,1588356000,0.141,2960
May 01 2020 20:,1588359600,0.14,3568
May 01 2020 21:,1588363200,0.139,2695
May 01 2020 22:,1588366800,0.138,2383
May 01 2020 23:,1588370400,0.139,2353
May 02 2020 00:,1588374000,0.138,1699
May 02 2020 01:,1588377600,0.138,1474
May 02 2020 02:,1588381200,0.15,2510
May 02 2020 03:,1588384800,0.15,1686
May 02 2020 04:,1588388400,0.15,2076
May 02 2020 05:,1588392000,0.15,1729
May 02 2020 06:,1588395600,0.151,1610
May 02 2020 07:,1588399200,0.151,1825
May 02 2020 08:,1588402800,0.151,1725
May 02 2020 09:,1588406400,0.148,1611
May 02 2020 10:,1588410000,0.15,2503
May 02 2020 11:,1588413600,0.137,1744
May 02 2020 12:,1588417200,0.145,2722
May 02 2020 13:,1588420800,0.143,2481
May 02 2020 14:,1588424400,0.137,2153
May 02 2020 15:,1588428000,0.143,2903
May 02 2020 16:,1588431600,0.15,2872
May 02 2020 17:,1588435200,0.151,2511
May 02 2020 18:,1588438800,0.148,2671
May 02 2020 19:,1588442400,0.143,2453
May 02 2020 20:,1588446000,0.141,2793
May 02 2020 21:,1588449600,0.143,2584
May 02 2020 22:,1588453200,0.144,3121
May 02 2020 23:,1588456800,0.143,2487
May 03 2020 00:,1588460400,0.14,1982
May 03 2020 01:,1588464000,0.147,1740
May 03 2020 02:,1588467600,0.15,1968
May 03 2020 03:,1588471200,0.15,1604
May 03 2020 04:,1588474800,0.151,2794
May 03 2020 05:,1588478400,0.15,1487
May 03 2020 06:,1588482000,0.15,1581
May 03 2020 07:,1588485600,0.154,1840
May 03 2020 08:,1588489200,0.156,1985
May 03 2020 09:,1588492800,0.153,2180
May 03 2020 10:,1588496400,0.157,1934
May 03 2020 11:,1588500000,0.149,1974
May 03 2020 12:,1588503600,0.151,2318
May 03 2020 13:,1588507200,0.151,2570
May 03 2020 14:,1588510800,0.15,2395
May 03 2020 15:,1588514400,0.152,3625
May 03 2020 16:,1588518000,0.156,3683
May 03 2020 17:,1588521600,0.154,2328
May 03 2020 18:,1588525200,0.154,3640
May 03 2020 19:,1588528800,0.151,3148
May 03 2020 20:,1588532400,0.151,2810
May 03 2020 21:,1588536000,0.15,2502
May 03 2020 22:,1588539600,0.15,2110
May 03 2020 23:,1588543200,0.15,2593
May 04 2020 00:,1588546800,0.15,1992
May 04 2020 01:,1588550400,0.15,1729
May 04 2020 02:,1588554000,0.147,1459
May 04 2020 03:,1588557600,0.158,2100
May 04 2020 04:,1588561200,0.16,1770
May 04 2020 05:,1588564800,0.16,1104
May 04 2020 06:,1588568400,0.151,1085
May 04 2020 07:,1588572000,0.164,1825
May 04 2020 08:,1588575600,0.16,1697
May 04 2020 09:,1588579200,0.149,1280
May 04 2020 10:,1588582800,0.15,1813
May 04 2020 11:,1588586400,0.158,2918
May 04 2020 12:,1588590000,0.158,2508
May 04 2020 13:,1588593600,0.147,2215
May 04 2020 14:,1588597200,0.151,2622
May 04 2020 15:,1588600800,0.147,2401
May 04 2020 16:,1588604400,0.154,2887
May 04 2020 17:,1588608000,0.157,2372
May 04 2020 18:,1588611600,0.153,2497
May 04 2020 19:,1588615200,0.153,2528
May 04 2020 20:,1588618800,0.15,2397
May 04 2020 21:,1588622400,0.15,2407
May 04 2020 22:,1588626000,0.149,2665
May 04 2020 23:,1588629600,0.151,2219
May 05 2020 00:,1588633200,0.149,1542
May 05 2020 01:,1588636800,0.146,1590
May 05 2020 02:,1588640400,0.15,1369
May 05 2020 03:,1588644000,0.154,1605
May 05 2020 04:,1588647600,0.16,1574
May 05 2020 05:,1588651200,0.158,1371
May 05 2020 06:,1588654800,0.156,1229
May 05 2020 07:,1588658400,0.153,1264
May 05 2020 08:,1588662000,0.158,1540
May 05 2020 09:,1588665600,0.153,1858
May 05 2020 10:,1588669200,0.15,1810
May 05 2020 11:,1588672800,0.148,2152
May 05 2020 12:,1588676400,0.152,2308
May 05 2020 13:,1588680000,0.152,2633
May 05 2020 14:,1588683600,0.151,2453
May 05 2020 15:,1588687200,0.15,2161
May 05 2020 16:,1588690800,0.163,3538
May 05 2020 17:,1588694400,0.16,3172
May 05 2020 18:,1588698000,0.16,2904
May 05 2020 19:,1588701600,0.158,2817
May 05 2020 20:,1588705200,0.152,2386
May 05 2020 21:,1588708800,0.156,2652
May 05 2020 22:,1588712400,0.151,2636
May 05 2020 23:,1588716000,0.15,2181
May 06 2020 00:,1588719600,0.15,1748
May 06 2020 01:,1588723200,0.158,1810
May 06 2020 02:,1588726800,0.154,1902
May 06 2020 03:,1588730400,0.158,1477
May 06 2020 04:,1588734000,0.16,1322
May 06 2020 05:,1588737600,0.16,1587
May 06 2020 06:,1588741200,0.163,1693
May 06 2020 07:,1588744800,0.158,1842
May 06 2020 08:,1588748400,0.163,1999
May 06 2020 09:,1588752000,0.161,2291
May 06 2020 10:,1588755600,0.154,1869
May 06 2020 11:,1588759200,0.148,1742
May 06 2020 12:,1588762800,0.15,2301
May 06 2020 13:,1588766400,0.148,2425
May 06 2020 14:,1588770000,0.149,2503
May 06 2020 15:,1588773600,0.152,3185
May 06 2020 16:,1588777200,0.163,4408
May 06 2020 17:,1588780800,0.165,4140
May 06 2020 18:,1588784400,0.165,3832
May 06 2020 19:,1588788000,0.165,3717
May 06 2020 20:,1588791600,0.162,2984
May 06 2020 21:,1588795200,0.147,2548
May 06 2020 22:,1588798800,0.148,2172
May 06 2020 23:,1588802400,0.148,1790
May 07 2020 00:,1588806000,0.152,1807
May 07 2020 01:,1588809600,0.155,1926
May 07 2020 02:,1588813200,0.162,1950
May 07 2020 03:,1588816800,0.162,1234
May 07 2020 04:,1588820400,0.167,1671
May 07 2020 05:,1588824000,0.169,1864
May 07 2020 06:,1588827600,0.169,2261
May 07 2020 07:,1588831200,0.17,2621
May 07 2020 08:,1588834800,0.17,2497
May 07 2020 09:,1588838400,0.163,1930
May 07 2020 10:,1588842000,0.162,1683
May 07 2020 11:,1588845600,0.164,2607
May 07 2020 12:,1588849200,0.162,2115
May 07 2020 13:,1588852800,0.162,2709
May 07 2020 14:,1588856400,0.165,2825
May 07 2020 15:,1588860000,0.165,2924
May 07 2020 16:,1588863600,0.173,4359
May 07 2020 17:,1588867200,0.173,4306
May 07 2020 18:,1588870800,0.173,4039
May 07 2020 19:,1588874400,0.174,3966
May 07 2020 20:,1588878000,0.173,3006
May 07 2020 21:,1588881600,0.172,2357
May 07 2020 22:,1588885200,0.17,2513
May 07 2020 23:,1588888800,0.17,2181
May 08 2020 00:,1588892400,0.172,2576
May 08 2020 01:,1588896000,0.172,1877
May 08 2020 02:,1588899600,0.172,1581
May 08 2020 03:,1588903200,0.172,1480
May 08 2020 04:,1588906800,0.18,2121
May 08 2020 05:,1588910400,0.183,1921
May 08 2020 06:,1588914000,0.185,1787
May 08 2020 07:,1588917600,0.184,1992
May 08 2020 08:,1588921200,0.18,1955
May 08 2020 09:,1588924800,0.183,2735
May 08 2020 10:,1588928400,0.183,2480
May 08 2020 11:,1588932000,0.18,2586
May 08 2020 12:,1588935600,0.172,2115
May 08 2020 13:,1588939200,0.177,2777
May 08 2020 14:,1588942800,0.18,3013
May 08 2020 15:,1588946400,0.178,2887
May 08 2020 16:,1588950000,0.183,4218
May 08 2020 17:,1588953600,0.183,3693
May 08 2020 18:,1588957200,0.183,3013
May 08 2020 19:,1588960800,0.183,2894
May 08 2020 20:,1588964400,0.17,2612
May 08 2020 21:,1588968000,0.173,2444
May 08 2020 22:,1588971600,0.17,2380
May 08 2020 23:,1588975200,0.17,2233
May 09 2020 00:,1588978800,0.174,1871
May 09 2020 01:,1588982400,0.17,1626
May 09 2020 02:,1588986000,0.18,1846
May 09 2020 03:,1588989600,0.18,1423
May 09 2020 04:,1588993200,0.185,2109
May 09 2020 05:,1588996800,0.185,1817
May 09 2020 06:,1589000400,0.188,2626
May 09 2020 07:,1589004000,0.188,1662
May 09 2020 08:,1589007600,0.188,2115
May 09 2020 09:,1589011200,0.186,1941
May 09 2020 10:,1589014800,0.185,1787
May 09 2020 11:,1589018400,0.186,2419
May 09 2020 12:,1589022000,0.19,3319
May 09 2020 13:,1589025600,0.185,2868
May 09 2020 14:,1589029200,0.184,3253
May 09 2020 15:,1589032800,0.19,3897
May 09 2020 16:,1589036400,0.19,3741
May 09 2020 17:,1589040000,0.188,3702
May 09 2020 18:,1589043600,0.19,3698
May 09 2020 19:,1589047200,0.193,4066
May 09 2020 20:,1589050800,0.184,2879
May 09 2020 21:,1589054400,0.184,3383
May 09 2020 22:,1589058000,0.182,2454
May 09 2020 23:,1589061600,0.18,2032
May 10 2020 00:,1589065200,0.184,2162
May 10 2020 01:,1589068800,0.184,1659
May 10 2020 02:,1589072400,0.185,1819
May 10 2020 03:,1589076000,0.186,1733
May 10 2020 04:,1589079600,0.185,1285
May 10 2020 05:,1589083200,0.19,1630
May 10 2020 06:,1589086800,0.196,1868
May 10 2020 07:,1589090400,0.193,1704
May 10 2020 08:,1589094000,0.189,1636
May 10 2020 09:,1589097600,0.19,2589
May 10 2020 10:,1589101200,0.189,2474
May 10 2020 11:,1589104800,0.184,1975
May 10 2020 12:,1589108400,0.187,2518
May 10 2020 13:,1589112000,0.184,2563
May 10 2020 14:,1589115600,0.184,2823
May 10 2020 15:,1589119200,0.185,2605
May 10 2020 16:,1589122800,0.185,2673
May 10 2020 17:,1589126400,0.191,4395
May 10 2020 18:,1589130000,0.189,3641
May 10 2020 19:,1589133600,0.184,2462
May 10 2020 20:,1589137200,0.184,2832
May 10 2020 21:,1589140800,0.176,2201
May 10 2020 22:,1589144400,0.173,2299
May 10 2020 23:,1589148000,0.172,2090
May 11 2020 00:,1589151600,0.172,1634
May 11 2020 01:,1589155200,0.172,1522
May 11 2020 02:,1589158800,0.184,2192
May 11 2020 03:,1589162400,0.18,1234
May 11 2020 04:,1589166000,0.181,1313
May 11 2020 05:,1589169600,0.186,1713
May 11 2020 06:,1589173200,0.188,2455
May 11 2020 07:,1589176800,0.186,1921
May 11 2020 08:,1589180400,0.185,1974
May 11 2020 09:,1589184000,0.184,2074
May 11 2020 10:,1589187600,0.184,2487
May 11 2020 11:,1589191200,0.175,1808
May 11 2020 12:,1589194800,0.178,2131
May 11 2020 13:,1589198400,0.174,2478
May 11 2020 14:,1589202000,0.184,2816
May 11 2020 15:,1589205600,0.189,4673
May 11 2020 16:,1589209200,0.186,3391
May 11 2020 17:,1589212800,0.186,3891
May 11 2020 18:,1589216400,0.186,3074
May 11 2020 19:,1589220000,0.178,2521
May 11 2020 20:,1589223600,0.173,2325
May 11 2020 21:,1589227200,0.173,3623
May 11 2020 22:,1589230800,0.174,2538
May 11 2020 23:,1589234400,0.171,1759
May 12 2020 00:,1589238000,0.17,1739
May 12 2020 01:,1589241600,0.17,1772
May 12 2020 02:,1589245200,0.18,1414
May 12 2020 03:,1589248800,0.179,1651
May 12 2020 04:,1589252400,0.175,1358
May 12 2020 05:,1589256000,0.18,1683
May 12 2020 06:,1589259600,0.18,1182
May 12 2020 07:,1589263200,0.179,1606
May 12 2020 08:,1589266800,0.186,2725
May 12 2020 09:,1589270400,0.186,2804
May 12 2020 10:,1589274000,0.188,2087
May 12 2020 11:,1589277600,0.189,2557
May 12 2020 12:,1589281200,0.183,2293
May 12 2020 13:,1589284800,0.175,2251
May 12 2020 14:,1589288400,0.175,2245
May 12 2020 15:,1589292000,0.177,2535
May 12 2020 16:,1589295600,0.173,2252
May 12 2020 17:,1589299200,0.179,3153
May 12 2020 18:,1589302800,0.175,2842
May 12 2020 19:,1589306400,0.173,2752
May 12 2020 20:,1589310000,0.169,2171
May 12 2020 21:,1589313600,0.171,2429
May 12 2020 22:,1589317200,0.164,2019
May 12 2020 23:,1589320800,0.163,1595
May 13 2020 00:,1589324400,0.17,1655
May 13 2020 01:,1589328000,0.178,1345
May 13 2020 02:,1589331600,0.171,1427
May 13 2020 03:,1589335200,0.179,1525
May 13 2020 04:,1589338800,0.185,1269
May 13 2020 05:,1589342400,0.183,943
May 13 2020 06:,1589346000,0.188,1685
May 13 2020 07:,1589349600,0.19,2141
May 13 2020 08:,1589353200,0.193,2141
May 13 2020 09:,1589356800,0.188,1828
May 13 2020 10:,1589360400,0.186,1895
May 13 2020 11:,1589364000,0.195,2275
May 13 2020 12:,1589367600,0.195,3084
May 13 2020 13:,1589371200,0.188,2551
May 13 2020 14:,1589374800,0.188,2613
May 13 2020 15:,1589378400,0.188,2989
May 13 2020 16:,1589382000,0.186,2659
May 13 2020 17:,1589385600,0.19,3208
May 13 2020 18:,1589389200,0.188,2916
May 13 2020 19:,1589392800,0.185,2511
May 13 2020 20:,1589396400,0.19,3219
May 13 2020 21:,1589400000,0.186,2512
May 13 2020 22:,1589403600,0.19,2935
May 13 2020 23:,1589407200,0.19,2228
May 14 2020 00:,1589410800,0.182,1682
May 14 2020 01:,1589414400,0.186,1877
May 14 2020 02:,1589418000,0.186,1515
May 14 2020 03:,1589421600,0.186,1659
May 14 2020 04:,1589425200,0.196,1467
May 14 2020 05:,1589428800,0.19,981
May 14 2020 06:,1589432400,0.196,1430
May 14 2020 07:,1589436000,0.197,2085
May 14 2020 08:,1589439600,0.199,2668
May 14 2020 09:,1589443200,0.192,2157
May 14 2020 10:,1589446800,0.194,2175
May 14 2020 11:,1589450400,0.188,1882
May 14 2020 12:,1589454000,0.188,2648
May 14 2020 13:,1589457600,0.188,2463
May 14 2020 14:,1589461200,0.19,2891
May 14 2020 15:,1589464800,0.189,3082
May 14 2020 16:,1589468400,0.194,3009
May 14 2020 17:,1589472000,0.195,3152
May 14 2020 18:,1589475600,0.196,3662
May 14 2020 19:,1589479200,0.186,2742
May 14 2020 20:,1589482800,0.186,2761
May 14 2020 21:,1589486400,0.183,2157
May 14 2020 22:,1589490000,0.18,1792
May 14 2020 23:,1589493600,0.18,1997
May 15 2020 00:,1589497200,0.181,1785
May 15 2020 01:,1589500800,0.183,1517
May 15 2020 02:,1589504400,0.18,1196
May 15 2020 03:,1589508000,0.184,1443
May 15 2020 04:,1589511600,0.186,1189
May 15 2020 05:,1589515200,0.184,902
May 15 2020 06:,1589518800,0.194,1705
May 15 2020 07:,1589522400,0.194,1598
May 15 2020 08:,1589526000,0.19,1515
May 15 2020 09:,1589529600,0.186,1623
May 15 2020 10:,1589533200,0.195,2934
May 15 2020 11:,1589536800,0.194,2619
May 15 2020 12:,1589540400,0.19,2198
May 15 2020 13:,1589544000,0.188,2921
May 15 2020 14:,1589547600,0.188,3221
May 15 2020 15:,1589551200,0.194,3573
May 15 2020 16:,1589554800,0.194,3400
May 15 2020 17:,1589558400,0.194,3204
May 15 2020 18:,1589562000,0.194,2624
May 15 2020 19:,1589565600,0.19,2900
May 15 2020 20:,1589569200,0.19,2642
May 15 2020 21:,1589572800,0.19,2652
May 15 2020 22:,1589576400,0.19,2188
May 15 2020 23:,1589580000,0.184,2404
May 16 2020 00:,1589583600,0.186,1795
May 16 2020 01:,1589587200,0.19,1888
May 16 2020 02:,1589590800,0.193,2057
May 16 2020 03:,1589594400,0.198,1542
May 16 2020 04:,1589598000,0.2,2370
May 16 2020 05:,1589601600,0.2,1663
May 16 2020 06:,1589605200,0.2,1457
May 16 2020 07:,1589608800,0.2,1529
May 16 2020 08:,1589612400,0.2,1876
May 16 2020 09:,1589616000,0.199,1903
May 16 2020 10:,1589619600,0.195,1394
May 16 2020 11:,1589623200,0.195,1955
May 16 2020 12:,1589626800,0.2,2349
May 16 2020 13:,1589630400,0.2,2427
May 16 2020 14:,1589634000,0.204,2962
May 16 2020 15:,1589637600,0.203,2694
May 16 2020 16:,1589641200,0.201,2755
May 16 2020 17:,1589644800,0.204,3038
May 16 2020 18:,1589648400,0.2,2662
May 16 2020 19:,1589652000,0.201,2736
May 16 2020 20:,1589655600,0.195,2148
May 16 2020 21:,1589659200,0.195,2340
May 16 2020 22:,1589662800,0.19,2522
May 16 2020 23:,1589666400,0.184,1710
May 17 2020 00:,1589670000,0.195,2189
May 17 2020 01:,1589673600,0.197,1277
May 17 2020 02:,1589677200,0.2,1304
May 17 2020 03:,1589680800,0.2,1391
May 17 2020 04:,1589684400,0.207,1488
May 17 2020 05:,1589688000,0.206,1424
May 17 2020 06:,1589691600,0.21,1669
May 17 2020 07:,1589695200,0.207,1560
May 17 2020 08:,1589698800,0.211,2153
May 17 2020 09:,1589702400,0.21,2529
May 17 2020 10:,1589706000,0.209,2886
May 17 2020 11:,1589709600,0.206,2404
May 17 2020 12:,1589713200,0.202,2417
May 17 2020 13:,1589716800,0.199,1753
May 17 2020 14:,1589720400,0.205,2830
May 17 2020 15:,1589724000,0.206,2856
May 17 2020 16:,1589727600,0.211,3233
May 17 2020 17:,1589731200,0.206,2505
May 17 2020 18:,1589734800,0.207,3198
May 17 2020 19:,1589738400,0.207,3130
May 17 2020 20:,1589742000,0.2,2275
May 17 2020 21:,1589745600,0.205,2149
May 17 2020 22:,1589749200,0.19,1826
May 17 2020 23:,1589752800,0.19,2234
May 18 2020 00:,1589756400,0.195,1438
May 18 2020 01:,1589760000,0.205,1301
May 18 2020 02:,1589763600,0.199,1250
May 18 2020 03:,1589767200,0.2,975
May 18 2020 04:,1589770800,0.21,1104
May 18 2020 05:,1589774400,0.21,1110
May 18 2020 06:,1589778000,0.211,1358
May 18 2020 07:,1589781600,0.214,1825
May 18 2020 08:,1589785200,0.207,1446
May 18 2020 09:,1589788800,0.217,2249
May 18 2020 10:,1589792400,0.214,2214
May 18 2020 11:,1589796000,0.211,2098
May 18 2020 12:,1589799600,0.212,2674
May 18 2020 13:,1589803200,0.211,2543
May 18 2020 14:,1589806800,0.207,2640
May 18 2020 15:,1589810400,0.217,3319
May 18 2020 16:,1589814000,0.212,2612
May 18 2020 17:,1589817600,0.22,4048
May 18 2020 18:,1589821200,0.217,2594
May 18 2020 19:,1589824800,0.207,2582
May 18 2020 20:,1589828400,0.204,2056
May 18 2020 21:,1589832000,0.204,2282
May 18 2020 22:,1589835600,0.203,2211
May 18 2020 23:,1589839200,0.206,1793
May 19 2020 00:,1589842800,0.21,1672
May 19 2020 01:,1589846400,0.208,1369
May 19 2020 02:,1589850000,0.221,1697
May 19 2020 03:,1589853600,0.218,1217
May 19 2020 04:,1589857200,0.22,1390
May 19 2020 05:,1589860800,0.219,1159
May 19 2020 06:,1589864400,0.222,2348
May 19 2020 07:,1589868000,0.222,2079
May 19 2020 08:,1589871600,0.221,1362
May 19 2020 09:,1589875200,0.218,1494
May 19 2020 10:,1589878800,0.216,1556
May 19 2020 11:,1589882400,0.218,2516
May 19 2020 12:,1589886000,0.221,2041
May 19 2020 13:,1589889600,0.218,2148
May 19 2020 14:,1589893200,0.214,1832
May 19 2020 15:,1589896800,0.217,2500
May 19 2020 16:,1589900400,0.217,2275
May 19 2020 17:,1589904000,0.222,3050
May 19 2020 18:,1589907600,0.218,2632
May 19 2020 19:,1589911200,0.214,2338
May 19 2020 20:,1589914800,0.217,2615
May 19 2020 21:,1589918400,0.208,1822
May 19 2020 22:,1589922000,0.21,2256
May 19 2020 23:,1589925600,0.214,1514
May 20 2020 00:,1589929200,0.228,1011
May 20 2020 01:,1589932800,0.21,1247
May 20 2020 02:,1589936400,0.219,1251
May 20 2020 03:,1589940000,0.23,1422
May 20 2020 04:,1589943600,0.231,1338
May 20 2020 05:,1589947200,0.23,1471
May 20 2020 06:,1589950800,0.233,2482
May 20 2020 07:,1589954400,0.23,1481
May 20 2020 08:,1589958000,0.221,1179
May 20 2020 09:,1589961600,0.235,2278
May 20 2020 10:,1589965200,0.219,1531
May 20 2020 11:,1589968800,0.229,2107
May 20 2020 12:,1589972400,0.231,2183
May 20 2020 13:,1589976000,0.219,1910
May 20 2020 14:,1589979600,0.229,3063
May 20 2020 15:,1589983200,0.232,3451
May 20 2020 16:,1589986800,0.232,3125
May 20 2020 17:,1589990400,0.231,3066
May 20 2020 18:,1589994000,0.229,2696
May 20 2020 19:,1589997600,0.23,2691
May 20 2020 20:,1590001200,0.22,2409
May 20 2020 21:,1590004800,0.23,2802
May 20 2020 22:,1590008400,0.222,1985
May 20 2020 23:,1590012000,0.215,1398
May 21 2020 00:,1590015600,0.219,1523
May 21 2020 01:,1590019200,0.23,1604
May 21 2020 02:,1590022800,0.223,1311
May 21 2020 03:,1590026400,0.23,1159
May 21 2020 04:,1590030000,0.233,1594
May 21 2020 05:,1590033600,0.239,1563
May 21 2020 06:,1590037200,0.243,3303
May 21 2020 07:,1590040800,0.245,3834
May 21 2020 08:,1590044400,0.245,1827
May 21 2020 09:,1590048000,0.245,2231
May 21 2020 10:,1590051600,0.243,2531
May 21 2020 11:,1590055200,0.246,2878
May 21 2020 12:,1590058800,0.25,2832
May 21 2020 13:,1590062400,0.25,2834
May 21 2020 14:,1590066000,0.25,3143
May 21 2020 15:,1590069600,0.25,3253
May 21 2020 16:,1590073200,0.249,2608
May 21 2020 17:,1590076800,0.252,4463
May 21 2020 18:,1590080400,0.26,5934
May 21 2020 19:,1590084000,0.259,3016
May 21 2020 20:,1590087600,0.265,3562
May 21 2020 21:,1590091200,0.263,2538
May 21 2020 22:,1590094800,0.26,2440
May 21 2020 23:,1590098400,0.252,1546
May 22 2020 00:,1590102000,0.252,1785
May 22 2020 01:,1590105600,0.26,1646
May 22 2020 02:,1590109200,0.259,1573
May 22 2020 03:,1590112800,0.266,1754
May 22 2020 04:,1590116400,0.27,2154
May 22 2020 05:,1590120000,0.274,2754
May 22 2020 06:,1590123600,0.285,2466
May 22 2020 07:,1590127200,0.277,4016
May 22 2020 08:,1590130800,0.28,3020
May 22 2020 09:,1590134400,0.285,5183
May 22 2020 10:,1590138000,0.294,3042
May 22 2020 11:,1590141600,0.298,3742
May 22 2020 12:,1590145200,0.304,4296
May 22 2020 13:,1590148800,0.309,3454
May 22 2020 14:,1590152400,0.314,4045
May 22 2020 15:,1590156000,0.319,4845
May 22 2020 16:,1590159600,0.318,6418
May 22 2020 17:,1590163200,0.317,4105
May 22 2020 18:,1590166800,0.318,3641
May 22 2020 19:,1590170400,0.31,4022
May 22 2020 20:,1590174000,0.303,3189
May 22 2020 21:,1590177600,0.291,2238
May 22 2020 22:,1590181200,0.283,2830
May 22 2020 23:,1590184800,0.269,2291
May 23 2020 00:,1590188400,0.274,1852
May 23 2020 01:,1590192000,0.28,1745
May 23 2020 02:,1590195600,0.284,1505
May 23 2020 03:,1590199200,0.29,1046
May 23 2020 04:,1590202800,0.302,1670
May 23 2020 05:,1590206400,0.304,2029
May 23 2020 06:,1590210000,0.313,2026
May 23 2020 07:,1590213600,0.31,1376
May 23 2020 08:,1590217200,0.315,2220
May 23 2020 09:,1590220800,0.311,1438
May 23 2020 10:,1590224400,0.309,2338
May 23 2020 11:,1590228000,0.307,2547
May 23 2020 12:,1590231600,0.308,2918
May 23 2020 13:,1590235200,0.304,2501
May 23 2020 14:,1590238800,0.295,2820
May 23 2020 15:,1590242400,0.297,2560
May 23 2020 16:,1590246000,0.282,2394
May 23 2020 17:,1590249600,0.293,2811
May 23 2020 18:,1590253200,0.291,2681
May 23 2020 19:,1590256800,0.287,3372
May 23 2020 20:,1590260400,0.285,3155
May 23 2020 21:,1590264000,0.285,2390
May 23 2020 22:,1590267600,0.285,2648
May 23 2020 23:,1590271200,0.281,2170
May 24 2020 00:,1590274800,0.28,1793
May 24 2020 01:,1590278400,0.277,1800
May 24 2020 02:,1590282000,0.294,1807
May 24 2020 03:,1590285600,0.3,2500
May 24 2020 04:,1590289200,0.292,1424
May 24 2020 05:,1590292800,0.3,1725
May 24 2020 06:,1590296400,0.311,2251
May 24 2020 07:,1590300000,0.309,1989
May 24 2020 08:,1590303600,0.306,2534
May 24 2020 09:,1590307200,0.309,2086
May 24 2020 10:,1590310800,0.299,1624
May 24 2020 11:,1590314400,0.287,2188
May 24 2020 12:,1590318000,0.289,2002
May 24 2020 13:,1590321600,0.286,2306
May 24 2020 14:,1590325200,0.291,2769
May 24 2020 15:,1590328800,0.285,2856
May 24 2020 16:,1590332400,0.283,2623
May 24 2020 17:,1590336000,0.28,2842
May 24 2020 18:,1590339600,0.287,3169
May 24 2020 19:,1590343200,0.274,2512
May 24 2020 20:,1590346800,0.264,2275
May 24 2020 21:,1590350400,0.263,2903
May 24 2020 22:,1590354000,0.263,2428
May 24 2020 23:,1590357600,0.254,2345
May 25 2020 00:,1590361200,0.253,2223
May 25 2020 01:,1590364800,0.25,1669
May 25 2020 02:,1590368400,0.263,2338
May 25 2020 03:,1590372000,0.264,1278
May 25 2020 04:,1590375600,0.266,1601
May 25 2020 05:,1590379200,0.275,1981
May 25 2020 06:,1590382800,0.275,1105
May 25 2020 07:,1590386400,0.28,1680
May 25 2020 08:,1590390000,0.285,1775
May 25 2020 09:,1590393600,0.28,2168
May 25 2020 10:,1590397200,0.281,2205
May 25 2020 11:,1590400800,0.277,1982
May 25 2020 12:,1590404400,0.252,1640
May 25 2020 13:,1590408000,0.261,2156
May 25 2020 14:,1590411600,0.26,2519
May 25 2020 15:,1590415200,0.259,2798
May 25 2020 16:,1590418800,0.276,2754
May 25 2020 17:,1590422400,0.278,3419
May 25 2020 18:,1590426000,0.26,2888
May 25 2020 19:,1590429600,0.252,2820
May 25 2020 20:,1590433200,0.243,2124
May 25 2020 21:,1590436800,0.252,251
May 25 2020 22:,1590440400,0.244,1383
May 25 2020 23:,1590444000,0.23,2372
May 26 2020 00:,1590447600,0.23,2119
May 26 2020 01:,1590451200,0.232,1891
May 26 2020 02:,1590454800,0.24,1582
May 26 2020 03:,1590458400,0.243,1600
May 26 2020 04:,1590462000,0.242,1692
May 26 2020 05:,1590465600,0.263,2747
May 26 2020 06:,1590469200,0.253,1704
May 26 2020 07:,1590472800,0.25,1643
May 26 2020 08:,1590476400,0.24,2784
May 26 2020 09:,1590480000,0.245,2908
May 26 2020 10:,1590483600,0.232,2219
May 26 2020 11:,1590487200,0.236,2636
May 26 2020 12:,1590490800,0.226,2632
May 26 2020 13:,1590494400,0.229,2433
May 26 2020 14:,1590498000,0.239,2493
May 26 2020 15:,1590501600,0.251,2497
May 26 2020 16:,1590505200,0.252,2273
May 26 2020 17:,1590508800,0.252,2485
May 26 2020 18:,1590512400,0.252,2334
May 26 2020 19:,1590516000,0.25,2852
May 26 2020 20:,1590519600,0.243,1963
May 26 2020 21:,1590523200,0.23,2263
May 26 2020 22:,1590526800,0.238,2076
May 26 2020 23:,1590530400,0.242,1273
May 27 2020 00:,1590534000,0.246,1721
May 27 2020 01:,1590537600,0.24,1253
May 27 2020 02:,1590541200,0.25,1172
May 27 2020 03:,1590544800,0.27,2585
May 27 2020 04:,1590548400,0.265,1293
May 27 2020 05:,1590552000,0.27,1543
May 27 2020 06:,1590555600,0.276,1641
May 27 2020 07:,1590559200,0.277,1557
May 27 2020 08:,1590562800,0.277,1918
May 27 2020 09:,1590566400,0.28,1431
May 27 2020 10:,1590570000,0.271,2218
May 27 2020 11:,1590573600,0.251,1880
May 27 2020 12:,1590577200,0.246,2031
May 27 2020 13:,1590580800,0.252,2327
May 27 2020 14:,1590584400,0.252,2472
May 27 2020 15:,1590588000,0.264,2686
May 27 2020 16:,1590591600,0.261,2502
May 27 2020 17:,1590595200,0.277,2305
May 27 2020 18:,1590598800,0.28,2741
May 27 2020 19:,1590602400,0.274,2481
May 27 2020 20:,1590606000,0.274,2228
May 27 2020 21:,1590609600,0.268,2153
May 27 2020 22:,1590613200,0.26,1839
May 27 2020 23:,1590616800,0.257,1508
May 28 2020 00:,1590620400,0.263,1430
May 28 2020 01:,1590624000,0.27,1335
May 28 2020 02:,1590627600,0.276,1078
May 28 2020 03:,1590631200,0.272,1317
May 28 2020 04:,1590634800,0.286,1585
May 28 2020 05:,1590638400,0.29,1390
May 28 2020 06:,1590642000,0.282,1294
May 28 2020 07:,1590645600,0.284,1204
May 28 2020 08:,1590649200,0.297,2779
May 28 2020 09:,1590652800,0.286,1610
May 28 2020 10:,1590656400,0.291,1983
May 28 2020 11:,1590660000,0.275,1802
May 28 2020 12:,1590663600,0.279,2110
May 28 2020 13:,1590667200,0.286,2582
May 28 2020 14:,1590670800,0.286,2216
May 28 2020 15:,1590674400,0.297,2829
May 28 2020 16:,1590678000,0.3,2806
May 28 2020 17:,1590681600,0.304,3621
May 28 2020 18:,1590685200,0.3,2541
May 28 2020 19:,1590688800,0.29,2556
May 28 2020 20:,1590692400,0.29,2225
May 28 2020 21:,1590696000,0.29,2189
May 28 2020 22:,1590699600,0.29,1970
May 28 2020 23:,1590703200,0.29,1802
May 29 2020 00:,1590706800,0.291,1458
May 29 2020 01:,1590710400,0.298,1219
May 29 2020 02:,1590714000,0.292,1129
May 29 2020 03:,1590717600,0.31,1829
May 29 2020 04:,1590721200,0.31,1530
May 29 2020 05:,1590724800,0.305,1412
May 29 2020 06:,1590728400,0.3,1093
May 29 2020 07:,1590732000,0.302,1443
May 29 2020 08:,1590735600,0.306,1538
May 29 2020 09:,1590739200,0.292,1516
May 29 2020 10:,1590742800,0.308,2256
May 29 2020 11:,1590746400,0.296,1657
May 29 2020 12:,1590750000,0.298,1925
May 29 2020 13:,1590753600.0,0.28699999999999998,2028.0
May 29 2020 14:,1590757200.0,0.29199999999999998,1984.0
May 29 2020 15:,1590760800.0,0.29199999999999998,2183.0
May 29 2020 16:,1590764400.0,0.30099999999999999,2947.0
May 29 2020 17:,1590768000.0,0.30499999999999999,3013.0
May 29 2020 18:,1590771600.0,0.29799999999999999,2486.0
May 29 2020 19:,1590775200.0,0.29799999999999999,2313.0
May 29 2020 20:,1590778800.0,0.28899999999999998,2385.0
May 29 2020 21:,1590782400.0,0.28499999999999998,2096.0
May 29 2020 22:,1590786000.0,0.29299999999999998,2090.0
May 29 2020 23:,1590789600.0,0.28899999999999998,1696.0
May 30 2020 00:,1590793200.0,0.28899999999999998,1228.0
May 30 2020 01:,1590796800.0,0.28999999999999998,1388.0
May 30 2020 02:,1590800400.0,0.29699999999999999,1215.0
May 30 2020 03:,1590804000.0,0.29299999999999998,1058.0
May 30 2020 04:,1590807600.0,0.29999999999999999,1538.0
May 30 2020 05:,1590811200.0,0.29799999999999999,1187.0
May 30 2020 06:,1590814800.0,0.308,1168.0
May 30 2020 07:,1590818400.0,0.312,2167.0
May 30 2020 08:,1590822000.0,0.31,1918.0
May 30 2020 09:,1590825600.0,0.29999999999999999,1500.0
May 30 2020 10:,1590829200.0,0.29599999999999999,1401.0
May 30 2020 11:,1590832800.0,0.29999999999999999,1926.0
May 30 2020 12:,1590836400.0,0.29799999999999999,2030.0
May 30 2020 13:,1590840000.0,0.308,2788.0
May 30 2020 14:,1590843600.0,0.29699999999999999,2060.0
May 30 2020 15:,1590847200.0,0.29799999999999999,1984.0
May 30 2020 16:,1590850800.0,0.29999999999999999,3240.0
May 30 2020 17:,1590854400.0,0.311,3089.0
May 30 2020 18:,1590858000.0,0.31,2910.0
May 30 2020 19:,1590861600.0,0.28999999999999998,2270.0
May 30 2020 20:,1590865200.0,0.30599999999999999,2596.0
May 30 2020 21:,1590868800.0,0.28199999999999997,2207.0
May 30 2020 22:,1590872400.0,0.28000000000000003,1940.0
May 30 2020 23:,1590876000.0,0.29199999999999998,1841.0
May 31 2020 00:,1590879600.0,0.29999999999999999,1933.0
May 31 2020 01:,1590883200.0,0.29999999999999999,1517.0
May 31 2020 02:,1590886800.0,0.29999999999999999,1323.0
May 31 2020 03:,1590890400.0,0.31,2139.0
May 31 2020 04:,1590894000.0,0.311,1557.0
May 31 2020 05:,1590897600.0,0.311,1435.0
May 31 2020 06:,1590901200.0,0.311,1487.0
May 31 2020 07:,1590904800.0,0.316,2870.0
May 31 2020 08:,1590908400.0,0.311,2886.0
May 31 2020 09:,1590912000.0,0.316,3301.0
May 31 2020 10:,1590915600.0,0.318,2811.0
May 31 2020 11:,1590919200.0,0.315,2550.0
May 31 2020 12:,1590922800.0,0.318,2961.0
May 31 2020 13:,1590926400.0,0.312,2815.0
May 31 2020 14:,1590930000.0,0.29999999999999999,2130.0
May 31 2020 15:,1590933600.0,0.308,2740.0
May 31 2020 16:,1590937200.0,0.311,3056.0
May 31 2020 17:,1590940800.0,0.32000000000000001,4352.0
May 31 2020 18:,1590944400.0,0.32000000000000001,6406.0
May 31 2020 19:,1590948000.0,0.308,2487.0
May 31 2020 20:,1590951600.0,0.311,2721.0
May 31 2020 21:,1590955200.0,0.308,2211.0
May 31 2020 22:,1590958800.0,0.308,2170.0
May 31 2020 23:,1590962400.0,0.29999999999999999,1794.0
Jun 01 2020 00:,1590966000.0,0.29999999999999999,1201.0
Jun 01 2020 01:,1590969600.0,0.29999999999999999,1180.0
Jun 01 2020 02:,1590973200.0,0.31,1680.0
Jun 01 2020 03:,1590976800.0,0.32300000000000001,2613.0
Jun 01 2020 04:,1590980400.0,0.32500000000000001,2736.0
Jun 01 2020 05:,1590984000.0,0.32700000000000001,1865.0
Jun 01 2020 06:,1590987600.0,0.32500000000000001,1211.0
Jun 01 2020 07:,1590991200.0,0.32000000000000001,1510.0
Jun 01 2020 08:,1590994800.0,0.32300000000000001,1904.0
Jun 01 2020 09:,1590998400.0,0.32500000000000001,1842.0
Jun 01 2020 10:,1591002000.0,0.33300000000000002,4155.0
Jun 01 2020 11:,1591005600.0,0.33400000000000002,5093.0
Jun 01 2020 12:,1591009200.0,0.34000000000000002,3346.0
Jun 01 2020 13:,1591012800.0,0.34399999999999997,4259.0
Jun 01 2020 14:,1591016400.0,0.34399999999999997,3126.0
Jun 01 2020 15:,1591020000.0,0.34399999999999997,2908.0
Jun 01 2020 16:,1591023600.0,0.34399999999999997,2974.0
Jun 01 2020 17:,1591027200.0,0.35399999999999998,2910.0
Jun 01 2020 18:,1591030800.0,0.35099999999999998,3237.0
Jun 01 2020 19:,1591034400.0,0.35799999999999998,3203.0
Jun 01 2020 20:,1591038000.0,0.36699999999999999,3749.0
Jun 01 2020 21:,1591041600.0,0.35999999999999999,2678.0
Jun 01 2020 22:,1591045200.0,0.35499999999999998,2036.0
Jun 01 2020 23:,1591048800.0,0.34999999999999998,1738.0
Jun 02 2020 00:,1591052400.0,0.34999999999999998,1655.0
Jun 02 2020 01:,1591056000.0,0.35999999999999999,1406.0
Jun 02 2020 02:,1591059600.0,0.371,1207.0
Jun 02 2020 03:,1591063200.0,0.38,1417.0
Jun 02 2020 04:,1591066800.0,0.38200000000000001,2149.0
Jun 02 2020 05:,1591070400.0,0.38800000000000001,2524.0
Jun 02 2020 06:,1591074000.0,0.39300000000000002,2336.0
Jun 02 2020 07:,1591077600.0,0.39300000000000002,1961.0
Jun 02 2020 08:,1591081200.0,0.39600000000000002,1724.0
Jun 02 2020 09:,1591084800.0,0.40200000000000002,2461.0
Jun 02 2020 10:,1591088400.0,0.40899999999999997,2370.0
Jun 02 2020 11:,1591092000.0,0.40300000000000002,2105.0
Jun 02 2020 12:,1591095600.0,0.40300000000000002,2764.0
Jun 02 2020 13:,1591099200.0,0.38200000000000001,2120.0
Jun 02 2020 14:,1591102800.0,0.39500000000000002,2225.0
Jun 02 2020 15:,1591106400.0,0.40699999999999997,3853.0
Jun 02 2020 16:,1591110000.0,0.40999999999999998,3336.0
Jun 02 2020 17:,1591113600.0,0.39500000000000002,2558.0
Jun 02 2020 18:,1591117200.0,0.38800000000000001,2090.0
Jun 02 2020 19:,1591120800.0,0.372,1916.0
Jun 02 2020 20:,1591124400.0,0.36699999999999999,2517.0
Jun 02 2020 21:,1591128000.0,0.377,1860.0
Jun 02 2020 22:,1591131600.0,0.36799999999999999,1689.0
Jun 02 2020 23:,1591135200.0,0.37,1636.0
Jun 03 2020 00:,1591138800.0,0.38,1529.0
Jun 03 2020 01:,1591142400.0,0.38,1547.0
Jun 03 2020 02:,1591146000.0,0.40000000000000002,1211.0
Jun 03 2020 03:,1591149600.0,0.40000000000000002,1295.0
Jun 03 2020 04:,1591153200.0,0.40600000000000003,1111.0
Jun 03 2020 05:,1591156800.0,0.40799999999999997,1169.0
Jun 03 2020 06:,1591160400.0,0.40699999999999997,1133.0
Jun 03 2020 07:,1591164000.0,0.40200000000000002,1061.0
Jun 03 2020 08:,1591167600.0,0.41299999999999998,2087.0
Jun 03 2020 09:,1591171200.0,0.41599999999999998,2429.0
Jun 03 2020 10:,1591174800.0,0.40200000000000002,1649.0
Jun 03 2020 11:,1591178400.0,0.40999999999999998,1913.0
Jun 03 2020 12:,1591182000.0,0.40999999999999998,2128.0
Jun 03 2020 13:,1591185600.0,0.40300000000000002,2027.0
Jun 03 2020 14:,1591189200.0,0.40200000000000002,2210.0
Jun 03 2020 15:,1591192800.0,0.40999999999999998,2547.0
Jun 03 2020 16:,1591196400.0,0.41599999999999998,3195.0
Jun 03 2020 17:,1591200000.0,0.40999999999999998,2558.0
Jun 03 2020 18:,1591203600.0,0.40200000000000002,1837.0
Jun 03 2020 19:,1591207200.0,0.40799999999999997,2617.0
Jun 03 2020 20:,1591210800.0,0.40600000000000003,2402.0
Jun 03 2020 21:,1591214400.0,0.40300000000000002,2490.0
Jun 03 2020 22:,1591218000.0,0.40400000000000003,2124.0
Jun 03 2020 23:,1591221600.0,0.40600000000000003,2609.0
Jun 04 2020 00:,1591225200.0,0.40600000000000003,1558.0
Jun 04 2020 01:,1591228800.0,0.40999999999999998,1736.0
Jun 04 2020 02:,1591232400.0,0.40999999999999998,1473.0
Jun 04 2020 03:,1591236000.0,0.40999999999999998,1258.0
Jun 04 2020 04:,1591239600.0,0.42499999999999999,1649.0
Jun 04 2020 05:,1591243200.0,0.41999999999999998,1067.0
Jun 04 2020 06:,1591246800.0,0.42399999999999999,1203.0
Jun 04 2020 07:,1591250400.0,0.42199999999999999,1096.0
Jun 04 2020 08:,1591254000.0,0.42699999999999999,1500.0
Jun 04 2020 09:,1591257600.0,0.42199999999999999,1421.0
Jun 04 2020 10:,1591261200.0,0.42499999999999999,1944.0
Jun 04 2020 11:,1591264800.0,0.42499999999999999,1778.0
Jun 04 2020 12:,1591268400.0,0.42499999999999999,1909.0
Jun 04 2020 13:,1591272000.0,0.42499999999999999,2177.0
Jun 04 2020 14:,1591275600.0,0.42399999999999999,2035.0
Jun 04 2020 15:,1591279200.0,0.42499999999999999,2407.0
Jun 04 2020 16:,1591282800.0,0.435,3630.0
Jun 04 2020 17:,1591286400.0,0.437,3477.0
Jun 04 2020 18:,1591290000.0,0.436,3157.0
Jun 04 2020 19:,1591293600.0,0.43099999999999999,2886.0
Jun 04 2020 20:,1591297200.0,0.42799999999999999,2769.0
Jun 04 2020 21:,1591300800.0,0.41799999999999998,2037.0
Jun 04 2020 22:,1591304400.0,0.41799999999999998,1911.0
Jun 04 2020 23:,1591308000.0,0.41699999999999998,1719.0
Jun 05 2020 00:,1591311600.0,0.42099999999999999,1740.0
Jun 05 2020 01:,1591315200.0,0.42699999999999999,3429.0
Jun 05 2020 02:,1591318800.0,0.436,1974.0
Jun 05 2020 03:,1591322400.0,0.44800000000000001,1786.0
Jun 05 2020 04:,1591326000.0,0.45200000000000001,1770.0
Jun 05 2020 05:,1591329600.0,0.45300000000000001,3144.0
Jun 05 2020 06:,1591333200.0,0.46300000000000002,2317.0
Jun 05 2020 07:,1591336800.0,0.46999999999999997,2179.0
Jun 05 2020 08:,1591340400.0,0.47999999999999998,2640.0
Jun 05 2020 09:,1591344000.0,0.48999999999999999,4702.0
Jun 05 2020 10:,1591347600.0,0.49399999999999999,3153.0
Jun 05 2020 11:,1591351200.0,0.505,3193.0
Jun 05 2020 12:,1591354800.0,0.51700000000000002,3956.0
Jun 05 2020 13:,1591358400.0,0.51700000000000002,2844.0
Jun 05 2020 14:,1591362000.0,0.51700000000000002,3160.0
Jun 05 2020 15:,1591365600.0,0.52500000000000002,4398.0
Jun 05 2020 16:,1591369200.0,0.52900000000000003,3641.0
Jun 05 2020 17:,1591372800.0,0.51200000000000001,2841.0
Jun 05 2020 18:,1591376400.0,0.505,3171.0
Jun 05 2020 19:,1591380000.0,0.52000000000000002,3689.0
Jun 05 2020 20:,1591383600.0,0.5,2433.0
Jun 05 2020 21:,1591387200.0,0.48999999999999999,1879.0
Jun 05 2020 22:,1591390800.0,0.48099999999999998,2210.0
Jun 05 2020 23:,1591394400.0,0.497,2570.0
Jun 06 2020 00:,1591398000.0,0.51000000000000001,1967.0
Jun 06 2020 01:,1591401600.0,0.52000000000000002,1869.0
Jun 06 2020 02:,1591405200.0,0.52000000000000002,1739.0
Jun 06 2020 03:,1591408800.0,0.52000000000000002,1868.0
Jun 06 2020 04:,1591412400.0,0.53000000000000003,1406.0
Jun 06 2020 05:,1591416000.0,0.52800000000000002,1269.0
Jun 06 2020 06:,1591419600.0,0.52800000000000002,1918.0
Jun 06 2020 07:,1591423200.0,0.53000000000000003,2199.0
Jun 06 2020 08:,1591426800.0,0.52600000000000002,1664.0
Jun 06 2020 09:,1591430400.0,0.51900000000000002,2003.0
Jun 06 2020 10:,1591434000.0,0.503,1871.0
Jun 06 2020 11:,1591437600.0,0.505,2037.0
Jun 06 2020 12:,1591441200.0,0.495,1646.0
Jun 06 2020 13:,1591444800.0,0.48099999999999998,1837.0
Jun 06 2020 14:,1591448400.0,0.48099999999999998,1887.0
Jun 06 2020 15:,1591452000.0,0.48899999999999999,2437.0
Jun 06 2020 16:,1591455600.0,0.48599999999999999,2725.0
Jun 06 2020 17:,1591459200.0,0.48799999999999999,2452.0
Jun 06 2020 18:,1591462800.0,0.49299999999999999,2577.0
Jun 06 2020 19:,1591466400.0,0.49199999999999999,2953.0
Jun 06 2020 20:,1591470000.0,0.48599999999999999,2414.0
Jun 06 2020 21:,1591473600.0,0.48999999999999999,2906.0
Jun 06 2020 22:,1591477200.0,0.48199999999999998,2190.0
Jun 06 2020 23:,1591480800.0,0.48399999999999999,2231.0
Jun 07 2020 00:,1591484400.0,0.46300000000000002,1650.0
Jun 07 2020 01:,1591488000.0,0.46300000000000002,1450.0
Jun 07 2020 02:,1591491600.0,0.46000000000000002,1441.0
Jun 07 2020 03:,1591495200.0,0.45800000000000002,1601.0
Jun 07 2020 04:,1591498800.0,0.45900000000000002,2009.0
Jun 07 2020 05:,1591502400.0,0.45400000000000001,1017.0
Jun 07 2020 06:,1591506000.0,0.45900000000000002,1772.0
Jun 07 2020 07:,1591509600.0,0.45700000000000002,2080.0
Jun 07 2020 08:,1591513200.0,0.45800000000000002,2529.0
Jun 07 2020 09:,1591516800.0,0.45000000000000001,2422.0
Jun 07 2020 10:,1591520400.0,0.437,1784.0
Jun 07 2020 11:,1591524000.0,0.42599999999999999,2248.0
Jun 07 2020 12:,1591527600.0,0.42999999999999999,2120.0
Jun 07 2020 13:,1591531200.0,0.42599999999999999,2032.0
Jun 07 2020 14:,1591534800.0,0.41799999999999998,2485.0
Jun 07 2020 15:,1591538400.0,0.40600000000000003,2259.0
Jun 07 2020 16:,1591542000.0,0.40699999999999997,3146.0
Jun 07 2020 17:,1591545600.0,0.40699999999999997,2445.0
Jun 07 2020 18:,1591549200.0,0.41399999999999998,2499.0
Jun 07 2020 19:,1591552800.0,0.40999999999999998,1984.0
Jun 07 2020 20:,1591556400.0,0.40699999999999997,2278.0
Jun 07 2020 21:,1591560000.0,0.39500000000000002,1929.0
Jun 07 2020 22:,1591563600.0,0.39300000000000002,1615.0
Jun 07 2020 23:,1591567200.0,0.38100000000000001,2534.0
Jun 08 2020 00:,1591570800.0,0.38,2033.0
Jun 08 2020 01:,1591574400.0,0.39200000000000002,1839.0
Jun 08 2020 02:,1591578000.0,0.39000000000000001,1294.0
Jun 08 2020 03:,1591581600.0,0.38700000000000001,1171.0
Jun 08 2020 04:,1591585200.0,0.37,1201.0
Jun 08 2020 05:,1591588800.0,0.38,969.0
Jun 08 2020 06:,1591592400.0,0.375,1043.0
Jun 08 2020 07:,1591596000.0,0.38200000000000001,1395.0
Jun 08 2020 08:,1591599600.0,0.35999999999999999,2495.0
Jun 08 2020 09:,1591603200.0,0.34999999999999998,3015.0
Jun 08 2020 10:,1591606800.0,0.33900000000000002,2456.0
Jun 08 2020 11:,1591610400.0,0.34399999999999997,2031.0
Jun 08 2020 12:,1591614000.0,0.34999999999999998,2450.0
Jun 08 2020 13:,1591617600.0,0.372,2793.0
