Feb 16 2018 01:,1518742800,8.94,58774
Feb 17 2018 01:,1518829200,5.09,67111
Feb 18 2018 01:,1518915600,4.034,62299
Feb 19 2018 01:,1519002000,3.948,50165
Feb 20 2018 01:,1519088400,3.62,46028
Feb 21 2018 01:,1519174800,3.361,45406
Feb 22 2018 01:,1519261200,2.876,49342
Feb 23 2018 01:,1519347600,2.536,56360
Feb 24 2018 01:,1519434000,2.271,61486
Feb 25 2018 01:,1519520400,1.9,62297
Feb 26 2018 01:,1519606800,1.891,50454
Feb 27 2018 01:,1519693200,1.922,47847
Feb 28 2018 01:,1519779600,1.975,45872
Mar 01 2018 01:,1519866000,1.917,46928
Mar 02 2018 01:,1519952400,1.875,52559
Mar 03 2018 01:,1520038800,1.526,61120
Mar 04 2018 01:,1520125200,1.2,65102
Mar 05 2018 01:,1520211600,1.193,50573
Mar 06 2018 01:,1520298000,1.216,44644
Mar 07 2018 01:,1520384400,1.238,44076
Mar 08 2018 01:,1520470800,1.139,47470
Mar 09 2018 01:,1520557200,1.071,52565
Mar 10 2018 01:,1520643600,0.996,56621
Mar 11 2018 01:,1520730000,0.894,55508
Mar 12 2018 01:,1520816400,0.848,44889
Mar 13 2018 01:,1520902800,0.833,44060
Mar 14 2018 01:,1520989200,0.808,43027
Mar 15 2018 01:,1521075600,0.805,42001
Mar 16 2018 01:,1521162000,0.817,48983
Mar 17 2018 01:,1521248400,0.754,54414
Mar 18 2018 01:,1521334800,0.618,54608
Mar 19 2018 01:,1521421200,0.585,41365
Mar 20 2018 01:,1521507600,0.575,40703
Mar 21 2018 01:,1521594000,0.577,38848
Mar 22 2018 01:,1521680400,0.568,41052
Mar 23 2018 01:,1521766800,0.57,44036
Mar 24 2018 01:,1521853200,0.535,51603
Mar 25 2018 01:,1521936000,0.475,47432
Mar 26 2018 01:,1522022400,0.438,44414
Mar 27 2018 01:,1522108800,0.432,45224
Mar 28 2018 01:,1522195200,0.465,47510
Mar 29 2018 01:,1522281600,0.497,46758
Mar 30 2018 01:,1522368000,0.518,47222
Mar 31 2018 01:,1522454400,0.481,43524
Apr 01 2018 01:,1522540800,0.459,45564
Apr 02 2018 01:,1522627200,0.466,42584
Apr 03 2018 01:,1522713600,0.434,37049
Apr 04 2018 01:,1522800000,0.471,39254
Apr 05 2018 01:,1522886400,0.483,36755
Apr 06 2018 01:,1522972800,0.478,37734
Apr 07 2018 01:,1523059200,0.411,42104
Apr 08 2018 01:,1523145600,0.361,39803
Apr 09 2018 01:,1523232000,0.35,34477
Apr 10 2018 01:,1523318400,0.352,35733
Apr 11 2018 01:,1523404800,0.358,33122
Apr 12 2018 01:,1523491200,0.364,35937
Apr 13 2018 01:,1523577600,0.381,38995
Apr 14 2018 01:,1523664000,0.358,41556
Apr 15 2018 01:,1523750400,0.33,39124
Apr 16 2018 01:,1523836800,0.319,31742
Apr 17 2018 01:,1523923200,0.315,31188
Apr 18 2018 01:,1524009600,0.308,30251
Apr 19 2018 01:,1524096000,0.314,31304
Apr 20 2018 01:,1524182400,0.301,32995
Apr 21 2018 01:,1524268800,0.278,39448
Apr 22 2018 01:,1524355200,0.252,37441
Apr 23 2018 01:,1524441600,0.267,32825
Apr 24 2018 01:,1524528000,0.275,30780
Apr 25 2018 01:,1524614400,0.296,33233
Apr 26 2018 01:,1524700800,0.302,31690
Apr 27 2018 01:,1524787200,0.321,36656
Apr 28 2018 01:,1524873600,0.311,39014
Apr 29 2018 01:,1524960000,0.298,39486
Apr 30 2018 01:,1525046400,0.311,37882
May 01 2018 01:,1525132800,0.303,34300
May 02 2018 01:,1525219200,0.275,29558
May 03 2018 01:,1525305600,0.282,30209
May 04 2018 01:,1525392000,0.286,31681
May 05 2018 01:,1525478400,0.28,35669
May 06 2018 01:,1525564800,0.262,33366
May 07 2018 01:,1525651200,0.255,29461
May 08 2018 01:,1525737600,0.252,30237
May 09 2018 01:,1525824000,0.239,31548
May 10 2018 01:,1525910400,0.256,32008
May 11 2018 01:,1525996800,0.274,32484
May 12 2018 01:,1526083200,0.26,32987
May 13 2018 01:,1526169600,0.24,32359
May 14 2018 01:,1526256000,0.24,27289
May 15 2018 01:,1526342400,0.243,26673
May 16 2018 01:,1526428800,0.241,26213
May 17 2018 01:,1526515200,0.237,26652
May 18 2018 01:,1526601600,0.234,30736
May 19 2018 01:,1526688000,0.223,33768
May 20 2018 01:,1526774400,0.215,33369
May 21 2018 01:,1526860800,0.224,28869
May 22 2018 01:,1526947200,0.213,26197
May 23 2018 01:,1527033600,0.216,25752
May 24 2018 01:,1527120000,0.213,26922
May 25 2018 01:,1527206400,0.217,30746
May 26 2018 01:,1527292800,0.212,32193
May 27 2018 01:,1527379200,0.205,31530
May 28 2018 01:,1527465600,0.201,29088
May 29 2018 01:,1527552000,0.202,28494
May 30 2018 01:,1527638400,0.203,28747
May 31 2018 01:,1527724800,0.203,30888
Jun 01 2018 01:,1527811200,0.204,32931
Jun 02 2018 01:,1527897600,0.204,32827
Jun 03 2018 01:,1527984000,0.2,32677
Jun 04 2018 01:,1528070400,0.202,29199
Jun 05 2018 01:,1528156800,0.197,27234
Jun 06 2018 01:,1528243200,0.201,28949
Jun 07 2018 01:,1528329600,0.197,28197
Jun 08 2018 01:,1528416000,0.199,30357
Jun 09 2018 01:,1528502400,0.197,31921
Jun 10 2018 01:,1528588800,0.189,29920
Jun 11 2018 01:,1528675200,0.178,26996
Jun 12 2018 01:,1528761600,0.159,24907
Jun 13 2018 01:,1528848000,0.128,28383
Jun 14 2018 01:,1528934400,0.124,24248
Jun 15 2018 01:,1529020800,0.132,25604
Jun 16 2018 01:,1529107200,0.143,26947
Jun 17 2018 01:,1529193600,0.145,25392
Jun 18 2018 01:,1529280000,0.13,23194
Jun 19 2018 01:,1529366400,0.118,23403
Jun 20 2018 01:,1529452800,0.119,27234
Jun 21 2018 01:,1529539200,0.116,27386
Jun 22 2018 01:,1529625600,0.087,28229
Jun 23 2018 01:,1529712000,0.08,28418
Jun 24 2018 01:,1529798400,0.076,27354
Jun 25 2018 01:,1529884800,0.07,24515
Jun 26 2018 01:,1529971200,0.067,25405
Jun 27 2018 01:,1530057600,0.071,24331
Jun 28 2018 01:,1530144000,0.068,23185
Jun 29 2018 01:,1530230400,0.082,28551
Jun 30 2018 01:,1530316800,0.098,27202
Jul 01 2018 01:,1530403200,0.095,28987
Jul 02 2018 01:,1530489600,0.092,28755
Jul 03 2018 01:,1530576000,0.087,26969
Jul 04 2018 01:,1530662400,0.079,23964
Jul 05 2018 01:,1530748800,0.075,24304
Jul 06 2018 01:,1530835200,0.086,26775
Jul 07 2018 01:,1530921600,0.107,31743
Jul 08 2018 01:,1531008000,0.111,32027
Jul 09 2018 01:,1531094400,0.114,30298
Jul 10 2018 01:,1531180800,0.121,27525
Jul 11 2018 01:,1531267200,0.115,26731
Jul 12 2018 01:,1531353600,0.115,27022
Jul 13 2018 01:,1531440000,0.119,28033
Jul 14 2018 01:,1531526400,0.127,28160
Jul 15 2018 01:,1531612800,0.139,30371
Jul 16 2018 01:,1531699200,0.132,27259
Jul 17 2018 01:,1531785600,0.127,29012
Jul 18 2018 01:,1531872000,0.106,28276
Jul 19 2018 01:,1531958400,0.105,26814
Jul 20 2018 01:,1532044800,0.116,26428
Jul 21 2018 01:,1532131200,0.124,27571
Jul 22 2018 01:,1532217600,0.12,27241
Jul 23 2018 01:,1532304000,0.113,26586
Jul 24 2018 01:,1532390400,0.111,26479
Jul 25 2018 01:,1532476800,0.112,27685
Jul 26 2018 01:,1532563200,0.111,28525
Jul 27 2018 01:,1532649600,0.115,26398
Jul 28 2018 01:,1532736000,0.122,27952
Jul 29 2018 01:,1532822400,0.126,29451
Jul 30 2018 01:,1532908800,0.127,29194
Jul 31 2018 01:,1532995200,0.134,29112
Aug 01 2018 01:,1533081600,0.132,27597
Aug 02 2018 01:,1533168000,0.131,27964
Aug 03 2018 01:,1533254400,0.118,36548
Aug 04 2018 01:,1533340800,0.102,32191
Aug 05 2018 01:,1533427200,0.089,33342
Aug 06 2018 01:,1533513600,0.08,31715
Aug 07 2018 01:,1533600000,0.08,31339
Aug 08 2018 01:,1533686400,0.082,31872
Aug 09 2018 01:,1533772800,0.079,30609
Aug 10 2018 01:,1533859200,0.074,31728
Aug 11 2018 01:,1533945600,0.067,30548
Aug 12 2018 01:,1534032000,0.06,30797
Aug 13 2018 01:,1534118400,0.057,30414
Aug 14 2018 01:,1534204800,0.049,28546
Aug 15 2018 01:,1534291200,0.037,28795
Aug 16 2018 01:,1534377600,0.035,22384
Aug 17 2018 01:,1534464000,0.038,24526
Aug 18 2018 01:,1534550400,0.039,26455
Aug 19 2018 01:,1534636800,0.034,25734
Aug 20 2018 01:,1534723200,0.032,22101
Aug 21 2018 01:,1534809600,0.03,22416
Aug 22 2018 01:,1534896000,0.03,19407
Aug 23 2018 01:,1534982400,0.03,18971
Aug 24 2018 01:,1535068800,0.03,19312
Aug 25 2018 01:,1535155200,0.03,20576
Aug 26 2018 01:,1535241600,0.03,22341
Aug 27 2018 01:,1535328000,0.03,24876
Aug 28 2018 01:,1535414400,0.03,20376
Aug 29 2018 01:,1535500800,0.03,21229
Aug 30 2018 01:,1535587200,0.03,24053
Aug 31 2018 01:,1535673600,0.03,24380
Sep 01 2018 01:,1535760000,0.03,23896
Sep 02 2018 01:,1535846400,0.03,21806
Sep 03 2018 01:,1535932800,0.03,19907
Sep 04 2018 01:,1536019200,0.03,20007
Sep 05 2018 01:,1536105600,0.03,21223
Sep 06 2018 01:,1536192000,0.03,22092
Sep 07 2018 01:,1536278400,0.03,22554
Sep 08 2018 01:,1536364800,0.03,23752
Sep 09 2018 01:,1536451200,0.03,25990
Sep 10 2018 01:,1536537600,0.03,20392
Sep 11 2018 01:,1536624000,0.03,19661
Sep 12 2018 01:,1536710400,0.03,23041
Sep 13 2018 01:,1536796800,0.03,22601
Sep 14 2018 01:,1536883200,0.03,26804
Sep 15 2018 01:,1536969600,0.03,30184
Sep 16 2018 01:,1537056000,0.03,28134
Sep 17 2018 01:,1537142400,0.03,19648
Sep 18 2018 01:,1537228800,0.03,19020
Sep 19 2018 01:,1537315200,0.03,19052
Sep 20 2018 01:,1537401600,0.03,22242
Sep 21 2018 01:,1537488000,0.03,23468
Sep 22 2018 01:,1537574400,0.03,29403
Sep 23 2018 01:,1537660800,0.03,29259
Sep 24 2018 01:,1537747200,0.03,23570
Sep 25 2018 01:,1537833600,0.03,21638
Sep 26 2018 01:,1537920000,0.03,18492
Sep 27 2018 01:,1538006400,0.03,20418
Sep 28 2018 01:,1538092800,0.03,22713
Sep 29 2018 01:,1538179200,0.03,24668
Sep 30 2018 01:,1538265600,0.03,28146
Oct 01 2018 01:,1538352000,0.03,23670
Oct 02 2018 01:,1538438400,0.03,21124
Oct 03 2018 01:,1538524800,0.03,25555
Oct 04 2018 01:,1538611200,0.03,27319
Oct 05 2018 01:,1538697600,0.03,28943
Oct 06 2018 01:,1538784000,0.03,30760
Oct 07 2018 01:,1538870400,0.03,27706
Oct 08 2018 01:,1538956800,0.03,25158
Oct 09 2018 01:,1539043200,0.03,24496
Oct 10 2018 01:,1539129600,0.03,27441
Oct 11 2018 01:,1539216000,0.03,27295
Oct 12 2018 01:,1539302400,0.03,30622
Oct 13 2018 01:,1539388800,0.03,31922
Oct 14 2018 01:,1539475200,0.03,28972
Oct 15 2018 01:,1539561600,0.03,24263
Oct 16 2018 01:,1539648000,0.03,22562
Oct 17 2018 01:,1539734400,0.03,24538
Oct 18 2018 01:,1539820800,0.03,24134
Oct 19 2018 01:,1539907200,0.03,23002
Oct 20 2018 01:,1539993600,0.03,26809
Oct 21 2018 01:,1540080000,0.03,29610
Oct 22 2018 01:,1540166400,0.03,24278
Oct 23 2018 01:,1540252800,0.03,23429
Oct 24 2018 01:,1540339200,0.03,24359
Oct 25 2018 01:,1540425600,0.03,24326
Oct 26 2018 01:,1540512000,0.03,27818
Oct 27 2018 01:,1540598400,0.03,31425
Oct 28 2018 01:,1540688400,0.03,26268
Oct 29 2018 01:,1540774800,0.03,27456
Oct 30 2018 01:,1540861200,0.03,24703
Oct 31 2018 01:,1540947600,0.03,25303
Nov 01 2018 01:,1541034000,0.03,28757
Nov 02 2018 01:,1541120400,0.03,23283
Nov 03 2018 01:,1541206800,0.03,26269
Nov 04 2018 01:,1541293200,0.03,23589
Nov 05 2018 01:,1541379600,0.03,17679
Nov 06 2018 01:,1541466000,0.03,16311
Nov 07 2018 01:,1541552400,0.03,16046
Nov 08 2018 01:,1541638800,0.03,18498
Nov 09 2018 01:,1541725200,0.03,21854
Nov 10 2018 01:,1541811600,0.03,22244
Nov 11 2018 01:,1541898000,0.03,22041
Nov 12 2018 01:,1541984400,0.03,17396
Nov 13 2018 01:,1542070800,0.03,17263
Nov 14 2018 01:,1542157200,0.03,17968
Nov 15 2018 01:,1542243600,0.03,17789
Nov 16 2018 01:,1542330000,0.03,17341
Nov 17 2018 01:,1542416400,0.03,22008
Nov 18 2018 01:,1542502800,0.03,22591
Nov 19 2018 01:,1542589200,0.03,20513
Nov 20 2018 01:,1542675600,0.03,24325
Nov 21 2018 01:,1542762000,0.03,20372
Nov 22 2018 01:,1542848400,0.03,19526
Nov 23 2018 01:,1542934800,0.03,20102
Nov 24 2018 01:,1543021200,0.03,22117
Nov 25 2018 01:,1543107600,0.03,25800
Nov 26 2018 01:,1543194000,0.03,17663
Nov 27 2018 01:,1543280400,0.03,22460
Nov 28 2018 01:,1543366800,0.03,20872
Nov 29 2018 01:,1543453200,0.03,19132
Nov 30 2018 01:,1543539600,0.03,18899
Dec 01 2018 01:,1543626000,0.03,24734
Dec 02 2018 01:,1543712400,0.03,25144
Dec 03 2018 01:,1543798800,0.03,16512
Dec 04 2018 01:,1543885200,0.03,16499
Dec 05 2018 01:,1543971600,0.03,17691
Dec 06 2018 01:,1544058000,0.03,17503
Dec 07 2018 01:,1544144400,0.03,22687
Dec 08 2018 01:,1544230800,0.03,28030
Dec 09 2018 01:,1544317200,0.03,25867
Dec 10 2018 01:,1544403600,0.03,22615
Dec 11 2018 01:,1544490000,0.03,23903
Dec 12 2018 01:,1544576400,0.03,22210
Dec 13 2018 01:,1544662800,0.03,22903
Dec 14 2018 01:,1544749200,0.03,26485
Dec 15 2018 01:,1544835600,0.03,26244
Dec 16 2018 01:,1544922000,0.03,25205
Dec 17 2018 01:,1545008400,0.03,21366
Dec 18 2018 01:,1545094800,0.03,22926
Dec 19 2018 01:,1545181200,0.03,21533
Dec 20 2018 01:,1545267600,0.03,22131
Dec 21 2018 01:,1545354000,0.03,31473
Dec 22 2018 01:,1545440400,0.03,29214
Dec 23 2018 01:,1545526800,0.03,28369
Dec 24 2018 01:,1545613200,0.03,28272
Dec 25 2018 01:,1545699600,0.03,35835
Dec 26 2018 01:,1545786000,0.03,31449
Dec 27 2018 01:,1545872400,0.03,30036
Dec 28 2018 01:,1545958800,0.03,26850
Dec 29 2018 01:,1546045200,0.03,30648
Dec 30 2018 01:,1546131600,0.03,24951
Dec 31 2018 01:,1546218000,0.03,29090
Jan 01 2019 01:,1546304400,0.03,28340
Jan 02 2019 01:,1546390800,0.03,31567
Jan 03 2019 01:,1546477200,0.03,33896
Jan 04 2019 01:,1546563600,0.03,33145
Jan 05 2019 01:,1546650000,0.03,32152
Jan 06 2019 01:,1546736400,0.03,27189
Jan 07 2019 01:,1546822800,0.03,26416
Jan 08 2019 01:,1546909200,0.03,26181
Jan 09 2019 01:,1546995600,0.03,25780
Jan 10 2019 01:,1547082000,0.03,29522
Jan 11 2019 01:,1547168400,0.03,29142
Jan 12 2019 01:,1547254800,0.03,29234
Jan 13 2019 01:,1547341200,0.03,30101
Jan 14 2019 01:,1547427600,0.03,34312
Jan 15 2019 01:,1547514000,0.03,29197
Jan 16 2019 01:,1547600400,0.03,32197
Jan 17 2019 01:,1547686800,0.03,35989
Jan 18 2019 01:,1547773200,0.03,27177
Jan 19 2019 01:,1547859600,0.03,34941
Jan 20 2019 01:,1547946000,0.03,36077
Jan 21 2019 01:,1548032400,0.03,32522
Jan 22 2019 01:,1548118800,0.03,31814
Jan 23 2019 01:,1548205200,0.03,29834
Jan 24 2019 01:,1548291600,0.03,30860
Jan 25 2019 01:,1548378000,0.03,33558
Jan 26 2019 01:,1548464400,0.03,36121
Jan 27 2019 01:,1548550800,0.03,35503
Jan 28 2019 01:,1548637200,0.03,30003
Jan 29 2019 01:,1548723600,0.03,32014
Jan 30 2019 01:,1548810000,0.03,33844
Jan 31 2019 01:,1548896400,0.03,41773
Feb 01 2019 01:,1548982800,0.03,28318
Feb 02 2019 01:,1549069200,0.03,29751
Feb 03 2019 01:,1549155600,0.03,42311
Feb 04 2019 01:,1549242000,0.03,31348
Feb 05 2019 01:,1549328400,0.03,27421
Feb 06 2019 01:,1549414800,0.03,26062
Feb 07 2019 01:,1549501200,0.03,32598
Feb 08 2019 01:,1549587600,0.03,36172
Feb 09 2019 01:,1549674000,0.03,35897
Feb 10 2019 01:,1549760400,0.03,30872
Feb 11 2019 01:,1549846800,0.03,31630
Feb 12 2019 01:,1549933200,0.03,31456
Feb 13 2019 01:,1550019600,0.03,32867
Feb 14 2019 01:,1550106000,0.03,26891
Feb 15 2019 01:,1550192400,0.03,34176
Feb 16 2019 01:,1550278800,0.03,30288
Feb 17 2019 01:,1550365200,0.03,30748
Feb 18 2019 01:,1550451600,0.03,26222
Feb 19 2019 01:,1550538000,0.03,33154
Feb 20 2019 01:,1550624400,0.03,47083
Feb 21 2019 01:,1550710800,0.03,36893
Feb 22 2019 01:,1550797200,0.03,37473
Feb 23 2019 01:,1550883600,0.03,37532
Feb 24 2019 01:,1550970000,0.03,37636
Feb 25 2019 01:,1551056400,0.03,28341
Feb 26 2019 01:,1551142800,0.03,28427
Feb 27 2019 01:,1551229200,0.03,31556
Feb 28 2019 01:,1551315600,0.03,34798
Mar 01 2019 01:,1551402000,0.03,35830
Mar 02 2019 01:,1551488400,0.03,47668
Mar 03 2019 01:,1551574800,0.03,42993
Mar 04 2019 01:,1551661200,0.03,34728
Mar 05 2019 01:,1551747600,0.03,29388
Mar 06 2019 01:,1551834000,0.03,35046
Mar 07 2019 01:,1551920400,0.03,32109
Mar 08 2019 01:,1552006800,0.03,35252
Mar 09 2019 01:,1552093200,0.03,42547
Mar 10 2019 01:,1552179600,0.03,36592
Mar 11 2019 01:,1552266000,0.03,32906
Mar 12 2019 01:,1552352400,0.03,29451
Mar 13 2019 01:,1552438800,0.03,30990
Mar 14 2019 01:,1552525200,0.03,34898
Mar 15 2019 01:,1552611600,0.03,38638
Mar 16 2019 01:,1552698000,0.03,48264
Mar 17 2019 01:,1552784400,0.03,41603
Mar 18 2019 01:,1552870800,0.03,36437
Mar 19 2019 01:,1552957200,0.03,34493
Mar 20 2019 01:,1553043600,0.03,32678
Mar 21 2019 01:,1553130000,0.03,37737
Mar 22 2019 01:,1553216400,0.03,43070
Mar 23 2019 01:,1553302800,0.03,42793
Mar 24 2019 01:,1553389200,0.03,43092
Mar 25 2019 01:,1553475600,0.03,38813
Mar 26 2019 01:,1553562000,0.03,38201
Mar 27 2019 01:,1553648400,0.03,38673
Mar 28 2019 01:,1553734800,0.03,38945
Mar 29 2019 01:,1553821200,0.03,43055
Mar 30 2019 01:,1553907600,0.03,39556
Mar 31 2019 01:,1553990400,0.03,44009
Apr 01 2019 01:,1554076800,0.03,31771
Apr 02 2019 01:,1554163200,0.03,48453
Apr 03 2019 01:,1554249600,0.03,38589
Apr 04 2019 01:,1554336000,0.03,49652
Apr 05 2019 01:,1554422400,0.03,31477
Apr 06 2019 01:,1554508800,0.03,33985
Apr 07 2019 01:,1554595200,0.03,37263
Apr 08 2019 01:,1554681600,0.03,34415
Apr 09 2019 01:,1554768000,0.03,31445
Apr 10 2019 01:,1554854400,0.03,39647
Apr 11 2019 01:,1554940800,0.03,40008
Apr 12 2019 01:,1555027200,0.03,38398
Apr 13 2019 01:,1555113600,0.03,54277
Apr 14 2019 01:,1555200000,0.03,47380
Apr 15 2019 01:,1555286400,0.03,45310
Apr 16 2019 01:,1555372800,0.03,45372
Apr 17 2019 01:,1555459200,0.03,51791
Apr 18 2019 01:,1555545600,0.03,49903
Apr 19 2019 01:,1555632000,0.03,40255
Apr 20 2019 01:,1555718400,0.03,46725
Apr 21 2019 01:,1555804800,0.03,37134
Apr 22 2019 01:,1555891200,0.03,43037
Apr 23 2019 01:,1555977600,0.03,38127
Apr 24 2019 01:,1556064000,0.03,39252
Apr 25 2019 01:,1556150400,0.03,28508
Apr 26 2019 01:,1556236800,0.03,28102
Apr 27 2019 01:,1556323200,0.03,42065
Apr 28 2019 01:,1556409600,0.03,35854
Apr 29 2019 01:,1556496000,0.03,30511
Apr 30 2019 01:,1556582400,0.03,36607
May 01 2019 01:,1556668800,0.03,37261
May 02 2019 01:,1556755200,0.03,36948
May 03 2019 01:,1556841600,0.03,37263
May 04 2019 01:,1556928000,0.03,39808
May 05 2019 01:,1557014400,0.03,46892
May 06 2019 01:,1557100800,0.03,28234
May 07 2019 01:,1557187200,0.03,29949
May 08 2019 01:,1557273600,0.03,31042
May 09 2019 01:,1557360000,0.03,28154
May 10 2019 01:,1557446400,0.03,46841
May 11 2019 01:,1557532800,0.03,33507
May 12 2019 01:,1557619200,0.03,30307
May 13 2019 01:,1557705600,0.03,28628
May 14 2019 01:,1557792000,0.03,35463
May 15 2019 01:,1557878400,0.03,42855
May 16 2019 01:,1557964800,0.03,32551
May 17 2019 01:,1558051200,0.03,34597
May 18 2019 01:,1558137600,0.03,42664
May 19 2019 01:,1558224000,0.03,37378
May 20 2019 01:,1558310400,0.03,42274
May 21 2019 01:,1558396800,0.03,37077
May 22 2019 01:,1558483200,0.03,33149
May 23 2019 01:,1558569600,0.03,34186
May 24 2019 01:,1558656000,0.03,35651
May 25 2019 01:,1558742400,0.03,43106
May 26 2019 01:,1558828800,0.03,34712
May 27 2019 01:,1558915200,0.03,33425
May 28 2019 01:,1559001600,0.03,30854
May 29 2019 01:,1559088000,0.03,35813
May 30 2019 01:,1559174400,0.03,33599
May 31 2019 01:,1559260800,0.03,41917
Jun 01 2019 01:,1559347200,0.03,42188
Jun 02 2019 01:,1559433600,0.03,48290
Jun 03 2019 01:,1559520000,0.03,37982
Jun 04 2019 01:,1559606400,0.03,37863
Jun 05 2019 01:,1559692800,0.03,41526
Jun 06 2019 01:,1559779200,0.03,41032
Jun 07 2019 01:,1559865600,0.03,41869
Jun 08 2019 01:,1559952000,0.03,43393
Jun 09 2019 01:,1560038400,0.03,42501
Jun 10 2019 01:,1560124800,0.03,41504
Jun 11 2019 01:,1560211200,0.03,46110
Jun 12 2019 01:,1560297600,0.03,40245
Jun 13 2019 01:,1560384000,0.03,40204
Jun 14 2019 01:,1560470400,0.03,46313
Jun 15 2019 01:,1560556800,0.03,46829
Jun 16 2019 01:,1560643200,0.03,42984
Jun 17 2019 01:,1560729600,0.03,39620
Jun 18 2019 01:,1560816000,0.03,39575
Jun 19 2019 01:,1560902400,0.03,40045
Jun 20 2019 01:,1560988800,0.03,45805
Jun 21 2019 01:,1561075200,0.03,46604
Jun 22 2019 01:,1561161600,0.03,47138
Jun 23 2019 01:,1561248000,0.03,48763
Jun 24 2019 01:,1561334400,0.03,39336
Jun 25 2019 01:,1561420800,0.03,57169
Jun 26 2019 01:,1561507200,0.03,54298
Jun 27 2019 01:,1561593600,0.03,58152
Jun 28 2019 01:,1561680000,0.03,46700
Jun 29 2019 01:,1561766400,0.03,47005
Jun 30 2019 01:,1561852800,0.03,46753
Jul 01 2019 01:,1561939200,0.03,42644
Jul 02 2019 01:,1562025600,0.03,47292
Jul 03 2019 01:,1562112000,0.03,47010
Jul 04 2019 01:,1562198400,0.03,42891
Jul 05 2019 01:,1562284800,0.03,42206
Jul 06 2019 01:,1562371200,0.03,45369
Jul 07 2019 01:,1562457600,0.03,41105
Jul 08 2019 01:,1562544000,0.03,40002
Jul 09 2019 01:,1562630400,0.03,44594
Jul 10 2019 01:,1562716800,0.03,43254
Jul 11 2019 01:,1562803200,0.03,43681
Jul 12 2019 01:,1562889600,0.03,43736
Jul 13 2019 01:,1562976000,0.03,42097
Jul 14 2019 01:,1563062400,0.03,52110
Jul 15 2019 01:,1563148800,0.03,42055
Jul 16 2019 01:,1563235200,0.03,50767
Jul 17 2019 01:,1563321600,0.03,49280
Jul 18 2019 01:,1563408000,0.03,48714
Jul 19 2019 01:,1563494400,0.03,54457
Jul 20 2019 01:,1563580800,0.03,49556
Jul 21 2019 01:,1563667200,0.03,52156
Jul 22 2019 01:,1563753600,0.03,44069
Jul 23 2019 01:,1563840000,0.03,50675
Jul 24 2019 01:,1563926400,0.03,44970
Jul 25 2019 01:,1564012800,0.03,56545
Jul 26 2019 01:,1564099200,0.03,55373
Jul 27 2019 01:,1564185600,0.03,45448
Jul 28 2019 01:,1564272000,0.03,46606
Jul 29 2019 01:,1564358400,0.03,49803
Jul 30 2019 01:,1564444800,0.03,46394
Jul 31 2019 01:,1564531200,0.03,63006
Aug 01 2019 01:,1564617600,0.03,59781
Aug 02 2019 01:,1564704000,0.03,55808
Aug 03 2019 01:,1564790400,0.03,54604
Aug 04 2019 01:,1564876800,0.03,78578
Aug 05 2019 01:,1564963200,0.03,69894
Aug 06 2019 01:,1565049600,0.03,70263
Aug 07 2019 01:,1565136000,0.03,64838
Aug 08 2019 01:,1565222400,0.03,73454
Aug 09 2019 01:,1565308800,0.03,78180
Aug 10 2019 01:,1565395200,0.03,85068
Aug 11 2019 01:,1565481600,0.03,190308
Aug 12 2019 01:,1565568000,0.03,136511
Aug 13 2019 01:,1565654400,0.03,120920
Aug 14 2019 01:,1565740800,0.03,84619
Aug 15 2019 01:,1565827200,0.03,63414
Aug 16 2019 01:,1565913600,0.03,82041
Aug 17 2019 01:,1566000000,0.03,69112
Aug 18 2019 01:,1566086400,0.03,80775
Aug 19 2019 01:,1566172800,0.03,67260
Aug 20 2019 01:,1566259200,0.03,68000
Aug 21 2019 01:,1566345600,0.03,73186
Aug 22 2019 01:,1566432000,0.03,76557
Aug 23 2019 01:,1566518400,0.03,93145
Aug 24 2019 01:,1566604800,0.03,85443
Aug 25 2019 01:,1566691200,0.03,81684
Aug 26 2019 01:,1566777600,0.03,79504
Aug 27 2019 01:,1566864000,0.03,84579
Aug 28 2019 01:,1566950400,0.03,60451
Aug 29 2019 01:,1567036800,0.03,74829
Aug 30 2019 01:,1567123200,0.03,86312
Aug 31 2019 01:,1567209600,0.03,91335
Sep 01 2019 01:,1567296000,0.03,99321
Sep 02 2019 01:,1567382400,0.03,88541
Sep 03 2019 01:,1567468800,0.032,91426
Sep 04 2019 01:,1567555200,0.035,95904
Sep 05 2019 01:,1567641600,0.039,88474
Sep 06 2019 01:,1567728000,0.044,105938
Sep 07 2019 01:,1567814400,0.047,126890
Sep 08 2019 01:,1567900800,0.039,125457
Sep 09 2019 01:,1567987200,0.038,97702
Sep 10 2019 01:,1568073600,0.04,97994
Sep 11 2019 01:,1568160000,0.046,102415
Sep 12 2019 01:,1568246400,0.048,95291
Sep 13 2019 01:,1568332800,0.049,108235
Sep 14 2019 01:,1568419200,0.049,123528
Sep 15 2019 01:,1568505600,0.048,113418
Sep 16 2019 01:,1568592000,0.046,84913
Sep 17 2019 01:,1568678400,0.043,87836
Sep 18 2019 01:,1568764800,0.046,91987
Sep 19 2019 01:,1568851200,0.049,89435
Sep 20 2019 01:,1568937600,0.051,98285
Sep 21 2019 01:,1569024000,0.05,109862
Sep 22 2019 01:,1569110400,0.05,106841
Sep 23 2019 01:,1569196800,0.053,85311
Sep 24 2019 01:,1569283200,0.052,80833
Sep 25 2019 01:,1569369600,0.055,97851
Sep 26 2019 01:,1569456000,0.066,97023
Sep 27 2019 01:,1569542400,0.074,99942
Sep 28 2019 01:,1569628800,0.082,118508
Sep 29 2019 01:,1569715200,0.081,116652
Sep 30 2019 01:,1569801600,0.079,98102
Oct 01 2019 01:,1569888000,0.088,116358
Oct 02 2019 01:,1569974400,0.097,110730
Oct 03 2019 01:,1570060800,0.098,126992
Oct 04 2019 01:,1570147200,0.099,131573
Oct 05 2019 01:,1570233600,0.09,135065
Oct 06 2019 01:,1570320000,0.079,124635
Oct 07 2019 01:,1570406400,0.08,99508
Oct 08 2019 01:,1570492800,0.084,105339
Oct 09 2019 01:,1570579200,0.09,116394
Oct 10 2019 01:,1570665600,0.097,125177
Oct 11 2019 01:,1570752000,0.101,113268
Oct 12 2019 01:,1570838400,0.097,137414
Oct 13 2019 01:,1570924800,0.099,136267
Oct 14 2019 01:,1571011200,0.1,111454
Oct 15 2019 01:,1571097600,0.103,98357
Oct 16 2019 01:,1571184000,0.101,91566
Oct 17 2019 01:,1571270400,0.101,96477
Oct 18 2019 01:,1571356800,0.101,124791
Oct 19 2019 01:,1571443200,0.089,160049
Oct 20 2019 01:,1571529600,0.077,139081
Oct 21 2019 01:,1571616000,0.074,111395
Oct 22 2019 01:,1571702400,0.068,86399
Oct 23 2019 01:,1571788800,0.064,89942
Oct 24 2019 01:,1571875200,0.062,90808
Oct 25 2019 01:,1571961600,0.063,100500
Oct 26 2019 01:,1572048000,0.061,113200
Oct 27 2019 01:,1572138000,0.06,103092
Oct 28 2019 01:,1572224400,0.056,80129
Oct 29 2019 01:,1572310800,0.047,71591
Oct 30 2019 01:,1572397200,0.034,60186
Oct 31 2019 01:,1572483600,0.03,64145
Nov 01 2019 01:,1572570000,0.03,68565
Nov 02 2019 01:,1572656400,0.042,122008
Nov 03 2019 01:,1572742800,0.045,73580
Nov 04 2019 01:,1572829200,0.039,59734
Nov 05 2019 01:,1572915600,0.037,52504
Nov 06 2019 01:,1573002000,0.035,48189
Nov 07 2019 01:,1573088400,0.032,54112
Nov 08 2019 01:,1573174800,0.03,53154
Nov 09 2019 01:,1573261200,0.03,60550
Nov 10 2019 01:,1573347600,0.03,57132
Nov 11 2019 01:,1573434000,0.03,52907
Nov 12 2019 01:,1573520400,0.03,41271
Nov 13 2019 01:,1573606800,0.03,41547
Nov 14 2019 01:,1573693200,0.03,44745
Nov 15 2019 01:,1573779600,0.03,45895
Nov 16 2019 01:,1573866000,0.03,54764
Nov 17 2019 01:,1573952400,0.03,45619
Nov 18 2019 01:,1574038800,0.03,42130
Nov 19 2019 01:,1574125200,0.03,62371
Nov 20 2019 01:,1574211600,0.03,48686
Nov 21 2019 01:,1574298000,0.03,43172
Nov 22 2019 01:,1574384400,0.03,41954
Nov 23 2019 01:,1574470800,0.03,70157
Nov 24 2019 01:,1574557200,0.03,60228
Nov 25 2019 01:,1574643600,0.03,45457
Nov 26 2019 01:,1574730000,0.03,50304
Nov 27 2019 01:,1574816400,0.03,55016
Nov 28 2019 01:,1574902800,0.03,49968
Nov 29 2019 01:,1574989200,0.03,46914
Nov 30 2019 01:,1575075600,0.03,53928
Dec 01 2019 01:,1575162000,0.03,50804
Dec 02 2019 01:,1575248400,0.03,42649
Dec 03 2019 01:,1575334800,0.03,42760
Dec 04 2019 01:,1575421200,0.03,43949
Dec 05 2019 01:,1575507600,0.03,40049
Dec 06 2019 01:,1575594000,0.03,41153
Dec 07 2019 01:,1575680400,0.03,49181
Dec 08 2019 01:,1575766800,0.03,52431
Dec 09 2019 01:,1575853200,0.03,50945
Dec 10 2019 01:,1575939600,0.03,45586
Dec 11 2019 01:,1576026000,0.03,49146
Dec 12 2019 01:,1576112400,0.03,45518
Dec 13 2019 01:,1576198800,0.03,51376
Dec 14 2019 01:,1576285200,0.03,51980
Dec 15 2019 01:,1576371600,0.03,46266
Dec 16 2019 01:,1576458000,0.03,43420
Dec 17 2019 01:,1576544400,0.03,43660
Dec 18 2019 01:,1576630800,0.03,49467
Dec 19 2019 01:,1576717200,0.03,52473
Dec 20 2019 01:,1576803600,0.03,52273
Dec 21 2019 01:,1576890000,0.03,56221
Dec 22 2019 01:,1576976400,0.03,47235
Dec 23 2019 01:,1577062800,0.03,66771
Dec 24 2019 01:,1577149200,0.03,53409
Dec 25 2019 01:,1577235600,0.03,56878
Dec 26 2019 01:,1577322000,0.03,69251
Dec 27 2019 01:,1577408400,0.03,57695
Dec 28 2019 01:,1577494800,0.03,62838
Dec 29 2019 01:,1577581200,0.03,58365
Dec 30 2019 01:,1577667600,0.03,53710
Dec 31 2019 01:,1577754000,0.03,51914
Jan 01 2020 01:,1577840400,0.03,52506
Jan 02 2020 01:,1577926800,0.03,61623
Jan 03 2020 01:,1578013200,0.03,58494
Jan 04 2020 01:,1578099600,0.03,61323
Jan 05 2020 01:,1578186000,0.03,68359
Jan 06 2020 01:,1578272400,0.03,60141
Jan 07 2020 01:,1578358800,0.03,56575
Jan 08 2020 01:,1578445200,0.03,56582
Jan 09 2020 01:,1578531600,0.03,62510
Jan 10 2020 01:,1578618000,0.03,60505
Jan 11 2020 01:,1578704400,0.03,71036
Jan 12 2020 01:,1578790800,0.03,64842
Jan 13 2020 01:,1578877200,0.03,59586
Jan 14 2020 01:,1578963600,0.03,57240
Jan 15 2020 01:,1579050000,0.03,62116
Jan 16 2020 01:,1579136400,0.03,67106
Jan 17 2020 01:,1579222800,0.03,77943
Jan 18 2020 01:,1579309200,0.03,78921
Jan 19 2020 01:,1579395600,0.03,84551
Jan 20 2020 01:,1579482000,0.038,117569
Jan 21 2020 01:,1579568400,0.04,95106
Jan 22 2020 01:,1579654800,0.039,70700
Jan 23 2020 01:,1579741200,0.035,77474
Jan 24 2020 01:,1579827600,0.033,88665
Jan 25 2020 01:,1579914000,0.034,99763
Jan 26 2020 01:,1580000400,0.031,89552
Jan 27 2020 01:,1580086800,0.031,78782
Jan 28 2020 01:,1580173200,0.037,89852
Jan 29 2020 01:,1580259600,0.04,81168
Jan 30 2020 01:,1580346000,0.04,67427
Jan 31 2020 01:,1580432400,0.042,77111
Feb 01 2020 01:,1580518800,0.041,82443
Feb 02 2020 01:,1580605200,0.039,92995
Feb 03 2020 01:,1580691600,0.04,77947
Feb 04 2020 01:,1580778000,0.041,76737
Feb 05 2020 01:,1580864400,0.04,80136
Feb 06 2020 01:,1580950800,0.042,92726
Feb 07 2020 01:,1581037200,0.049,117396
Feb 08 2020 01:,1581123600,0.048,104123
Feb 09 2020 01:,1581210000,0.044,104449
Feb 10 2020 01:,1581296400,0.039,72329
Feb 11 2020 01:,1581382800,0.036,66218
Feb 12 2020 01:,1581469200,0.036,73866
Feb 13 2020 01:,1581555600,0.036,73867
Feb 14 2020 01:,1581642000,0.042,90683
Feb 15 2020 01:,1581728400,0.041,97611
Feb 16 2020 01:,1581814800,0.04,92612
Feb 17 2020 01:,1581901200,0.04,68231
Feb 18 2020 01:,1581987600,0.039,73025
Feb 19 2020 01:,1582074000,0.038,74140
Feb 20 2020 01:,1582160400,0.038,76942
Feb 21 2020 01:,1582246800,0.041,94313
Feb 22 2020 01:,1582333200,0.043,112108
Feb 23 2020 01:,1582419600,0.058,185358
Feb 24 2020 01:,1582506000,0.06,147232
Feb 25 2020 01:,1582592400,0.065,130932
Feb 26 2020 01:,1582678800,0.064,110440
Feb 27 2020 01:,1582765200,0.068,115830
Feb 28 2020 01:,1582851600,0.06,105689
Feb 29 2020 01:,1582938000,0.058,128417
Mar 01 2020 01:,1583024400,0.058,122093
Mar 02 2020 01:,1583110800,0.055,96262
Mar 03 2020 01:,1583197200,0.053,90256
Mar 04 2020 01:,1583283600,0.05,97442
Mar 05 2020 01:,1583370000,0.049,85927
Mar 06 2020 01:,1583456400,0.048,93915
Mar 07 2020 01:,1583542800,0.046,102614
Mar 08 2020 01:,1583629200,0.045,96635
Mar 09 2020 01:,1583715600,0.045,84233
Mar 10 2020 01:,1583802000,0.043,76801
Mar 11 2020 01:,1583888400,0.043,82938
Mar 12 2020 01:,1583974800,0.041,81584
Mar 13 2020 01:,1584061200,0.039,98923
Mar 14 2020 01:,1584147600,0.04,95495
Mar 15 2020 01:,1584234000,0.04,95156
Mar 16 2020 01:,1584320400,0.038,81654
Mar 17 2020 01:,1584406800,0.036,82856
Mar 18 2020 01:,1584493200,0.033,83151
Mar 19 2020 01:,1584579600,0.03,82469
Mar 20 2020 01:,1584666000,0.03,85599
Mar 21 2020 01:,1584752400,0.03,78479
Mar 22 2020 01:,1584838800,0.03,84644
Mar 23 2020 01:,1584925200,0.03,81625
Mar 24 2020 01:,1585011600,0.03,75551
Mar 25 2020 01:,1585098000,0.03,80577
Mar 26 2020 01:,1585184400,0.03,77413
Mar 27 2020 01:,1585270800,0.03,77463
Mar 28 2020 01:,1585357200,0.03,82607
Mar 29 2020 01:,1585440000,0.03,70609
Mar 30 2020 01:,1585526400,0.03,90877
Mar 31 2020 01:,1585612800,0.03,100404
Apr 01 2020 01:,1585699200,0.03,118862
Apr 02 2020 01:,1585785600,0.03,115821
Apr 03 2020 01:,1585872000,0.03,103776
Apr 04 2020 01:,1585958400,0.03,104569
Apr 05 2020 01:,1586044800,0.03,96209
Apr 06 2020 01:,1586131200,0.03,113695
Apr 07 2020 01:,1586217600,0.03,103411
Apr 08 2020 01:,1586304000,0.03,114994
Apr 09 2020 01:,1586390400,0.03,101979
Apr 10 2020 01:,1586476800,0.03,95686
Apr 11 2020 01:,1586563200,0.03,111160
Apr 12 2020 01:,1586649600,0.03,96099
Apr 13 2020 01:,1586736000,0.03,103752
Apr 14 2020 01:,1586822400,0.03,115124
Apr 15 2020 01:,1586908800,0.03,108439
Apr 16 2020 01:,1586995200,0.03,120428
Apr 17 2020 01:,1587081600,0.03,116075
Apr 18 2020 01:,1587168000,0.03,102242
Apr 19 2020 01:,1587254400,0.03,105986
Apr 20 2020 01:,1587340800,0.03,106734
Apr 21 2020 01:,1587427200,0.03,104135
Apr 22 2020 01:,1587513600,0.03,114130
Apr 23 2020 01:,1587600000,0.03,105216
Apr 24 2020 01:,1587686400,0.03,104977
Apr 25 2020 01:,1587772800,0.03,100498
Apr 26 2020 01:,1587859200,0.03,107462
Apr 27 2020 01:,1587945600,0.03,101519
Apr 28 2020 01:,1588032000,0.03,98592
Apr 29 2020 01:,1588118400,0.03,51349
Apr 29 2020 15:,1588168800,0.033,5965
Apr 29 2020 16:,1588172400,0.03,4254
Apr 29 2020 17:,1588176000,0.03,5692
Apr 29 2020 18:,1588179600,0.03,6222
Apr 29 2020 19:,1588183200,0.03,5383
Apr 29 2020 20:,1588186800,0.03,4624
Apr 29 2020 21:,1588190400,0.03,5576
Apr 29 2020 22:,1588194000,0.03,4583
Apr 29 2020 23:,1588197600,0.03,3792
Apr 30 2020 00:,1588201200,0.03,3169
Apr 30 2020 01:,1588204800,0.03,3002
Apr 30 2020 02:,1588208400,0.03,3229
Apr 30 2020 03:,1588212000,0.03,4530
Apr 30 2020 04:,1588215600,0.03,2225
Apr 30 2020 05:,1588219200,0.03,2753
Apr 30 2020 06:,1588222800,0.03,2687
Apr 30 2020 07:,1588226400,0.03,3371
Apr 30 2020 08:,1588230000,0.03,3596
Apr 30 2020 09:,1588233600,0.03,4112
Apr 30 2020 10:,1588237200,0.03,3585
Apr 30 2020 11:,1588240800,0.03,4169
Apr 30 2020 12:,1588244400,0.03,3515
Apr 30 2020 13:,1588248000,0.03,5705
Apr 30 2020 14:,1588251600,0.03,5168
Apr 30 2020 15:,1588255200,0.03,4615
Apr 30 2020 16:,1588258800,0.03,7329
Apr 30 2020 17:,1588262400,0.03,5821
Apr 30 2020 18:,1588266000,0.03,4842
Apr 30 2020 19:,1588269600,0.03,4991
Apr 30 2020 20:,1588273200,0.043,6833
Apr 30 2020 21:,1588276800,0.03,5086
Apr 30 2020 22:,1588280400,0.03,4553
Apr 30 2020 23:,1588284000,0.03,4204
May 01 2020 00:,1588287600,0.03,3063
May 01 2020 01:,1588291200,0.03,2665
May 01 2020 02:,1588294800,0.03,2864
May 01 2020 03:,1588298400,0.03,2649
May 01 2020 04:,1588302000,0.03,2506
May 01 2020 05:,1588305600,0.03,2624
May 01 2020 06:,1588309200,0.03,3083
May 01 2020 07:,1588312800,0.03,2533
May 01 2020 08:,1588316400,0.03,2980
May 01 2020 09:,1588320000,0.03,4202
May 01 2020 10:,1588323600,0.03,3998
May 01 2020 11:,1588327200,0.03,3674
May 01 2020 12:,1588330800,0.03,4223
May 01 2020 13:,1588334400,0.03,5620
May 01 2020 14:,1588338000,0.03,5331
May 01 2020 15:,1588341600,0.03,4605
May 01 2020 16:,1588345200,0.03,5801
May 01 2020 17:,1588348800,0.03,5018
May 01 2020 18:,1588352400,0.03,7214
May 01 2020 19:,1588356000,0.03,5833
May 01 2020 20:,1588359600,0.03,5626
May 01 2020 21:,1588363200,0.03,5686
May 01 2020 22:,1588366800,0.03,5632
May 01 2020 23:,1588370400,0.03,4369
May 02 2020 00:,1588374000,0.03,3235
May 02 2020 01:,1588377600,0.03,2916
May 02 2020 02:,1588381200,0.03,2366
May 02 2020 03:,1588384800,0.03,4483
May 02 2020 04:,1588388400,0.03,3545
May 02 2020 05:,1588392000,0.03,3119
May 02 2020 06:,1588395600,0.03,3184
May 02 2020 07:,1588399200,0.03,2853
May 02 2020 08:,1588402800,0.03,2529
May 02 2020 09:,1588406400,0.03,4355
May 02 2020 10:,1588410000,0.03,4161
May 02 2020 11:,1588413600,0.03,4265
May 02 2020 12:,1588417200,0.03,6087
May 02 2020 13:,1588420800,0.03,7875
May 02 2020 14:,1588424400,0.03,6319
May 02 2020 15:,1588428000,0.03,5389
May 02 2020 16:,1588431600,0.03,5314
May 02 2020 17:,1588435200,0.03,5237
May 02 2020 18:,1588438800,0.03,5228
May 02 2020 19:,1588442400,0.03,5029
May 02 2020 20:,1588446000,0.03,5986
May 02 2020 21:,1588449600,0.03,5045
May 02 2020 22:,1588453200,0.03,5932
May 02 2020 23:,1588456800,0.03,3707
May 03 2020 00:,1588460400,0.03,4269
May 03 2020 01:,1588464000,0.03,2785
May 03 2020 02:,1588467600,0.03,3553
May 03 2020 03:,1588471200,0.03,3471
May 03 2020 04:,1588474800,0.03,4308
May 03 2020 05:,1588478400,0.03,3663
May 03 2020 06:,1588482000,0.03,2589
May 03 2020 07:,1588485600,0.03,3305
May 03 2020 08:,1588489200,0.03,2663
May 03 2020 09:,1588492800,0.03,3802
May 03 2020 10:,1588496400,0.03,5433
May 03 2020 11:,1588500000,0.03,4724
May 03 2020 12:,1588503600,0.03,5244
May 03 2020 13:,1588507200,0.03,5047
May 03 2020 14:,1588510800,0.03,7387
May 03 2020 15:,1588514400,0.03,6424
May 03 2020 16:,1588518000,0.03,5261
May 03 2020 17:,1588521600,0.03,3815
May 03 2020 18:,1588525200,0.03,6748
May 03 2020 19:,1588528800,0.03,4849
May 03 2020 20:,1588532400,0.03,5478
May 03 2020 21:,1588536000,0.03,4854
May 03 2020 22:,1588539600,0.03,5546
May 03 2020 23:,1588543200,0.03,4679
May 04 2020 00:,1588546800,0.03,4568
May 04 2020 01:,1588550400,0.03,2601
May 04 2020 02:,1588554000,0.03,2648
May 04 2020 03:,1588557600,0.03,3205
May 04 2020 04:,1588561200,0.03,4569
May 04 2020 05:,1588564800,0.03,3149
May 04 2020 06:,1588568400,0.03,3494
May 04 2020 07:,1588572000,0.03,4035
May 04 2020 08:,1588575600,0.03,3122
May 04 2020 09:,1588579200,0.03,3221
May 04 2020 10:,1588582800,0.03,3623
May 04 2020 11:,1588586400,0.03,4502
May 04 2020 12:,1588590000,0.03,5693
May 04 2020 13:,1588593600,0.03,5770
May 04 2020 14:,1588597200,0.03,5242
May 04 2020 15:,1588600800,0.03,5024
May 04 2020 16:,1588604400,0.03,5156
May 04 2020 17:,1588608000,0.03,4822
May 04 2020 18:,1588611600,0.03,4562
May 04 2020 19:,1588615200,0.03,4256
May 04 2020 20:,1588618800,0.03,4273
May 04 2020 21:,1588622400,0.03,5291
May 04 2020 22:,1588626000,0.03,4283
May 04 2020 23:,1588629600,0.03,3787
May 05 2020 00:,1588633200,0.03,3002
May 05 2020 01:,1588636800,0.03,2620
May 05 2020 02:,1588640400,0.03,2716
May 05 2020 03:,1588644000,0.03,2867
May 05 2020 04:,1588647600,0.03,3185
May 05 2020 05:,1588651200,0.03,2646
May 05 2020 06:,1588654800,0.03,2738
May 05 2020 07:,1588658400,0.03,3155
May 05 2020 08:,1588662000,0.03,3339
May 05 2020 09:,1588665600,0.03,4512
May 05 2020 10:,1588669200,0.03,5087
May 05 2020 11:,1588672800,0.03,4470
May 05 2020 12:,1588676400,0.03,5207
May 05 2020 13:,1588680000,0.03,5625
May 05 2020 14:,1588683600,0.03,4947
May 05 2020 15:,1588687200,0.03,5700
May 05 2020 16:,1588690800,0.03,5120
May 05 2020 17:,1588694400,0.03,6193
May 05 2020 18:,1588698000,0.03,6158
May 05 2020 19:,1588701600,0.03,5453
May 05 2020 20:,1588705200,0.03,3895
May 05 2020 21:,1588708800,0.03,4203
May 05 2020 22:,1588712400,0.03,4135
May 05 2020 23:,1588716000,0.03,3012
May 06 2020 00:,1588719600,0.03,2848
May 06 2020 01:,1588723200,0.03,3273
May 06 2020 02:,1588726800,0.03,3713
May 06 2020 03:,1588730400,0.03,2535
May 06 2020 04:,1588734000,0.03,2108
May 06 2020 05:,1588737600,0.03,2330
May 06 2020 06:,1588741200,0.03,3506
May 06 2020 07:,1588744800,0.03,2640
May 06 2020 08:,1588748400,0.03,3339
May 06 2020 09:,1588752000,0.03,3253
May 06 2020 10:,1588755600,0.03,4362
May 06 2020 11:,1588759200,0.03,5003
May 06 2020 12:,1588762800,0.03,5066
May 06 2020 13:,1588766400,0.03,5000
May 06 2020 14:,1588770000,0.03,5079
May 06 2020 15:,1588773600,0.03,5359
May 06 2020 16:,1588777200,0.03,5522
May 06 2020 17:,1588780800,0.03,6134
May 06 2020 18:,1588784400,0.03,5557
May 06 2020 19:,1588788000,0.03,6066
May 06 2020 20:,1588791600,0.03,5337
May 06 2020 21:,1588795200,0.03,4675
May 06 2020 22:,1588798800,0.03,4782
May 06 2020 23:,1588802400,0.03,3958
May 07 2020 00:,1588806000,0.03,3237
May 07 2020 01:,1588809600,0.03,3402
May 07 2020 02:,1588813200,0.03,2528
May 07 2020 03:,1588816800,0.03,2375
May 07 2020 04:,1588820400,0.03,2593
May 07 2020 05:,1588824000,0.03,3698
May 07 2020 06:,1588827600,0.03,3135
May 07 2020 07:,1588831200,0.03,4739
May 07 2020 08:,1588834800,0.03,4225
May 07 2020 09:,1588838400,0.03,3964
May 07 2020 10:,1588842000,0.03,4356
May 07 2020 11:,1588845600,0.03,4753
May 07 2020 12:,1588849200,0.03,5403
May 07 2020 13:,1588852800,0.03,5057
May 07 2020 14:,1588856400,0.03,5172
May 07 2020 15:,1588860000,0.03,4929
May 07 2020 16:,1588863600,0.03,6371
May 07 2020 17:,1588867200,0.03,5881
May 07 2020 18:,1588870800,0.03,6387
May 07 2020 19:,1588874400,0.03,6415
May 07 2020 20:,1588878000,0.03,6177
May 07 2020 21:,1588881600,0.03,5362
May 07 2020 22:,1588885200,0.03,4906
May 07 2020 23:,1588888800,0.03,4179
May 08 2020 00:,1588892400,0.03,3002
May 08 2020 01:,1588896000,0.03,3634
May 08 2020 02:,1588899600,0.03,2987
May 08 2020 03:,1588903200,0.03,3257
May 08 2020 04:,1588906800,0.03,3793
May 08 2020 05:,1588910400,0.03,2960
May 08 2020 06:,1588914000,0.03,3834
May 08 2020 07:,1588917600,0.03,3611
May 08 2020 08:,1588921200,0.03,4419
May 08 2020 09:,1588924800,0.03,5055
May 08 2020 10:,1588928400,0.03,4749
May 08 2020 11:,1588932000,0.03,5401
May 08 2020 12:,1588935600,0.03,5055
May 08 2020 13:,1588939200,0.03,5504
May 08 2020 14:,1588942800,0.03,6208
May 08 2020 15:,1588946400,0.03,5804
May 08 2020 16:,1588950000,0.03,6399
May 08 2020 17:,1588953600,0.03,5575
May 08 2020 18:,1588957200,0.03,9916
May 08 2020 19:,1588960800,0.03,6682
May 08 2020 20:,1588964400,0.03,9677
May 08 2020 21:,1588968000,0.03,6446
May 08 2020 22:,1588971600,0.03,6403
May 08 2020 23:,1588975200,0.03,4220
May 09 2020 00:,1588978800,0.03,3311
May 09 2020 01:,1588982400,0.03,3710
May 09 2020 02:,1588986000,0.03,2800
May 09 2020 03:,1588989600,0.03,2940
May 09 2020 04:,1588993200,0.03,3209
May 09 2020 05:,1588996800,0.03,3213
May 09 2020 06:,1589000400,0.03,4679
May 09 2020 07:,1589004000,0.03,3713
May 09 2020 08:,1589007600,0.03,3559
May 09 2020 09:,1589011200,0.03,4809
May 09 2020 10:,1589014800,0.03,3778
May 09 2020 11:,1589018400,0.03,4170
May 09 2020 12:,1589022000,0.03,5473
May 09 2020 13:,1589025600,0.03,4764
May 09 2020 14:,1589029200,0.03,5416
May 09 2020 15:,1589032800,0.03,6211
May 09 2020 16:,1589036400,0.03,5943
May 09 2020 17:,1589040000,0.03,5806
May 09 2020 18:,1589043600,0.03,6226
May 09 2020 19:,1589047200,0.03,4892
May 09 2020 20:,1589050800,0.03,4609
May 09 2020 21:,1589054400,0.03,5178
May 09 2020 22:,1589058000,0.03,4161
May 09 2020 23:,1589061600,0.03,3575
May 10 2020 00:,1589065200,0.03,4017
May 10 2020 01:,1589068800,0.032,3593
May 10 2020 02:,1589072400,0.03,3849
May 10 2020 03:,1589076000,0.03,4373
May 10 2020 04:,1589079600,0.03,3979
May 10 2020 05:,1589083200,0.032,2943
May 10 2020 06:,1589086800,0.03,2788
May 10 2020 07:,1589090400,0.03,2047
May 10 2020 08:,1589094000,0.03,3387
May 10 2020 09:,1589097600,0.03,3200
May 10 2020 10:,1589101200,0.03,4492
May 10 2020 11:,1589104800,0.03,3786
May 10 2020 12:,1589108400,0.03,4817
May 10 2020 13:,1589112000,0.03,5103
May 10 2020 14:,1589115600,0.03,5267
May 10 2020 15:,1589119200,0.03,6254
May 10 2020 16:,1589122800,0.03,5239
May 10 2020 17:,1589126400,0.03,5777
May 10 2020 18:,1589130000,0.03,5416
May 10 2020 19:,1589133600,0.03,5906
May 10 2020 20:,1589137200,0.03,7269
May 10 2020 21:,1589140800,0.03,4939
May 10 2020 22:,1589144400,0.03,4274
May 10 2020 23:,1589148000,0.03,3100
May 11 2020 00:,1589151600,0.03,3609
May 11 2020 01:,1589155200,0.03,2229
May 11 2020 02:,1589158800,0.03,3251
May 11 2020 03:,1589162400,0.03,2971
May 11 2020 04:,1589166000,0.03,2725
May 11 2020 05:,1589169600,0.03,3151
May 11 2020 06:,1589173200,0.03,3521
May 11 2020 07:,1589176800,0.03,2916
May 11 2020 08:,1589180400,0.03,3076
May 11 2020 09:,1589184000,0.03,3827
May 11 2020 10:,1589187600,0.03,4097
May 11 2020 11:,1589191200,0.03,4261
May 11 2020 12:,1589194800,0.03,4803
May 11 2020 13:,1589198400,0.03,5486
May 11 2020 14:,1589202000,0.03,6981
May 11 2020 15:,1589205600,0.03,5776
May 11 2020 16:,1589209200,0.03,5865
May 11 2020 17:,1589212800,0.03,6755
May 11 2020 18:,1589216400,0.031,6990
May 11 2020 19:,1589220000,0.03,6192
May 11 2020 20:,1589223600,0.03,5802
May 11 2020 21:,1589227200,0.03,4313
May 11 2020 22:,1589230800,0.03,4198
May 11 2020 23:,1589234400,0.03,3762
May 12 2020 00:,1589238000,0.03,2870
May 12 2020 01:,1589241600,0.03,3293
May 12 2020 02:,1589245200,0.03,4001
May 12 2020 03:,1589248800,0.03,3120
May 12 2020 04:,1589252400,0.03,2500
May 12 2020 05:,1589256000,0.032,3387
May 12 2020 06:,1589259600,0.03,3531
May 12 2020 07:,1589263200,0.032,4962
May 12 2020 08:,1589266800,0.03,3888
May 12 2020 09:,1589270400,0.031,4905
May 12 2020 10:,1589274000,0.03,4028
May 12 2020 11:,1589277600,0.03,4428
May 12 2020 12:,1589281200,0.03,5130
May 12 2020 13:,1589284800,0.03,4577
May 12 2020 14:,1589288400,0.03,4735
May 12 2020 15:,1589292000,0.03,5173
May 12 2020 16:,1589295600,0.03,5296
May 12 2020 17:,1589299200,0.03,6174
May 12 2020 18:,1589302800,0.03,5406
May 12 2020 19:,1589306400,0.03,5670
May 12 2020 20:,1589310000,0.03,4948
May 12 2020 21:,1589313600,0.03,4930
May 12 2020 22:,1589317200,0.03,3777
May 12 2020 23:,1589320800,0.03,3651
May 13 2020 00:,1589324400,0.03,2551
May 13 2020 01:,1589328000,0.03,2445
May 13 2020 02:,1589331600,0.03,2591
May 13 2020 03:,1589335200,0.03,2388
May 13 2020 04:,1589338800,0.03,3161
May 13 2020 05:,1589342400,0.03,3241
May 13 2020 06:,1589346000,0.03,2754
May 13 2020 07:,1589349600,0.031,3345
May 13 2020 08:,1589353200,0.03,3132
May 13 2020 09:,1589356800,0.03,3368
May 13 2020 10:,1589360400,0.03,3836
May 13 2020 11:,1589364000,0.03,4400
May 13 2020 12:,1589367600,0.03,5001
May 13 2020 13:,1589371200,0.03,5833
May 13 2020 14:,1589374800,0.03,4822
May 13 2020 15:,1589378400,0.03,4773
May 13 2020 16:,1589382000,0.03,5882
May 13 2020 17:,1589385600,0.03,6294
May 13 2020 18:,1589389200,0.03,5936
May 13 2020 19:,1589392800,0.03,4932
May 13 2020 20:,1589396400,0.03,5382
May 13 2020 21:,1589400000,0.03,5774
May 13 2020 22:,1589403600,0.03,4844
May 13 2020 23:,1589407200,0.03,3985
May 14 2020 00:,1589410800,0.03,3043
May 14 2020 01:,1589414400,0.03,3101
May 14 2020 02:,1589418000,0.03,3157
May 14 2020 03:,1589421600,0.03,2814
May 14 2020 04:,1589425200,0.03,2805
May 14 2020 05:,1589428800,0.032,3722
May 14 2020 06:,1589432400,0.031,4155
May 14 2020 07:,1589436000,0.031,3168
May 14 2020 08:,1589439600,0.03,3428
May 14 2020 09:,1589443200,0.03,3386
May 14 2020 10:,1589446800,0.031,5467
May 14 2020 11:,1589450400,0.043,7339
May 14 2020 12:,1589454000,0.032,6345
May 14 2020 13:,1589457600,0.032,7518
May 14 2020 14:,1589461200,0.032,5749
May 14 2020 15:,1589464800,0.03,5295
May 14 2020 16:,1589468400,0.03,5304
May 14 2020 17:,1589472000,0.03,6172
May 14 2020 18:,1589475600,0.03,5791
May 14 2020 19:,1589479200,0.031,7498
May 14 2020 20:,1589482800,0.031,7413
May 14 2020 21:,1589486400,0.03,5968
May 14 2020 22:,1589490000,0.03,5744
May 14 2020 23:,1589493600,0.03,3922
May 15 2020 00:,1589497200,0.03,2972
May 15 2020 01:,1589500800,0.03,4032
May 15 2020 02:,1589504400,0.03,3171
May 15 2020 03:,1589508000,0.03,3141
May 15 2020 04:,1589511600,0.031,3850
May 15 2020 05:,1589515200,0.031,3494
May 15 2020 06:,1589518800,0.031,4804
May 15 2020 07:,1589522400,0.031,4304
May 15 2020 08:,1589526000,0.032,4471
May 15 2020 09:,1589529600,0.031,4080
May 15 2020 10:,1589533200,0.031,4153
May 15 2020 11:,1589536800,0.032,5102
May 15 2020 12:,1589540400,0.033,4945
May 15 2020 13:,1589544000,0.032,6093
May 15 2020 14:,1589547600,0.031,4560
May 15 2020 15:,1589551200,0.034,6655
May 15 2020 16:,1589554800,0.034,6539
May 15 2020 17:,1589558400,0.034,5715
May 15 2020 18:,1589562000,0.032,5295
May 15 2020 19:,1589565600,0.03,4950
May 15 2020 20:,1589569200,0.03,4830
May 15 2020 21:,1589572800,0.03,5079
May 15 2020 22:,1589576400,0.03,5437
May 15 2020 23:,1589580000,0.031,4470
May 16 2020 00:,1589583600,0.032,3684
May 16 2020 01:,1589587200,0.034,3851
May 16 2020 02:,1589590800,0.034,2970
May 16 2020 03:,1589594400,0.035,2668
May 16 2020 04:,1589598000,0.034,2759
May 16 2020 05:,1589601600,0.035,2710
May 16 2020 06:,1589605200,0.036,3523
May 16 2020 07:,1589608800,0.035,3126
May 16 2020 08:,1589612400,0.034,2858
May 16 2020 09:,1589616000,0.035,3411
May 16 2020 10:,1589619600,0.034,4279
May 16 2020 11:,1589623200,0.034,4086
May 16 2020 12:,1589626800,0.034,4763
May 16 2020 13:,1589630400,0.034,5580
May 16 2020 14:,1589634000,0.034,6009
May 16 2020 15:,1589637600,0.034,6327
May 16 2020 16:,1589641200,0.035,5874
May 16 2020 17:,1589644800,0.034,5540
May 16 2020 18:,1589648400,0.035,6221
May 16 2020 19:,1589652000,0.036,5884
May 16 2020 20:,1589655600,0.035,4774
May 16 2020 21:,1589659200,0.034,5219
May 16 2020 22:,1589662800,0.033,4127
May 16 2020 23:,1589666400,0.033,4153
May 17 2020 00:,1589670000,0.032,3207
May 17 2020 01:,1589673600,0.032,2364
May 17 2020 02:,1589677200,0.035,3139
May 17 2020 03:,1589680800,0.035,3124
May 17 2020 04:,1589684400,0.035,2941
May 17 2020 05:,1589688000,0.035,2685
May 17 2020 06:,1589691600,0.035,2726
May 17 2020 07:,1589695200,0.038,3554
May 17 2020 08:,1589698800,0.037,3038
May 17 2020 09:,1589702400,0.037,4087
May 17 2020 10:,1589706000,0.035,3710
May 17 2020 11:,1589709600,0.035,3698
May 17 2020 12:,1589713200,0.037,5327
May 17 2020 13:,1589716800,0.034,4895
May 17 2020 14:,1589720400,0.035,5832
May 17 2020 15:,1589724000,0.037,6688
May 17 2020 16:,1589727600,0.037,5698
May 17 2020 17:,1589731200,0.037,5133
May 17 2020 18:,1589734800,0.035,5209
May 17 2020 19:,1589738400,0.035,5489
May 17 2020 20:,1589742000,0.038,6433
May 17 2020 21:,1589745600,0.037,4639
May 17 2020 22:,1589749200,0.034,4961
May 17 2020 23:,1589752800,0.038,5395
May 18 2020 00:,1589756400,0.034,2906
May 18 2020 01:,1589760000,0.035,3087
May 18 2020 02:,1589763600,0.035,2381
May 18 2020 03:,1589767200,0.035,2306
May 18 2020 04:,1589770800,0.037,2592
May 18 2020 05:,1589774400,0.038,3116
May 18 2020 06:,1589778000,0.037,3305
May 18 2020 07:,1589781600,0.037,2770
May 18 2020 08:,1589785200,0.038,3284
May 18 2020 09:,1589788800,0.038,5356
May 18 2020 10:,1589792400,0.038,4508
May 18 2020 11:,1589796000,0.038,4784
May 18 2020 12:,1589799600,0.037,4986
May 18 2020 13:,1589803200,0.037,4714
May 18 2020 14:,1589806800,0.038,4835
May 18 2020 15:,1589810400,0.038,5715
May 18 2020 16:,1589814000,0.038,6216
May 18 2020 17:,1589817600,0.038,7660
May 18 2020 18:,1589821200,0.038,4955
May 18 2020 19:,1589824800,0.038,5717
May 18 2020 20:,1589828400,0.038,5925
May 18 2020 21:,1589832000,0.035,5352
May 18 2020 22:,1589835600,0.037,4669
May 18 2020 23:,1589839200,0.037,3801
May 19 2020 00:,1589842800,0.037,3697
May 19 2020 01:,1589846400,0.037,2881
May 19 2020 02:,1589850000,0.037,2408
May 19 2020 03:,1589853600,0.037,2255
May 19 2020 04:,1589857200,0.037,4288
May 19 2020 05:,1589860800,0.039,3191
May 19 2020 06:,1589864400,0.039,3740
May 19 2020 07:,1589868000,0.038,3020
May 19 2020 08:,1589871600,0.039,4538
May 19 2020 09:,1589875200,0.039,5390
May 19 2020 10:,1589878800,0.039,5177
May 19 2020 11:,1589882400,0.039,5597
May 19 2020 12:,1589886000,0.038,5158
May 19 2020 13:,1589889600,0.039,5871
May 19 2020 14:,1589893200,0.039,6723
May 19 2020 15:,1589896800,0.039,7118
May 19 2020 16:,1589900400,0.039,5505
May 19 2020 17:,1589904000,0.039,5897
May 19 2020 18:,1589907600,0.04,6908
May 19 2020 19:,1589911200,0.039,5270
May 19 2020 20:,1589914800,0.039,6044
May 19 2020 21:,1589918400,0.038,4301
May 19 2020 22:,1589922000,0.038,4142
May 19 2020 23:,1589925600,0.05,3681
May 20 2020 00:,1589929200,0.038,1929
May 20 2020 01:,1589932800,0.038,3763
May 20 2020 02:,1589936400,0.038,3415
May 20 2020 03:,1589940000,0.039,3653
May 20 2020 04:,1589943600,0.039,3207
May 20 2020 05:,1589947200,0.04,3022
May 20 2020 06:,1589950800,0.041,4465
May 20 2020 07:,1589954400,0.041,7960
May 20 2020 08:,1589958000,0.041,4987
May 20 2020 09:,1589961600,0.041,7619
May 20 2020 10:,1589965200,0.041,9582
May 20 2020 11:,1589968800,0.041,7488
May 20 2020 12:,1589972400,0.041,6901
May 20 2020 13:,1589976000,0.041,7652
May 20 2020 14:,1589979600,0.041,6169
May 20 2020 15:,1589983200,0.04,6134
May 20 2020 16:,1589986800,0.042,8076
May 20 2020 17:,1589990400,0.041,7909
May 20 2020 18:,1589994000,0.041,7967
May 20 2020 19:,1589997600,0.041,7306
May 20 2020 20:,1590001200,0.055,8648
May 20 2020 21:,1590004800,0.039,5709
May 20 2020 22:,1590008400,0.055,6810
May 20 2020 23:,1590012000,0.039,5450
May 21 2020 00:,1590015600,0.053,4419
May 21 2020 01:,1590019200,0.041,5580
May 21 2020 02:,1590022800,0.039,4189
May 21 2020 03:,1590026400,0.042,3829
May 21 2020 04:,1590030000,0.039,2292
May 21 2020 05:,1590033600,0.041,2255
May 21 2020 06:,1590037200,0.042,3108
May 21 2020 07:,1590040800,0.042,3222
May 21 2020 08:,1590044400,0.042,4465
May 21 2020 09:,1590048000,0.042,5155
May 21 2020 10:,1590051600,0.055,6671
May 21 2020 11:,1590055200,0.042,5372
May 21 2020 12:,1590058800,0.044,6063
May 21 2020 13:,1590062400,0.043,5004
May 21 2020 14:,1590066000,0.044,5960
May 21 2020 15:,1590069600,0.044,6695
May 21 2020 16:,1590073200,0.045,7521
May 21 2020 17:,1590076800,0.044,5178
May 21 2020 18:,1590080400,0.045,5618
May 21 2020 19:,1590084000,0.042,5231
May 21 2020 20:,1590087600,0.042,5416
May 21 2020 21:,1590091200,0.044,5654
May 21 2020 22:,1590094800,0.044,5351
May 21 2020 23:,1590098400,0.044,4483
May 22 2020 00:,1590102000,0.044,3628
May 22 2020 01:,1590105600,0.044,3335
May 22 2020 02:,1590109200,0.045,2972
May 22 2020 03:,1590112800,0.045,2334
May 22 2020 04:,1590116400,0.045,2606
May 22 2020 05:,1590120000,0.045,2900
May 22 2020 06:,1590123600,0.048,3660
May 22 2020 07:,1590127200,0.048,4350
May 22 2020 08:,1590130800,0.046,4488
May 22 2020 09:,1590134400,0.046,4654
May 22 2020 10:,1590138000,0.045,4458
May 22 2020 11:,1590141600,0.046,4794
May 22 2020 12:,1590145200,0.046,6944
May 22 2020 13:,1590148800,0.045,6211
May 22 2020 14:,1590152400,0.048,7302
May 22 2020 15:,1590156000,0.045,6203
May 22 2020 16:,1590159600,0.048,8417
May 22 2020 17:,1590163200,0.048,8219
May 22 2020 18:,1590166800,0.048,8181
May 22 2020 19:,1590170400,0.048,9044
May 22 2020 20:,1590174000,0.047,7954
May 22 2020 21:,1590177600,0.046,5422
May 22 2020 22:,1590181200,0.046,5264
May 22 2020 23:,1590184800,0.046,4487
May 23 2020 00:,1590188400,0.049,5891
May 23 2020 01:,1590192000,0.049,5408
May 23 2020 02:,1590195600,0.049,4795
May 23 2020 03:,1590199200,0.049,5038
May 23 2020 04:,1590202800,0.051,6053
May 23 2020 05:,1590206400,0.051,3438
May 23 2020 06:,1590210000,0.051,5741
May 23 2020 07:,1590213600,0.051,5569
May 23 2020 08:,1590217200,0.051,4729
May 23 2020 09:,1590220800,0.052,4736
May 23 2020 10:,1590224400,0.052,5711
May 23 2020 11:,1590228000,0.052,6996
May 23 2020 12:,1590231600,0.052,7080
May 23 2020 13:,1590235200,0.053,5969
May 23 2020 14:,1590238800,0.053,8115
May 23 2020 15:,1590242400,0.056,9940
May 23 2020 16:,1590246000,0.053,8762
May 23 2020 17:,1590249600,0.053,9038
May 23 2020 18:,1590253200,0.052,6257
May 23 2020 19:,1590256800,0.053,8167
May 23 2020 20:,1590260400,0.051,5943
May 23 2020 21:,1590264000,0.053,5770
May 23 2020 22:,1590267600,0.066,5231
May 23 2020 23:,1590271200,0.055,5481
May 24 2020 00:,1590274800,0.055,4151
May 24 2020 01:,1590278400,0.049,2413
May 24 2020 02:,1590282000,0.05,3494
May 24 2020 03:,1590285600,0.051,3230
May 24 2020 04:,1590289200,0.051,2908
May 24 2020 05:,1590292800,0.052,2584
May 24 2020 06:,1590296400,0.052,2881
May 24 2020 07:,1590300000,0.052,3546
May 24 2020 08:,1590303600,0.052,3605
May 24 2020 09:,1590307200,0.052,3558
May 24 2020 10:,1590310800,0.051,5121
May 24 2020 11:,1590314400,0.051,5825
May 24 2020 12:,1590318000,0.051,6378
May 24 2020 13:,1590321600,0.052,7723
May 24 2020 14:,1590325200,0.052,6582
May 24 2020 15:,1590328800,0.055,6746
May 24 2020 16:,1590332400,0.051,6431
May 24 2020 17:,1590336000,0.051,7679
May 24 2020 18:,1590339600,0.051,6853
May 24 2020 19:,1590343200,0.051,6320
May 24 2020 20:,1590346800,0.049,8222
May 24 2020 21:,1590350400,0.05,6897
May 24 2020 22:,1590354000,0.047,5182
May 24 2020 23:,1590357600,0.048,4787
May 25 2020 00:,1590361200,0.046,3167
May 25 2020 01:,1590364800,0.046,3578
May 25 2020 02:,1590368400,0.047,2900
May 25 2020 03:,1590372000,0.048,3364
May 25 2020 04:,1590375600,0.048,3423
May 25 2020 05:,1590379200,0.047,2700
May 25 2020 06:,1590382800,0.047,2489
May 25 2020 07:,1590386400,0.047,3094
May 25 2020 08:,1590390000,0.048,4479
May 25 2020 09:,1590393600,0.047,4970
May 25 2020 10:,1590397200,0.047,4691
May 25 2020 11:,1590400800,0.047,5245
May 25 2020 12:,1590404400,0.047,5931
May 25 2020 13:,1590408000,0.047,5686
May 25 2020 14:,1590411600,0.047,5466
May 25 2020 15:,1590415200,0.047,6493
May 25 2020 16:,1590418800,0.046,7138
May 25 2020 17:,1590422400,0.044,7247
May 25 2020 18:,1590426000,0.042,7670
May 25 2020 19:,1590429600,0.042,7501
May 25 2020 20:,1590433200,0.041,5007
May 25 2020 21:,1590436800,0.06,831
May 25 2020 22:,1590440400,0.041,2758
May 25 2020 23:,1590444000,0.039,3244
May 26 2020 00:,1590447600,0.05,6215
May 26 2020 01:,1590451200,0.046,3516
May 26 2020 02:,1590454800,0.038,2372
May 26 2020 03:,1590458400,0.039,2504
May 26 2020 04:,1590462000,0.039,2328
May 26 2020 05:,1590465600,0.042,3933
May 26 2020 06:,1590469200,0.04,2844
May 26 2020 07:,1590472800,0.039,3337
May 26 2020 08:,1590476400,0.041,4908
May 26 2020 09:,1590480000,0.038,4925
May 26 2020 10:,1590483600,0.039,4671
May 26 2020 11:,1590487200,0.039,5138
May 26 2020 12:,1590490800,0.038,4560
May 26 2020 13:,1590494400,0.038,5426
May 26 2020 14:,1590498000,0.039,4154
May 26 2020 15:,1590501600,0.038,4974
May 26 2020 16:,1590505200,0.044,5113
May 26 2020 17:,1590508800,0.038,5531
May 26 2020 18:,1590512400,0.038,5769
May 26 2020 19:,1590516000,0.038,6134
May 26 2020 20:,1590519600,0.038,6302
May 26 2020 21:,1590523200,0.037,4946
May 26 2020 22:,1590526800,0.036,4857
May 26 2020 23:,1590530400,0.037,3299
May 27 2020 00:,1590534000,0.038,2865
May 27 2020 01:,1590537600,0.039,2411
May 27 2020 02:,1590541200,0.038,3080
May 27 2020 03:,1590544800,0.038,2215
May 27 2020 04:,1590548400,0.036,3078
May 27 2020 05:,1590552000,0.039,2934
May 27 2020 06:,1590555600,0.041,3233
May 27 2020 07:,1590559200,0.043,4669
May 27 2020 08:,1590562800,0.043,3476
May 27 2020 09:,1590566400,0.039,3417
May 27 2020 10:,1590570000,0.039,4102
May 27 2020 11:,1590573600,0.042,5330
May 27 2020 12:,1590577200,0.039,4292
May 27 2020 13:,1590580800,0.038,4089
May 27 2020 14:,1590584400,0.038,4390
May 27 2020 15:,1590588000,0.038,4357
May 27 2020 16:,1590591600,0.039,5409
May 27 2020 17:,1590595200,0.039,5664
May 27 2020 18:,1590598800,0.04,5049
May 27 2020 19:,1590602400,0.039,6020
May 27 2020 20:,1590606000,0.039,5540
May 27 2020 21:,1590609600,0.04,5702
May 27 2020 22:,1590613200,0.039,4618
May 27 2020 23:,1590616800,0.038,3992
May 28 2020 00:,1590620400,0.038,3207
May 28 2020 01:,1590624000,0.038,3296
May 28 2020 02:,1590627600,0.039,2698
May 28 2020 03:,1590631200,0.039,2299
May 28 2020 04:,1590634800,0.04,2226
May 28 2020 05:,1590638400,0.04,2039
May 28 2020 06:,1590642000,0.04,2199
May 28 2020 07:,1590645600,0.039,2098
May 28 2020 08:,1590649200,0.039,3101
May 28 2020 09:,1590652800,0.039,3558
May 28 2020 10:,1590656400,0.039,3674
May 28 2020 11:,1590660000,0.039,4590
May 28 2020 12:,1590663600,0.039,5000
May 28 2020 13:,1590667200,0.039,4945
May 28 2020 14:,1590670800,0.039,4702
May 28 2020 15:,1590674400,0.04,5422
May 28 2020 16:,1590678000,0.042,6151
May 28 2020 17:,1590681600,0.043,8480
May 28 2020 18:,1590685200,0.043,6282
May 28 2020 19:,1590688800,0.043,6272
May 28 2020 20:,1590692400,0.039,4698
May 28 2020 21:,1590696000,0.041,5460
May 28 2020 22:,1590699600,0.04,4423
May 28 2020 23:,1590703200,0.042,5218
May 29 2020 00:,1590706800,0.04,2995
May 29 2020 01:,1590710400,0.041,2948
May 29 2020 02:,1590714000,0.045,3506
May 29 2020 03:,1590717600,0.042,2584
May 29 2020 04:,1590721200,0.042,2489
May 29 2020 05:,1590724800,0.042,3083
May 29 2020 06:,1590728400,0.048,2759
May 29 2020 07:,1590732000,0.045,2710
May 29 2020 08:,1590735600,0.045,3029
May 29 2020 09:,1590739200,0.045,3421
May 29 2020 10:,1590742800,0.046,4650
May 29 2020 11:,1590746400,0.046,5210
May 29 2020 12:,1590750000,0.042,4465
May 29 2020 13:,1590753600,0.042,5169
May 29 2020 14:,1590757200.0,0.048000000000000001,7188.0
May 29 2020 15:,1590760800.0,0.042999999999999997,6000.0
May 29 2020 16:,1590764400.0,0.042999999999999997,5943.0
May 29 2020 17:,1590768000.0,0.042999999999999997,5073.0
May 29 2020 18:,1590771600.0,0.042000000000000003,5641.0
May 29 2020 19:,1590775200.0,0.042000000000000003,5687.0
May 29 2020 20:,1590778800.0,0.041000000000000002,5174.0
May 29 2020 21:,1590782400.0,0.041000000000000002,5187.0
May 29 2020 22:,1590786000.0,0.042000000000000003,4958.0
May 29 2020 23:,1590789600.0,0.042000000000000003,4249.0
May 30 2020 00:,1590793200.0,0.042000000000000003,3831.0
May 30 2020 01:,1590796800.0,0.041000000000000002,2789.0
May 30 2020 02:,1590800400.0,0.042000000000000003,2840.0
May 30 2020 03:,1590804000.0,0.043999999999999997,3215.0
May 30 2020 04:,1590807600.0,0.042999999999999997,2359.0
May 30 2020 05:,1590811200.0,0.042999999999999997,2782.0
May 30 2020 06:,1590814800.0,0.044999999999999998,2555.0
May 30 2020 07:,1590818400.0,0.048000000000000001,3127.0
May 30 2020 08:,1590822000.0,0.044999999999999998,3062.0
May 30 2020 09:,1590825600.0,0.044999999999999998,3180.0
May 30 2020 10:,1590829200.0,0.042999999999999997,4076.0
May 30 2020 11:,1590832800.0,0.042000000000000003,3691.0
May 30 2020 12:,1590836400.0,0.042000000000000003,3981.0
May 30 2020 13:,1590840000.0,0.042000000000000003,4291.0
May 30 2020 14:,1590843600.0,0.042000000000000003,4959.0
May 30 2020 15:,1590847200.0,0.042000000000000003,5284.0
May 30 2020 16:,1590850800.0,0.042000000000000003,5601.0
May 30 2020 17:,1590854400.0,0.042000000000000003,5575.0
May 30 2020 18:,1590858000.0,0.044999999999999998,5275.0
May 30 2020 19:,1590861600.0,0.042000000000000003,5158.0
May 30 2020 20:,1590865200.0,0.042000000000000003,5022.0
May 30 2020 21:,1590868800.0,0.044999999999999998,5354.0
May 30 2020 22:,1590872400.0,0.041000000000000002,4454.0
May 30 2020 23:,1590876000.0,0.041000000000000002,3656.0
May 31 2020 00:,1590879600.0,0.055,3630.0
May 31 2020 01:,1590883200.0,0.042000000000000003,3203.0
May 31 2020 02:,1590886800.0,0.042999999999999997,2442.0
May 31 2020 03:,1590890400.0,0.055,3385.0
May 31 2020 04:,1590894000.0,0.042000000000000003,1968.0
May 31 2020 05:,1590897600.0,0.042999999999999997,1999.0
May 31 2020 06:,1590901200.0,0.044999999999999998,3389.0
May 31 2020 07:,1590904800.0,0.044999999999999998,4355.0
May 31 2020 08:,1590908400.0,0.044999999999999998,3449.0
May 31 2020 09:,1590912000.0,0.042000000000000003,2569.0
May 31 2020 10:,1590915600.0,0.045999999999999999,7175.0
May 31 2020 11:,1590919200.0,0.042999999999999997,4504.0
May 31 2020 12:,1590922800.0,0.045999999999999999,6363.0
May 31 2020 13:,1590926400.0,0.042999999999999997,5122.0
May 31 2020 14:,1590930000.0,0.044999999999999998,6017.0
May 31 2020 15:,1590933600.0,0.044999999999999998,5331.0
May 31 2020 16:,1590937200.0,0.043999999999999997,5161.0
May 31 2020 17:,1590940800.0,0.043999999999999997,5055.0
May 31 2020 18:,1590944400.0,0.042999999999999997,5146.0
May 31 2020 19:,1590948000.0,0.042000000000000003,4649.0
May 31 2020 20:,1590951600.0,0.042000000000000003,5092.0
May 31 2020 21:,1590955200.0,0.042000000000000003,4720.0
May 31 2020 22:,1590958800.0,0.042000000000000003,4614.0
May 31 2020 23:,1590962400.0,0.042000000000000003,3161.0
Jun 01 2020 00:,1590966000.0,0.042000000000000003,2467.0
Jun 01 2020 01:,1590969600.0,0.042000000000000003,2914.0
Jun 01 2020 02:,1590973200.0,0.042000000000000003,2569.0
Jun 01 2020 03:,1590976800.0,0.042999999999999997,2283.0
Jun 01 2020 04:,1590980400.0,0.042000000000000003,2427.0
Jun 01 2020 05:,1590984000.0,0.044999999999999998,2575.0
Jun 01 2020 06:,1590987600.0,0.044999999999999998,2353.0
Jun 01 2020 07:,1590991200.0,0.048000000000000001,3380.0
Jun 01 2020 08:,1590994800.0,0.048000000000000001,3578.0
Jun 01 2020 09:,1590998400.0,0.048000000000000001,3828.0
Jun 01 2020 10:,1591002000.0,0.048000000000000001,4079.0
Jun 01 2020 11:,1591005600.0,0.043999999999999997,4005.0
Jun 01 2020 12:,1591009200.0,0.044999999999999998,4460.0
Jun 01 2020 13:,1591012800.0,0.043999999999999997,4128.0
Jun 01 2020 14:,1591016400.0,0.042999999999999997,4765.0
Jun 01 2020 15:,1591020000.0,0.044999999999999998,5195.0
Jun 01 2020 16:,1591023600.0,0.044999999999999998,4991.0
Jun 01 2020 17:,1591027200.0,0.043999999999999997,5533.0
Jun 01 2020 18:,1591030800.0,0.044999999999999998,6146.0
Jun 01 2020 19:,1591034400.0,0.048000000000000001,7034.0
Jun 01 2020 20:,1591038000.0,0.047,6979.0
Jun 01 2020 21:,1591041600.0,0.059999999999999998,8771.0
Jun 01 2020 22:,1591045200.0,0.049000000000000002,6847.0
Jun 01 2020 23:,1591048800.0,0.058000000000000003,4581.0
Jun 02 2020 00:,1591052400.0,0.044999999999999998,2884.0
Jun 02 2020 01:,1591056000.0,0.044999999999999998,2585.0
Jun 02 2020 02:,1591059600.0,0.047,2846.0
Jun 02 2020 03:,1591063200.0,0.048000000000000001,2683.0
Jun 02 2020 04:,1591066800.0,0.048000000000000001,2815.0
Jun 02 2020 05:,1591070400.0,0.049000000000000002,2898.0
Jun 02 2020 06:,1591074000.0,0.050000000000000003,3359.0
Jun 02 2020 07:,1591077600.0,0.050000000000000003,3269.0
Jun 02 2020 08:,1591081200.0,0.049000000000000002,3575.0
Jun 02 2020 09:,1591084800.0,0.050000000000000003,5704.0
Jun 02 2020 10:,1591088400.0,0.050000000000000003,4080.0
Jun 02 2020 11:,1591092000.0,0.049000000000000002,4626.0
Jun 02 2020 12:,1591095600.0,0.049000000000000002,4976.0
Jun 02 2020 13:,1591099200.0,0.049000000000000002,4485.0
Jun 02 2020 14:,1591102800.0,0.049000000000000002,5400.0
Jun 02 2020 15:,1591106400.0,0.050000000000000003,5534.0
Jun 02 2020 16:,1591110000.0,0.050000000000000003,6713.0
Jun 02 2020 17:,1591113600.0,0.049000000000000002,5809.0
Jun 02 2020 18:,1591117200.0,0.049000000000000002,5392.0
Jun 02 2020 19:,1591120800.0,0.049000000000000002,5236.0
Jun 02 2020 20:,1591124400.0,0.044999999999999998,4527.0
Jun 02 2020 21:,1591128000.0,0.045999999999999999,5267.0
Jun 02 2020 22:,1591131600.0,0.049000000000000002,5187.0
Jun 02 2020 23:,1591135200.0,0.049000000000000002,3590.0
Jun 03 2020 00:,1591138800.0,0.048000000000000001,2607.0
Jun 03 2020 01:,1591142400.0,0.048000000000000001,2701.0
Jun 03 2020 02:,1591146000.0,0.048000000000000001,2496.0
Jun 03 2020 03:,1591149600.0,0.049000000000000002,2782.0
Jun 03 2020 04:,1591153200.0,0.049000000000000002,2339.0
Jun 03 2020 05:,1591156800.0,0.050999999999999997,3113.0
Jun 03 2020 06:,1591160400.0,0.050999999999999997,3395.0
Jun 03 2020 07:,1591164000.0,0.050999999999999997,3838.0
Jun 03 2020 08:,1591167600.0,0.049000000000000002,3305.0
Jun 03 2020 09:,1591171200.0,0.049000000000000002,5052.0
Jun 03 2020 10:,1591174800.0,0.048000000000000001,3727.0
Jun 03 2020 11:,1591178400.0,0.049000000000000002,4331.0
Jun 03 2020 12:,1591182000.0,0.049000000000000002,3990.0
Jun 03 2020 13:,1591185600.0,0.049000000000000002,4406.0
Jun 03 2020 14:,1591189200.0,0.048000000000000001,4530.0
Jun 03 2020 15:,1591192800.0,0.049000000000000002,6180.0
Jun 03 2020 16:,1591196400.0,0.049000000000000002,7067.0
Jun 03 2020 17:,1591200000.0,0.049000000000000002,6227.0
Jun 03 2020 18:,1591203600.0,0.049000000000000002,6572.0
Jun 03 2020 19:,1591207200.0,0.048000000000000001,6096.0
Jun 03 2020 20:,1591210800.0,0.049000000000000002,6296.0
Jun 03 2020 21:,1591214400.0,0.049000000000000002,5633.0
Jun 03 2020 22:,1591218000.0,0.050000000000000003,6837.0
Jun 03 2020 23:,1591221600.0,0.050000000000000003,6435.0
Jun 04 2020 00:,1591225200.0,0.050000000000000003,3243.0
Jun 04 2020 01:,1591228800.0,0.050000000000000003,2910.0
Jun 04 2020 02:,1591232400.0,0.050000000000000003,3116.0
Jun 04 2020 03:,1591236000.0,0.049000000000000002,2507.0
Jun 04 2020 04:,1591239600.0,0.050999999999999997,2434.0
Jun 04 2020 05:,1591243200.0,0.050999999999999997,3191.0
Jun 04 2020 06:,1591246800.0,0.051999999999999998,2773.0
Jun 04 2020 07:,1591250400.0,0.051999999999999998,3416.0
Jun 04 2020 08:,1591254000.0,0.051999999999999998,4754.0
Jun 04 2020 09:,1591257600.0,0.051999999999999998,4751.0
Jun 04 2020 10:,1591261200.0,0.051999999999999998,4500.0
Jun 04 2020 11:,1591264800.0,0.050999999999999997,4781.0
Jun 04 2020 12:,1591268400.0,0.051999999999999998,4668.0
Jun 04 2020 13:,1591272000.0,0.050999999999999997,4775.0
Jun 04 2020 14:,1591275600.0,0.051999999999999998,4733.0
Jun 04 2020 15:,1591279200.0,0.051999999999999998,6774.0
Jun 04 2020 16:,1591282800.0,0.052999999999999999,6971.0
Jun 04 2020 17:,1591286400.0,0.055,7469.0
Jun 04 2020 18:,1591290000.0,0.055,7099.0
Jun 04 2020 19:,1591293600.0,0.055,6890.0
Jun 04 2020 20:,1591297200.0,0.055,8044.0
Jun 04 2020 21:,1591300800.0,0.053999999999999999,6820.0
Jun 04 2020 22:,1591304400.0,0.052999999999999999,5180.0
Jun 04 2020 23:,1591308000.0,0.052999999999999999,4327.0
Jun 05 2020 00:,1591311600.0,0.052999999999999999,3723.0
Jun 05 2020 01:,1591315200.0,0.052999999999999999,3034.0
Jun 05 2020 02:,1591318800.0,0.052999999999999999,3283.0
Jun 05 2020 03:,1591322400.0,0.052999999999999999,3236.0
Jun 05 2020 04:,1591326000.0,0.055,2517.0
Jun 05 2020 05:,1591329600.0,0.055,3344.0
Jun 05 2020 06:,1591333200.0,0.055,3562.0
Jun 05 2020 07:,1591336800.0,0.055,3767.0
Jun 05 2020 08:,1591340400.0,0.055,5386.0
Jun 05 2020 09:,1591344000.0,0.055,5285.0
Jun 05 2020 10:,1591347600.0,0.055,4834.0
Jun 05 2020 11:,1591351200.0,0.055,5491.0
Jun 05 2020 12:,1591354800.0,0.052999999999999999,5238.0
Jun 05 2020 13:,1591358400.0,0.055,6498.0
Jun 05 2020 14:,1591362000.0,0.055,7101.0
Jun 05 2020 15:,1591365600.0,0.055,8388.0
Jun 05 2020 16:,1591369200.0,0.056000000000000001,8734.0
Jun 05 2020 17:,1591372800.0,0.055,7852.0
Jun 05 2020 18:,1591376400.0,0.055,9747.0
Jun 05 2020 19:,1591380000.0,0.055,14327.0
Jun 05 2020 20:,1591383600.0,0.055,11068.0
Jun 05 2020 21:,1591387200.0,0.055,6766.0
Jun 05 2020 22:,1591390800.0,0.056000000000000001,7085.0
Jun 05 2020 23:,1591394400.0,0.056000000000000001,5069.0
Jun 06 2020 00:,1591398000.0,0.058000000000000003,6524.0
Jun 06 2020 01:,1591401600.0,0.058000000000000003,7409.0
Jun 06 2020 02:,1591405200.0,0.058000000000000003,7642.0
Jun 06 2020 03:,1591408800.0,0.058999999999999997,5749.0
Jun 06 2020 04:,1591412400.0,0.058999999999999997,6386.0
Jun 06 2020 05:,1591416000.0,0.058999999999999997,7528.0
Jun 06 2020 06:,1591419600.0,0.060999999999999999,6311.0
Jun 06 2020 07:,1591423200.0,0.060999999999999999,7541.0
Jun 06 2020 08:,1591426800.0,0.060999999999999999,12126.0
Jun 06 2020 09:,1591430400.0,0.065000000000000002,20124.0
Jun 06 2020 10:,1591434000.0,0.066000000000000003,14550.0
Jun 06 2020 11:,1591437600.0,0.068000000000000005,16322.0
Jun 06 2020 12:,1591441200.0,0.069000000000000006,14813.0
Jun 06 2020 13:,1591444800.0,0.069000000000000006,13930.0
Jun 06 2020 14:,1591448400.0,0.070000000000000007,13782.0
Jun 06 2020 15:,1591452000.0,0.070000000000000007,17868.0
Jun 06 2020 16:,1591455600.0,0.070000000000000007,17866.0
Jun 06 2020 17:,1591459200.0,0.071999999999999995,14215.0
Jun 06 2020 18:,1591462800.0,0.072999999999999995,12057.0
Jun 06 2020 19:,1591466400.0,0.072999999999999995,16308.0
Jun 06 2020 20:,1591470000.0,0.074999999999999997,13081.0
Jun 06 2020 21:,1591473600.0,0.078,13000.0
Jun 06 2020 22:,1591477200.0,0.080000000000000002,14598.0
Jun 06 2020 23:,1591480800.0,0.080000000000000002,8867.0
Jun 07 2020 00:,1591484400.0,0.081000000000000003,7293.0
Jun 07 2020 01:,1591488000.0,0.088999999999999996,5818.0
Jun 07 2020 02:,1591491600.0,0.080000000000000002,5906.0
Jun 07 2020 03:,1591495200.0,0.082000000000000003,7077.0
Jun 07 2020 04:,1591498800.0,0.082000000000000003,6999.0
Jun 07 2020 05:,1591502400.0,0.082000000000000003,9333.0
Jun 07 2020 06:,1591506000.0,0.083000000000000004,10566.0
Jun 07 2020 07:,1591509600.0,0.083000000000000004,11752.0
Jun 07 2020 08:,1591513200.0,0.084000000000000005,9478.0
Jun 07 2020 09:,1591516800.0,0.083000000000000004,7412.0
Jun 07 2020 10:,1591520400.0,0.085000000000000006,9406.0
Jun 07 2020 11:,1591524000.0,0.083000000000000004,8748.0
Jun 07 2020 12:,1591527600.0,0.081000000000000003,7759.0
Jun 07 2020 13:,1591531200.0,0.080000000000000002,9533.0
Jun 07 2020 14:,1591534800.0,0.080000000000000002,10402.0
Jun 07 2020 15:,1591538400.0,0.080000000000000002,9404.0
Jun 07 2020 16:,1591542000.0,0.081000000000000003,8308.0
Jun 07 2020 17:,1591545600.0,0.080000000000000002,8455.0
Jun 07 2020 18:,1591549200.0,0.078,7234.0
Jun 07 2020 19:,1591552800.0,0.078,6350.0
Jun 07 2020 20:,1591556400.0,0.075999999999999998,6794.0
Jun 07 2020 21:,1591560000.0,0.074999999999999997,7885.0
Jun 07 2020 22:,1591563600.0,0.071999999999999995,7038.0
Jun 07 2020 23:,1591567200.0,0.071999999999999995,6715.0
Jun 08 2020 00:,1591570800.0,0.071999999999999995,4744.0
Jun 08 2020 01:,1591574400.0,0.071999999999999995,3930.0
Jun 08 2020 02:,1591578000.0,0.070000000000000007,3053.0
Jun 08 2020 03:,1591581600.0,0.070000000000000007,2411.0
Jun 08 2020 04:,1591585200.0,0.069000000000000006,3110.0
Jun 08 2020 05:,1591588800.0,0.070999999999999994,3251.0
Jun 08 2020 06:,1591592400.0,0.070000000000000007,3753.0
Jun 08 2020 07:,1591596000.0,0.070000000000000007,4361.0
Jun 08 2020 08:,1591599600.0,0.070000000000000007,5617.0
Jun 08 2020 09:,1591603200.0,0.070000000000000007,5597.0
Jun 08 2020 10:,1591606800.0,0.070000000000000007,6867.0
Jun 08 2020 11:,1591610400.0,0.069000000000000006,5391.0
Jun 08 2020 12:,1591614000.0,0.068000000000000005,4438.0
Jun 08 2020 13:,1591617600.0,0.069000000000000006,5671.0
