Sep 14 2017 01:,1505347200,19.998,119
Sep 15 2017 01:,1505433600,6.39,52778
Sep 16 2017 01:,1505520000,3.357,56599
Sep 17 2017 01:,1505606400,2.423,53560
Sep 18 2017 01:,1505692800,2.277,42196
Sep 19 2017 01:,1505779200,2.077,39616
Sep 20 2017 01:,1505865600,1.943,39865
Sep 21 2017 01:,1505952000,1.726,39402
Sep 22 2017 01:,1506038400,1.505,45566
Sep 23 2017 01:,1506124800,1.198,54331
Sep 24 2017 01:,1506211200,1.021,51039
Sep 25 2017 01:,1506297600,1.143,40850
Sep 26 2017 01:,1506384000,1.181,42519
Sep 27 2017 01:,1506470400,1.103,36489
Sep 28 2017 01:,1506556800,1.077,38346
Sep 29 2017 01:,1506643200,1.101,45324
Sep 30 2017 01:,1506729600,0.996,49974
Oct 01 2017 01:,1506816000,0.853,48863
Oct 02 2017 01:,1506902400,0.865,40028
Oct 03 2017 01:,1506988800,0.868,38528
Oct 04 2017 01:,1507075200,0.791,38482
Oct 05 2017 01:,1507161600,0.784,37454
Oct 06 2017 01:,1507248000,0.766,44325
Oct 07 2017 01:,1507334400,0.726,48810
Oct 08 2017 01:,1507420800,0.606,46466
Oct 09 2017 01:,1507507200,0.536,41664
Oct 10 2017 01:,1507593600,0.556,38245
Oct 11 2017 01:,1507680000,0.604,40150
Oct 12 2017 01:,1507766400,0.637,38846
Oct 13 2017 01:,1507852800,0.623,43817
Oct 14 2017 01:,1507939200,0.579,50031
Oct 15 2017 01:,1508025600,0.504,47556
Oct 16 2017 01:,1508112000,0.5,40286
Oct 17 2017 01:,1508198400,0.516,37672
Oct 18 2017 01:,1508284800,0.505,36757
Oct 19 2017 01:,1508371200,0.503,39268
Oct 20 2017 01:,1508457600,0.512,44623
Oct 21 2017 01:,1508544000,0.48,48342
Oct 22 2017 01:,1508630400,0.418,47202
Oct 23 2017 01:,1508716800,0.406,38889
Oct 24 2017 01:,1508803200,0.404,36258
Oct 25 2017 01:,1508889600,0.404,38598
Oct 26 2017 01:,1508976000,0.402,39357
Oct 27 2017 01:,1509062400,0.403,44154
Oct 28 2017 01:,1509148800,0.374,48957
Oct 29 2017 01:,1509238800,0.33,44742
Oct 30 2017 01:,1509325200,0.309,40175
Oct 31 2017 01:,1509411600,0.347,43075
Nov 01 2017 01:,1509498000,0.365,39575
Nov 02 2017 01:,1509584400,0.37,38110
Nov 03 2017 01:,1509670800,0.359,38188
Nov 04 2017 01:,1509757200,0.332,44661
Nov 05 2017 01:,1509843600,0.315,42592
Nov 06 2017 01:,1509930000,0.308,33564
Nov 07 2017 01:,1510016400,0.299,32973
Nov 08 2017 01:,1510102800,0.292,33411
Nov 09 2017 01:,1510189200,0.295,33017
Nov 10 2017 01:,1510275600,0.302,39195
Nov 11 2017 01:,1510362000,0.291,44827
Nov 12 2017 01:,1510448400,0.268,42004
Nov 13 2017 01:,1510534800,0.263,34721
Nov 14 2017 01:,1510621200,0.255,34865
Nov 15 2017 01:,1510707600,0.259,35075
Nov 16 2017 01:,1510794000,0.251,33777
Nov 17 2017 01:,1510880400,0.237,40681
Nov 18 2017 01:,1510966800,0.206,41620
Nov 19 2017 01:,1511053200,0.184,39783
Nov 20 2017 01:,1511139600,0.183,34724
Nov 21 2017 01:,1511226000,0.199,33786
Nov 22 2017 01:,1511312400,0.21,35496
Nov 23 2017 01:,1511398800,0.166,36334
Nov 24 2017 01:,1511485200,0.169,41939
Nov 25 2017 01:,1511571600,0.165,41820
Nov 26 2017 01:,1511658000,0.142,39582
Nov 27 2017 01:,1511744400,0.139,33730
Nov 28 2017 01:,1511830800,0.15,33838
Nov 29 2017 01:,1511917200,0.164,32820
Nov 30 2017 01:,1512003600,0.193,41068
Dec 01 2017 01:,1512090000,0.222,42061
Dec 02 2017 01:,1512176400,0.215,45011
Dec 03 2017 01:,1512262800,0.195,42460
Dec 04 2017 01:,1512349200,0.195,38473
Dec 05 2017 01:,1512435600,0.198,35954
Dec 06 2017 01:,1512522000,0.198,34880
Dec 07 2017 01:,1512608400,0.196,33575
Dec 08 2017 01:,1512694800,0.195,39481
Dec 09 2017 01:,1512781200,0.185,42774
Dec 10 2017 01:,1512867600,0.17,40666
Dec 11 2017 01:,1512954000,0.164,37032
Dec 12 2017 01:,1513040400,0.166,34143
Dec 13 2017 01:,1513126800,0.167,32792
Dec 14 2017 01:,1513213200,0.165,32505
Dec 15 2017 01:,1513299600,0.173,38050
Dec 16 2017 01:,1513386000,0.171,40030
Dec 17 2017 01:,1513472400,0.15,35396
Dec 18 2017 01:,1513558800,0.148,31460
Dec 19 2017 01:,1513645200,0.145,30903
Dec 20 2017 01:,1513731600,0.143,33271
Dec 21 2017 01:,1513818000,0.134,35089
Dec 22 2017 01:,1513904400,0.133,44378
Dec 23 2017 01:,1513990800,0.134,44783
Dec 24 2017 01:,1514077200,0.132,42280
Dec 25 2017 01:,1514163600,0.156,55397
Dec 26 2017 01:,1514250000,0.183,50585
Dec 27 2017 01:,1514336400,0.188,50406
Dec 28 2017 01:,1514422800,0.191,48484
Dec 29 2017 01:,1514509200,0.193,49880
Dec 30 2017 01:,1514595600,0.186,46825
Dec 31 2017 01:,1514682000,0.182,41364
Jan 01 2018 01:,1514768400,0.179,44112
Jan 02 2018 01:,1514854800,0.169,46174
Jan 03 2018 01:,1514941200,0.15,41439
Jan 04 2018 01:,1515027600,0.144,41441
Jan 05 2018 01:,1515114000,0.15,43127
Jan 06 2018 01:,1515200400,0.149,45680
Jan 07 2018 01:,1515286800,0.147,40772
Jan 08 2018 01:,1515373200,0.15,39689
Jan 09 2018 01:,1515459600,0.145,34970
Jan 10 2018 01:,1515546000,0.143,37654
Jan 11 2018 01:,1515632400,0.137,38369
Jan 12 2018 01:,1515718800,0.136,43408
Jan 13 2018 01:,1515805200,0.134,51404
Jan 14 2018 01:,1515891600,0.132,47542
Jan 15 2018 01:,1515978000,0.13,43573
Jan 16 2018 01:,1516064400,0.125,42366
Jan 17 2018 01:,1516150800,0.13,40190
Jan 18 2018 01:,1516237200,0.13,40164
Jan 19 2018 01:,1516323600,0.151,74054
Jan 20 2018 01:,1516410000,0.142,52675
Jan 21 2018 01:,1516496400,0.126,47639
Jan 22 2018 01:,1516582800,0.11,38939
Jan 23 2018 01:,1516669200,0.104,41900
Jan 24 2018 01:,1516755600,0.109,41152
Jan 25 2018 01:,1516842000,0.116,42787
Jan 26 2018 01:,1516928400,0.121,44992
Jan 27 2018 01:,1517014800,0.107,45642
Jan 28 2018 01:,1517101200,0.086,44842
Jan 29 2018 01:,1517187600,0.082,36099
Jan 30 2018 01:,1517274000,0.087,37536
Jan 31 2018 01:,1517360400,0.099,43579
Feb 01 2018 01:,1517446800,0.1,43304
Feb 02 2018 01:,1517533200,0.111,48196
Feb 03 2018 01:,1517619600,0.118,53105
Feb 04 2018 01:,1517706000,0.114,47409
Feb 05 2018 01:,1517792400,0.109,40807
Feb 06 2018 01:,1517878800,0.109,38140
Feb 07 2018 01:,1517965200,0.111,39139
Feb 08 2018 01:,1518051600,0.109,39107
Feb 09 2018 01:,1518138000,0.112,48042
Feb 10 2018 01:,1518224400,0.111,53220
Feb 11 2018 01:,1518310800,0.11,48810
Feb 12 2018 01:,1518397200,0.109,44078
Feb 13 2018 01:,1518483600,0.107,41122
Feb 14 2018 01:,1518570000,0.106,39221
Feb 15 2018 01:,1518656400,0.107,47280
Feb 16 2018 01:,1518742800,0.102,54853
Feb 17 2018 01:,1518829200,0.088,52065
Feb 18 2018 01:,1518915600,0.064,46414
Feb 19 2018 01:,1519002000,0.062,42741
Feb 20 2018 01:,1519088400,0.06,35729
Feb 21 2018 01:,1519174800,0.06,39726
Feb 22 2018 01:,1519261200,0.054,37590
Feb 23 2018 01:,1519347600,0.056,42710
Feb 24 2018 01:,1519434000,0.05,42141
Feb 25 2018 01:,1519520400,0.044,37155
Feb 26 2018 01:,1519606800,0.033,31718
Feb 27 2018 01:,1519693200,0.043,28891
Feb 28 2018 01:,1519779600,0.047,31101
Mar 01 2018 01:,1519866000,0.047,35782
Mar 02 2018 01:,1519952400,0.045,38312
Mar 03 2018 01:,1520038800,0.043,39286
Mar 04 2018 01:,1520125200,0.039,38406
Mar 05 2018 01:,1520211600,0.038,28556
Mar 06 2018 01:,1520298000,0.036,27616
Mar 07 2018 01:,1520384400,0.032,31744
Mar 08 2018 01:,1520470800,0.03,28571
Mar 09 2018 01:,1520557200,0.032,31062
Mar 10 2018 01:,1520643600,0.033,33386
Mar 11 2018 01:,1520730000,0.03,31879
Mar 12 2018 01:,1520816400,0.034,29078
Mar 13 2018 01:,1520902800,0.031,26984
Mar 14 2018 01:,1520989200,0.03,24642
Mar 15 2018 01:,1521075600,0.031,24595
Mar 16 2018 01:,1521162000,0.033,26988
Mar 17 2018 01:,1521248400,0.03,31741
Mar 18 2018 01:,1521334800,0.03,32521
Mar 19 2018 01:,1521421200,0.03,24078
Mar 20 2018 01:,1521507600,0.03,23959
Mar 21 2018 01:,1521594000,0.03,21002
Mar 22 2018 01:,1521680400,0.03,20293
Mar 23 2018 01:,1521766800,0.03,21378
Mar 24 2018 01:,1521853200,0.03,24078
Mar 25 2018 01:,1521936000,0.03,21718
Mar 26 2018 01:,1522022400,0.03,20462
Mar 27 2018 01:,1522108800,0.03,19869
Mar 28 2018 01:,1522195200,0.03,19728
Mar 29 2018 01:,1522281600,0.03,27981
Mar 30 2018 01:,1522368000,0.03,21972
Mar 31 2018 01:,1522454400,0.03,19597
Apr 01 2018 01:,1522540800,0.03,19898
Apr 02 2018 01:,1522627200,0.03,17363
Apr 03 2018 01:,1522713600,0.03,15827
Apr 04 2018 01:,1522800000,0.03,17400
Apr 05 2018 01:,1522886400,0.03,17601
Apr 06 2018 01:,1522972800,0.03,18576
Apr 07 2018 01:,1523059200,0.03,18691
Apr 08 2018 01:,1523145600,0.03,17109
Apr 09 2018 01:,1523232000,0.03,16067
Apr 10 2018 01:,1523318400,0.03,17293
Apr 11 2018 01:,1523404800,0.03,15735
Apr 12 2018 01:,1523491200,0.03,16866
Apr 13 2018 01:,1523577600,0.03,18514
Apr 14 2018 01:,1523664000,0.03,18433
Apr 15 2018 01:,1523750400,0.03,16746
Apr 16 2018 01:,1523836800,0.03,15406
Apr 17 2018 01:,1523923200,0.03,13149
Apr 18 2018 01:,1524009600,0.03,12960
Apr 19 2018 01:,1524096000,0.03,13831
Apr 20 2018 01:,1524182400,0.03,13781
Apr 21 2018 01:,1524268800,0.03,16616
Apr 22 2018 01:,1524355200,0.03,16460
Apr 23 2018 01:,1524441600,0.03,14532
Apr 24 2018 01:,1524528000,0.03,14179
Apr 25 2018 01:,1524614400,0.03,14692
Apr 26 2018 01:,1524700800,0.03,16592
Apr 27 2018 01:,1524787200,0.03,18081
Apr 28 2018 01:,1524873600,0.03,17998
Apr 29 2018 01:,1524960000,0.03,19102
Apr 30 2018 01:,1525046400,0.03,18896
May 01 2018 01:,1525132800,0.03,17025
May 02 2018 01:,1525219200,0.03,17673
May 03 2018 01:,1525305600,0.03,15839
May 04 2018 01:,1525392000,0.03,17565
May 05 2018 01:,1525478400,0.03,19769
May 06 2018 01:,1525564800,0.03,20920
May 07 2018 01:,1525651200,0.03,16109
May 08 2018 01:,1525737600,0.03,20166
May 09 2018 01:,1525824000,0.03,20073
May 10 2018 01:,1525910400,0.03,21251
May 11 2018 01:,1525996800,0.03,20212
May 12 2018 01:,1526083200,0.03,20709
May 13 2018 01:,1526169600,0.03,20185
May 14 2018 01:,1526256000,0.03,16425
May 15 2018 01:,1526342400,0.03,16949
May 16 2018 01:,1526428800,0.03,16628
May 17 2018 01:,1526515200,0.03,16953
May 18 2018 01:,1526601600,0.03,19436
May 19 2018 01:,1526688000,0.03,19772
May 20 2018 01:,1526774400,0.03,19485
May 21 2018 01:,1526860800,0.03,16751
May 22 2018 01:,1526947200,0.03,15923
May 23 2018 01:,1527033600,0.03,17237
May 24 2018 01:,1527120000,0.03,16898
May 25 2018 01:,1527206400,0.03,20669
May 26 2018 01:,1527292800,0.03,18765
May 27 2018 01:,1527379200,0.03,19511
May 28 2018 01:,1527465600,0.03,17656
May 29 2018 01:,1527552000,0.03,15384
May 30 2018 01:,1527638400,0.03,16250
May 31 2018 01:,1527724800,0.03,19665
Jun 01 2018 01:,1527811200,0.03,21020
Jun 02 2018 01:,1527897600,0.03,23112
Jun 03 2018 01:,1527984000,0.03,21185
Jun 04 2018 01:,1528070400,0.03,18323
Jun 05 2018 01:,1528156800,0.03,19294
Jun 06 2018 01:,1528243200,0.03,17848
Jun 07 2018 01:,1528329600,0.03,18044
Jun 08 2018 01:,1528416000,0.03,19828
Jun 09 2018 01:,1528502400,0.03,20738
Jun 10 2018 01:,1528588800,0.03,19239
Jun 11 2018 01:,1528675200,0.03,15784
Jun 12 2018 01:,1528761600,0.03,15016
Jun 13 2018 01:,1528848000,0.03,14307
Jun 14 2018 01:,1528934400,0.03,15286
Jun 15 2018 01:,1529020800,0.03,14399
Jun 16 2018 01:,1529107200,0.03,16673
Jun 17 2018 01:,1529193600,0.03,14727
Jun 18 2018 01:,1529280000,0.03,12943
Jun 19 2018 01:,1529366400,0.03,13837
Jun 20 2018 01:,1529452800,0.03,16405
Jun 21 2018 01:,1529539200,0.03,16789
Jun 22 2018 01:,1529625600,0.03,20241
Jun 23 2018 01:,1529712000,0.03,19154
Jun 24 2018 01:,1529798400,0.03,18660
Jun 25 2018 01:,1529884800,0.03,17560
Jun 26 2018 01:,1529971200,0.03,16010
Jun 27 2018 01:,1530057600,0.03,15135
Jun 28 2018 01:,1530144000,0.03,16799
Jun 29 2018 01:,1530230400,0.03,17048
Jun 30 2018 01:,1530316800,0.03,17025
Jul 01 2018 01:,1530403200,0.03,16580
Jul 02 2018 01:,1530489600,0.03,15931
Jul 03 2018 01:,1530576000,0.03,16546
Jul 04 2018 01:,1530662400,0.03,17609
Jul 05 2018 01:,1530748800,0.03,15912
Jul 06 2018 01:,1530835200,0.03,15581
Jul 07 2018 01:,1530921600,0.03,17044
Jul 08 2018 01:,1531008000,0.03,20282
Jul 09 2018 01:,1531094400,0.03,19257
Jul 10 2018 01:,1531180800,0.03,17011
Jul 11 2018 01:,1531267200,0.03,15950
Jul 12 2018 01:,1531353600,0.03,18853
Jul 13 2018 01:,1531440000,0.03,18034
Jul 14 2018 01:,1531526400,0.03,18997
Jul 15 2018 01:,1531612800,0.03,16916
Jul 16 2018 01:,1531699200,0.03,16648
Jul 17 2018 01:,1531785600,0.03,15967
Jul 18 2018 01:,1531872000,0.03,17005
Jul 19 2018 01:,1531958400,0.03,15327
Jul 20 2018 01:,1532044800,0.03,17147
Jul 21 2018 01:,1532131200,0.03,18832
Jul 22 2018 01:,1532217600,0.03,18155
Jul 23 2018 01:,1532304000,0.03,16124
Jul 24 2018 01:,1532390400,0.03,17433
Jul 25 2018 01:,1532476800,0.03,19441
Jul 26 2018 01:,1532563200,0.03,16074
Jul 27 2018 01:,1532649600,0.03,17391
Jul 28 2018 01:,1532736000,0.03,17335
Jul 29 2018 01:,1532822400,0.03,17588
Jul 30 2018 01:,1532908800,0.03,16562
Jul 31 2018 01:,1532995200,0.03,47007
Aug 01 2018 01:,1533081600,0.03,18375
Aug 02 2018 01:,1533168000,0.03,43562
Aug 03 2018 01:,1533254400,0.03,30836
Aug 04 2018 01:,1533340800,0.03,22764
Aug 05 2018 01:,1533427200,0.03,22935
Aug 06 2018 01:,1533513600,0.03,22060
Aug 07 2018 01:,1533600000,0.03,20423
Aug 08 2018 01:,1533686400,0.03,20258
Aug 09 2018 01:,1533772800,0.03,21246
Aug 10 2018 01:,1533859200,0.03,21909
Aug 11 2018 01:,1533945600,0.03,22869
Aug 12 2018 01:,1534032000,0.03,18979
Aug 13 2018 01:,1534118400,0.03,20678
Aug 14 2018 01:,1534204800,0.03,19700
Aug 15 2018 01:,1534291200,0.03,20136
Aug 16 2018 01:,1534377600,0.03,17980
Aug 17 2018 01:,1534464000,0.03,21924
Aug 18 2018 01:,1534550400,0.03,19800
Aug 19 2018 01:,1534636800,0.03,20846
Aug 20 2018 01:,1534723200,0.03,17706
Aug 21 2018 01:,1534809600,0.03,16847
Aug 22 2018 01:,1534896000,0.03,17768
Aug 23 2018 01:,1534982400,0.03,16556
Aug 24 2018 01:,1535068800,0.03,21206
Aug 25 2018 01:,1535155200,0.03,19096
Aug 26 2018 01:,1535241600,0.03,19476
Aug 27 2018 01:,1535328000,0.03,18595
Aug 28 2018 01:,1535414400,0.03,17123
Aug 29 2018 01:,1535500800,0.03,16777
Aug 30 2018 01:,1535587200,0.03,19258
Aug 31 2018 01:,1535673600,0.03,23148
Sep 01 2018 01:,1535760000,0.03,21370
Sep 02 2018 01:,1535846400,0.03,19253
Sep 03 2018 01:,1535932800,0.03,16050
Sep 04 2018 01:,1536019200,0.03,15216
Sep 05 2018 01:,1536105600,0.03,15873
Sep 06 2018 01:,1536192000,0.03,18464
Sep 07 2018 01:,1536278400,0.03,20929
Sep 08 2018 01:,1536364800,0.03,21223
Sep 09 2018 01:,1536451200,0.03,20833
Sep 10 2018 01:,1536537600,0.03,18320
Sep 11 2018 01:,1536624000,0.03,17623
Sep 12 2018 01:,1536710400,0.03,17812
Sep 13 2018 01:,1536796800,0.03,18939
Sep 14 2018 01:,1536883200,0.03,22272
Sep 15 2018 01:,1536969600,0.03,22776
Sep 16 2018 01:,1537056000,0.03,21021
Sep 17 2018 01:,1537142400,0.03,17195
Sep 18 2018 01:,1537228800,0.03,17528
Sep 19 2018 01:,1537315200,0.03,19303
Sep 20 2018 01:,1537401600,0.03,20389
Sep 21 2018 01:,1537488000,0.03,20402
Sep 22 2018 01:,1537574400,0.03,27688
Sep 23 2018 01:,1537660800,0.03,27707
Sep 24 2018 01:,1537747200,0.03,17675
Sep 25 2018 01:,1537833600,0.03,17037
Sep 26 2018 01:,1537920000,0.03,17656
Sep 27 2018 01:,1538006400,0.03,20863
Sep 28 2018 01:,1538092800,0.03,20794
Sep 29 2018 01:,1538179200,0.03,21680
Sep 30 2018 01:,1538265600,0.03,21114
Oct 01 2018 01:,1538352000,0.03,18525
Oct 02 2018 01:,1538438400,0.03,17418
Oct 03 2018 01:,1538524800,0.03,21647
Oct 04 2018 01:,1538611200,0.03,24392
Oct 05 2018 01:,1538697600,0.03,24143
Oct 06 2018 01:,1538784000,0.03,26640
Oct 07 2018 01:,1538870400,0.03,26324
Oct 08 2018 01:,1538956800,0.03,22484
Oct 09 2018 01:,1539043200,0.03,20458
Oct 10 2018 01:,1539129600,0.03,22742
Oct 11 2018 01:,1539216000,0.03,22376
Oct 12 2018 01:,1539302400,0.03,25947
Oct 13 2018 01:,1539388800,0.03,28177
Oct 14 2018 01:,1539475200,0.03,25172
Oct 15 2018 01:,1539561600,0.03,23500
Oct 16 2018 01:,1539648000,0.03,23605
Oct 17 2018 01:,1539734400,0.03,23932
Oct 18 2018 01:,1539820800,0.03,20963
Oct 19 2018 01:,1539907200,0.03,20103
Oct 20 2018 01:,1539993600,0.03,23018
Oct 21 2018 01:,1540080000,0.03,25695
Oct 22 2018 01:,1540166400,0.03,17756
Oct 23 2018 01:,1540252800,0.03,18312
Oct 24 2018 01:,1540339200,0.03,19214
Oct 25 2018 01:,1540425600,0.03,20221
Oct 26 2018 01:,1540512000,0.03,20721
Oct 27 2018 01:,1540598400,0.03,23415
Oct 28 2018 01:,1540688400,0.03,21254
Oct 29 2018 01:,1540774800,0.03,21484
Oct 30 2018 01:,1540861200,0.03,23036
Oct 31 2018 01:,1540947600,0.03,22819
Nov 01 2018 01:,1541034000,0.03,21483
Nov 02 2018 01:,1541120400,0.03,22080
Nov 03 2018 01:,1541206800,0.03,20771
Nov 04 2018 01:,1541293200,0.03,22378
Nov 05 2018 01:,1541379600,0.03,20714
Nov 06 2018 01:,1541466000,0.03,16316
Nov 07 2018 01:,1541552400,0.03,15332
Nov 08 2018 01:,1541638800,0.03,22689
Nov 09 2018 01:,1541725200,0.03,23773
Nov 10 2018 01:,1541811600,0.03,20915
Nov 11 2018 01:,1541898000,0.03,21116
Nov 12 2018 01:,1541984400,0.03,17520
Nov 13 2018 01:,1542070800,0.03,17988
Nov 14 2018 01:,1542157200,0.03,19928
Nov 15 2018 01:,1542243600,0.03,21393
Nov 16 2018 01:,1542330000,0.03,18242
Nov 17 2018 01:,1542416400,0.03,18795
Nov 18 2018 01:,1542502800,0.03,19405
Nov 19 2018 01:,1542589200,0.03,18585
Nov 20 2018 01:,1542675600,0.03,17413
Nov 21 2018 01:,1542762000,0.03,14087
Nov 22 2018 01:,1542848400,0.03,18131
Nov 23 2018 01:,1542934800,0.03,18082
Nov 24 2018 01:,1543021200,0.03,18887
Nov 25 2018 01:,1543107600,0.03,17816
Nov 26 2018 01:,1543194000,0.03,16461
Nov 27 2018 01:,1543280400,0.03,16464
Nov 28 2018 01:,1543366800,0.03,16139
Nov 29 2018 01:,1543453200,0.03,15053
Nov 30 2018 01:,1543539600,0.03,20913
Dec 01 2018 01:,1543626000,0.03,22323
Dec 02 2018 01:,1543712400,0.03,21876
Dec 03 2018 01:,1543798800,0.03,16107
Dec 04 2018 01:,1543885200,0.03,15077
Dec 05 2018 01:,1543971600,0.03,15716
Dec 06 2018 01:,1544058000,0.03,15400
Dec 07 2018 01:,1544144400,0.03,19754
Dec 08 2018 01:,1544230800,0.03,27075
Dec 09 2018 01:,1544317200,0.03,24172
Dec 10 2018 01:,1544403600,0.03,22846
Dec 11 2018 01:,1544490000,0.03,23342
Dec 12 2018 01:,1544576400,0.03,22812
Dec 13 2018 01:,1544662800,0.03,22630
Dec 14 2018 01:,1544749200,0.03,23454
Dec 15 2018 01:,1544835600,0.03,21250
Dec 16 2018 01:,1544922000,0.03,22385
Dec 17 2018 01:,1545008400,0.03,18691
Dec 18 2018 01:,1545094800,0.03,22857
Dec 19 2018 01:,1545181200,0.03,20414
Dec 20 2018 01:,1545267600,0.03,25972
Dec 21 2018 01:,1545354000,0.03,25464
Dec 22 2018 01:,1545440400,0.03,28807
Dec 23 2018 01:,1545526800,0.03,25808
Dec 24 2018 01:,1545613200,0.03,28298
Dec 25 2018 01:,1545699600,0.03,30221
Dec 26 2018 01:,1545786000,0.03,29903
Dec 27 2018 01:,1545872400,0.03,30017
Dec 28 2018 01:,1545958800,0.03,27045
Dec 29 2018 01:,1546045200,0.03,32218
Dec 30 2018 01:,1546131600,0.03,24896
Dec 31 2018 01:,1546218000,0.03,27113
Jan 01 2019 01:,1546304400,0.03,26425
Jan 02 2019 01:,1546390800,0.03,30297
Jan 03 2019 01:,1546477200,0.03,29247
Jan 04 2019 01:,1546563600,0.03,29224
Jan 05 2019 01:,1546650000,0.03,41119
Jan 06 2019 01:,1546736400,0.03,29416
Jan 07 2019 01:,1546822800,0.03,28891
Jan 08 2019 01:,1546909200,0.03,25483
Jan 09 2019 01:,1546995600,0.03,32750
Jan 10 2019 01:,1547082000,0.03,33598
Jan 11 2019 01:,1547168400,0.03,36841
Jan 12 2019 01:,1547254800,0.03,31508
Jan 13 2019 01:,1547341200,0.03,32582
Jan 14 2019 01:,1547427600,0.03,28824
Jan 15 2019 01:,1547514000,0.03,23882
Jan 16 2019 01:,1547600400,0.03,28986
Jan 17 2019 01:,1547686800,0.03,27666
Jan 18 2019 01:,1547773200,0.03,26768
Jan 19 2019 01:,1547859600,0.03,29569
Jan 20 2019 01:,1547946000,0.03,38470
Jan 21 2019 01:,1548032400,0.03,22442
Jan 22 2019 01:,1548118800,0.03,22658
Jan 23 2019 01:,1548205200,0.03,25748
Jan 24 2019 01:,1548291600,0.03,22895
Jan 25 2019 01:,1548378000,0.03,27384
Jan 26 2019 01:,1548464400,0.03,32052
Jan 27 2019 01:,1548550800,0.03,27710
Jan 28 2019 01:,1548637200,0.03,26165
Jan 29 2019 01:,1548723600,0.03,20812
Jan 30 2019 01:,1548810000,0.03,36935
Jan 31 2019 01:,1548896400,0.03,21553
Feb 01 2019 01:,1548982800,0.03,24529
Feb 02 2019 01:,1549069200,0.03,31967
Feb 03 2019 01:,1549155600,0.03,29509
Feb 04 2019 01:,1549242000,0.03,29096
Feb 05 2019 01:,1549328400,0.03,28506
Feb 06 2019 01:,1549414800,0.03,25683
Feb 07 2019 01:,1549501200,0.03,28167
Feb 08 2019 01:,1549587600,0.03,26656
Feb 09 2019 01:,1549674000,0.03,31421
Feb 10 2019 01:,1549760400,0.03,31128
Feb 11 2019 01:,1549846800,0.03,32513
Feb 12 2019 01:,1549933200,0.03,32914
Feb 13 2019 01:,1550019600,0.03,22254
Feb 14 2019 01:,1550106000,0.03,22116
Feb 15 2019 01:,1550192400,0.03,31419
Feb 16 2019 01:,1550278800,0.03,30909
Feb 17 2019 01:,1550365200,0.03,28072
Feb 18 2019 01:,1550451600,0.03,27380
Feb 19 2019 01:,1550538000,0.03,27008
Feb 20 2019 01:,1550624400,0.03,28952
Feb 21 2019 01:,1550710800,0.03,33801
Feb 22 2019 01:,1550797200,0.03,31557
Feb 23 2019 01:,1550883600,0.03,33304
Feb 24 2019 01:,1550970000,0.03,32326
Feb 25 2019 01:,1551056400,0.03,27143
Feb 26 2019 01:,1551142800,0.03,25478
Feb 27 2019 01:,1551229200,0.03,23053
Feb 28 2019 01:,1551315600,0.03,26420
Mar 01 2019 01:,1551402000,0.03,26482
Mar 02 2019 01:,1551488400,0.03,35161
Mar 03 2019 01:,1551574800,0.03,32284
Mar 04 2019 01:,1551661200,0.03,31545
Mar 05 2019 01:,1551747600,0.03,30532
Mar 06 2019 01:,1551834000,0.03,24143
Mar 07 2019 01:,1551920400,0.03,29038
Mar 08 2019 01:,1552006800,0.03,25583
Mar 09 2019 01:,1552093200,0.03,31970
Mar 10 2019 01:,1552179600,0.03,31876
Mar 11 2019 01:,1552266000,0.03,24504
Mar 12 2019 01:,1552352400,0.03,22886
Mar 13 2019 01:,1552438800,0.03,23922
Mar 14 2019 01:,1552525200,0.03,28074
Mar 15 2019 01:,1552611600,0.03,35728
Mar 16 2019 01:,1552698000,0.03,44776
Mar 17 2019 01:,1552784400,0.03,42465
Mar 18 2019 01:,1552870800,0.03,32481
Mar 19 2019 01:,1552957200,0.03,32851
Mar 20 2019 01:,1553043600,0.03,31852
Mar 21 2019 01:,1553130000,0.03,38564
Mar 22 2019 01:,1553216400,0.03,41126
Mar 23 2019 01:,1553302800,0.03,41301
Mar 24 2019 01:,1553389200,0.03,50916
Mar 25 2019 01:,1553475600,0.03,40968
Mar 26 2019 01:,1553562000,0.03,44233
Mar 27 2019 01:,1553648400,0.03,42459
Mar 28 2019 01:,1553734800,0.03,40933
Mar 29 2019 01:,1553821200,0.03,40795
Mar 30 2019 01:,1553907600,0.03,37893
Mar 31 2019 01:,1553990400,0.03,39059
Apr 01 2019 01:,1554076800,0.03,31414
Apr 02 2019 01:,1554163200,0.03,47703
Apr 03 2019 01:,1554249600,0.03,35229
Apr 04 2019 01:,1554336000,0.03,40552
Apr 05 2019 01:,1554422400,0.03,42102
Apr 06 2019 01:,1554508800,0.03,49951
Apr 07 2019 01:,1554595200,0.03,46072
Apr 08 2019 01:,1554681600,0.03,41614
Apr 09 2019 01:,1554768000,0.03,35274
Apr 10 2019 01:,1554854400,0.03,45336
Apr 11 2019 01:,1554940800,0.03,42410
Apr 12 2019 01:,1555027200,0.03,49703
Apr 13 2019 01:,1555113600,0.03,50776
Apr 14 2019 01:,1555200000,0.03,40682
Apr 15 2019 01:,1555286400,0.03,38336
Apr 16 2019 01:,1555372800,0.03,36719
Apr 17 2019 01:,1555459200,0.03,30572
Apr 18 2019 01:,1555545600,0.03,39160
Apr 19 2019 01:,1555632000,0.03,44702
Apr 20 2019 01:,1555718400,0.03,77194
Apr 21 2019 01:,1555804800,0.03,55976
Apr 22 2019 01:,1555891200,0.03,66241
Apr 23 2019 01:,1555977600,0.03,57106
Apr 24 2019 01:,1556064000,0.03,37921
Apr 25 2019 01:,1556150400,0.03,38525
Apr 26 2019 01:,1556236800,0.03,34405
Apr 27 2019 01:,1556323200,0.03,49588
Apr 28 2019 01:,1556409600,0.03,31266
Apr 29 2019 01:,1556496000,0.03,32894
Apr 30 2019 01:,1556582400,0.03,39976
May 01 2019 01:,1556668800,0.03,36054
May 02 2019 01:,1556755200,0.03,35187
May 03 2019 01:,1556841600,0.03,39122
May 04 2019 01:,1556928000,0.03,46097
May 05 2019 01:,1557014400,0.03,32128
May 06 2019 01:,1557100800,0.03,35316
May 07 2019 01:,1557187200,0.03,32292
May 08 2019 01:,1557273600,0.03,31522
May 09 2019 01:,1557360000,0.03,34073
May 10 2019 01:,1557446400,0.03,38652
May 11 2019 01:,1557532800,0.03,36102
May 12 2019 01:,1557619200,0.03,33236
May 13 2019 01:,1557705600,0.03,33826
May 14 2019 01:,1557792000,0.03,42045
May 15 2019 01:,1557878400,0.03,185549
May 16 2019 01:,1557964800,0.03,244490
May 17 2019 01:,1558051200,0.03,34842
May 18 2019 01:,1558137600,0.03,41083
May 19 2019 01:,1558224000,0.03,40439
May 20 2019 01:,1558310400,0.03,34356
May 21 2019 01:,1558396800,0.03,161769
May 22 2019 01:,1558483200,0.03,255740
May 23 2019 01:,1558569600,0.03,37718
May 24 2019 01:,1558656000,0.03,40637
May 25 2019 01:,1558742400,0.03,49849
May 26 2019 01:,1558828800,0.03,266747
May 27 2019 01:,1558915200,0.03,80099
May 28 2019 01:,1559001600,0.03,34550
May 29 2019 01:,1559088000,0.03,45068
May 30 2019 01:,1559174400,0.03,44068
May 31 2019 01:,1559260800,0.03,225636
Jun 01 2019 01:,1559347200,0.03,41487
Jun 02 2019 01:,1559433600,0.03,71411
Jun 03 2019 01:,1559520000,0.03,44291
Jun 04 2019 01:,1559606400,0.03,42645
Jun 05 2019 01:,1559692800,0.03,47023
Jun 06 2019 01:,1559779200,0.03,100321
Jun 07 2019 01:,1559865600,0.03,160537
Jun 08 2019 01:,1559952000,0.03,61230
Jun 09 2019 01:,1560038400,0.03,52376
Jun 10 2019 01:,1560124800,0.03,47737
Jun 11 2019 01:,1560211200,0.03,48621
Jun 12 2019 01:,1560297600,0.03,45032
Jun 13 2019 01:,1560384000,0.03,42421
Jun 14 2019 01:,1560470400,0.03,43029
Jun 15 2019 01:,1560556800,0.03,44864
Jun 16 2019 01:,1560643200,0.03,45870
Jun 17 2019 01:,1560729600,0.03,44650
Jun 18 2019 01:,1560816000,0.03,37723
Jun 19 2019 01:,1560902400,0.03,42320
Jun 20 2019 01:,1560988800,0.03,50665
Jun 21 2019 01:,1561075200,0.03,77061
Jun 22 2019 01:,1561161600,0.03,61857
Jun 23 2019 01:,1561248000,0.03,48687
Jun 24 2019 01:,1561334400,0.03,43089
Jun 25 2019 01:,1561420800,0.03,50326
Jun 26 2019 01:,1561507200,0.03,64636
Jun 27 2019 01:,1561593600,0.03,63268
Jun 28 2019 01:,1561680000,0.03,57770
Jun 29 2019 01:,1561766400,0.03,46701
Jun 30 2019 01:,1561852800,0.03,50939
Jul 01 2019 01:,1561939200,0.03,49745
Jul 02 2019 01:,1562025600,0.03,45936
Jul 03 2019 01:,1562112000,0.03,55454
Jul 04 2019 01:,1562198400,0.03,49500
Jul 05 2019 01:,1562284800,0.03,49184
Jul 06 2019 01:,1562371200,0.03,44534
Jul 07 2019 01:,1562457600,0.03,40494
Jul 08 2019 01:,1562544000,0.03,43713
Jul 09 2019 01:,1562630400,0.03,61724
Jul 10 2019 01:,1562716800,0.03,44721
Jul 11 2019 01:,1562803200,0.03,40732
Jul 12 2019 01:,1562889600,0.03,55049
Jul 13 2019 01:,1562976000,0.03,60099
Jul 14 2019 01:,1563062400,0.03,42150
Jul 15 2019 01:,1563148800,0.03,44554
Jul 16 2019 01:,1563235200,0.03,43937
Jul 17 2019 01:,1563321600,0.03,46268
Jul 18 2019 01:,1563408000,0.03,45086
Jul 19 2019 01:,1563494400,0.03,49323
Jul 20 2019 01:,1563580800,0.03,42923
Jul 21 2019 01:,1563667200,0.03,49632
Jul 22 2019 01:,1563753600,0.03,49273
Jul 23 2019 01:,1563840000,0.03,42842
Jul 24 2019 01:,1563926400,0.03,48011
Jul 25 2019 01:,1564012800,0.03,44478
Jul 26 2019 01:,1564099200,0.03,40039
Jul 27 2019 01:,1564185600,0.03,47458
Jul 28 2019 01:,1564272000,0.03,46188
Jul 29 2019 01:,1564358400,0.03,39256
Jul 30 2019 01:,1564444800,0.03,41702
Jul 31 2019 01:,1564531200,0.03,47216
Aug 01 2019 01:,1564617600,0.03,46114
Aug 02 2019 01:,1564704000,0.03,40787
Aug 03 2019 01:,1564790400,0.03,54152
Aug 04 2019 01:,1564876800,0.03,46689
Aug 05 2019 01:,1564963200,0.03,50264
Aug 06 2019 01:,1565049600,0.03,56107
Aug 07 2019 01:,1565136000,0.03,51078
Aug 08 2019 01:,1565222400,0.03,54348
Aug 09 2019 01:,1565308800,0.03,54019
Aug 10 2019 01:,1565395200,0.03,51617
Aug 11 2019 01:,1565481600,0.03,57584
Aug 12 2019 01:,1565568000,0.03,51601
Aug 13 2019 01:,1565654400,0.03,61642
Aug 14 2019 01:,1565740800,0.03,52971
Aug 15 2019 01:,1565827200,0.03,47396
Aug 16 2019 01:,1565913600,0.03,50031
Aug 17 2019 01:,1566000000,0.03,51139
Aug 18 2019 01:,1566086400,0.03,59615
Aug 19 2019 01:,1566172800,0.03,56745
Aug 20 2019 01:,1566259200,0.03,51089
Aug 21 2019 01:,1566345600,0.03,49308
Aug 22 2019 01:,1566432000,0.03,47581
Aug 23 2019 01:,1566518400,0.03,57602
Aug 24 2019 01:,1566604800,0.03,52400
Aug 25 2019 01:,1566691200,0.03,51320
Aug 26 2019 01:,1566777600,0.03,61041
Aug 27 2019 01:,1566864000,0.03,74652
Aug 28 2019 01:,1566950400,0.03,45206
Aug 29 2019 01:,1567036800,0.03,67458
Aug 30 2019 01:,1567123200,0.03,67018
Aug 31 2019 01:,1567209600,0.03,74815
Sep 01 2019 01:,1567296000,0.03,70748
Sep 02 2019 01:,1567382400,0.03,55052
Sep 03 2019 01:,1567468800,0.03,63645
Sep 04 2019 01:,1567555200,0.03,59162
Sep 05 2019 01:,1567641600,0.03,63008
Sep 06 2019 01:,1567728000,0.03,61965
Sep 07 2019 01:,1567814400,0.03,79877
Sep 08 2019 01:,1567900800,0.03,82759
Sep 09 2019 01:,1567987200,0.03,62714
Sep 10 2019 01:,1568073600,0.03,76478
Sep 11 2019 01:,1568160000,0.03,70326
Sep 12 2019 01:,1568246400,0.03,59059
Sep 13 2019 01:,1568332800,0.03,89043
Sep 14 2019 01:,1568419200,0.03,78110
Sep 15 2019 01:,1568505600,0.03,72541
Sep 16 2019 01:,1568592000,0.03,73537
Sep 17 2019 01:,1568678400,0.03,51597
Sep 18 2019 01:,1568764800,0.03,64723
Sep 19 2019 01:,1568851200,0.03,66941
Sep 20 2019 01:,1568937600,0.03,77113
Sep 21 2019 01:,1569024000,0.03,119495
Sep 22 2019 01:,1569110400,0.03,189762
Sep 23 2019 01:,1569196800,0.03,551353
Sep 24 2019 01:,1569283200,0.03,307433
Sep 25 2019 01:,1569369600,0.03,78404
Sep 26 2019 01:,1569456000,0.03,78143
Sep 27 2019 01:,1569542400,0.03,74975
Sep 28 2019 01:,1569628800,0.03,88131
Sep 29 2019 01:,1569715200,0.03,85504
Sep 30 2019 01:,1569801600,0.03,78149
Oct 01 2019 01:,1569888000,0.03,77556
Oct 02 2019 01:,1569974400,0.03,88197
Oct 03 2019 01:,1570060800,0.03,91839
Oct 04 2019 01:,1570147200,0.03,100537
Oct 05 2019 01:,1570233600,0.03,108150
Oct 06 2019 01:,1570320000,0.03,95458
Oct 07 2019 01:,1570406400,0.03,84752
Oct 08 2019 01:,1570492800,0.03,82645
Oct 09 2019 01:,1570579200,0.03,83172
Oct 10 2019 01:,1570665600,0.03,85226
Oct 11 2019 01:,1570752000,0.03,97643
Oct 12 2019 01:,1570838400,0.03,130457
Oct 13 2019 01:,1570924800,0.03,112706
Oct 14 2019 01:,1571011200,0.03,94919
Oct 15 2019 01:,1571097600,0.03,87533
Oct 16 2019 01:,1571184000,0.03,78668
Oct 17 2019 01:,1571270400,0.03,83441
Oct 18 2019 01:,1571356800,0.03,116236
Oct 19 2019 01:,1571443200,0.03,141176
Oct 20 2019 01:,1571529600,0.03,115062
Oct 21 2019 01:,1571616000,0.03,74519
Oct 22 2019 01:,1571702400,0.03,84091
Oct 23 2019 01:,1571788800,0.03,73021
Oct 24 2019 01:,1571875200,0.03,68022
Oct 25 2019 01:,1571961600,0.03,77756
Oct 26 2019 01:,1572048000,0.03,87119
Oct 27 2019 01:,1572138000,0.03,75339
Oct 28 2019 01:,1572224400,0.03,61635
Oct 29 2019 01:,1572310800,0.03,61280
Oct 30 2019 01:,1572397200,0.03,51730
Oct 31 2019 01:,1572483600,0.03,50867
Nov 01 2019 01:,1572570000,0.03,52559
Nov 02 2019 01:,1572656400,0.03,54048
Nov 03 2019 01:,1572742800,0.03,47910
Nov 04 2019 01:,1572829200,0.03,47364
Nov 05 2019 01:,1572915600,0.03,40208
Nov 06 2019 01:,1573002000,0.03,39360
Nov 07 2019 01:,1573088400,0.03,39252
Nov 08 2019 01:,1573174800,0.03,45336
Nov 09 2019 01:,1573261200,0.03,55385
Nov 10 2019 01:,1573347600,0.03,49994
Nov 11 2019 01:,1573434000,0.03,44186
Nov 12 2019 01:,1573520400,0.03,45751
Nov 13 2019 01:,1573606800,0.03,41735
Nov 14 2019 01:,1573693200,0.03,35738
Nov 15 2019 01:,1573779600,0.03,41600
Nov 16 2019 01:,1573866000,0.03,46729
Nov 17 2019 01:,1573952400,0.03,50876
Nov 18 2019 01:,1574038800,0.03,42609
Nov 19 2019 01:,1574125200,0.03,56725
Nov 20 2019 01:,1574211600,0.03,37811
Nov 21 2019 01:,1574298000,0.03,38353
Nov 22 2019 01:,1574384400,0.03,37455
Nov 23 2019 01:,1574470800,0.03,51943
Nov 24 2019 01:,1574557200,0.03,50755
Nov 25 2019 01:,1574643600,0.03,43351
Nov 26 2019 01:,1574730000,0.03,45388
Nov 27 2019 01:,1574816400,0.03,58094
Nov 28 2019 01:,1574902800,0.03,48607
Nov 29 2019 01:,1574989200,0.03,50453
Nov 30 2019 01:,1575075600,0.03,55285
Dec 01 2019 01:,1575162000,0.03,57394
Dec 02 2019 01:,1575248400,0.03,42816
Dec 03 2019 01:,1575334800,0.03,42916
Dec 04 2019 01:,1575421200,0.03,57031
Dec 05 2019 01:,1575507600,0.03,43391
Dec 06 2019 01:,1575594000,0.03,39997
Dec 07 2019 01:,1575680400,0.03,53236
Dec 08 2019 01:,1575766800,0.03,53204
Dec 09 2019 01:,1575853200,0.03,44610
Dec 10 2019 01:,1575939600,0.03,42965
Dec 11 2019 01:,1576026000,0.03,42611
Dec 12 2019 01:,1576112400,0.03,39165
Dec 13 2019 01:,1576198800,0.03,43475
Dec 14 2019 01:,1576285200,0.03,46722
Dec 15 2019 01:,1576371600,0.03,45399
Dec 16 2019 01:,1576458000,0.03,39704
Dec 17 2019 01:,1576544400,0.03,40030
Dec 18 2019 01:,1576630800,0.03,42761
Dec 19 2019 01:,1576717200,0.03,42831
Dec 20 2019 01:,1576803600,0.03,49095
Dec 21 2019 01:,1576890000,0.03,56503
Dec 22 2019 01:,1576976400,0.03,51034
Dec 23 2019 01:,1577062800,0.03,54457
Dec 24 2019 01:,1577149200,0.03,48811
Dec 25 2019 01:,1577235600,0.03,56904
Dec 26 2019 01:,1577322000,0.03,54458
Dec 27 2019 01:,1577408400,0.03,60842
Dec 28 2019 01:,1577494800,0.03,58096
Dec 29 2019 01:,1577581200,0.03,58098
Dec 30 2019 01:,1577667600,0.03,55936
Dec 31 2019 01:,1577754000,0.03,44680
Jan 01 2020 01:,1577840400,0.03,48579
Jan 02 2020 01:,1577926800,0.03,63167
Jan 03 2020 01:,1578013200,0.03,56388
Jan 04 2020 01:,1578099600,0.03,57973
Jan 05 2020 01:,1578186000,0.03,62450
Jan 06 2020 01:,1578272400,0.03,79176
Jan 07 2020 01:,1578358800,0.03,63718
Jan 08 2020 01:,1578445200,0.03,70661
Jan 09 2020 01:,1578531600,0.03,62978
Jan 10 2020 01:,1578618000,0.03,63729
Jan 11 2020 01:,1578704400,0.03,78366
Jan 12 2020 01:,1578790800,0.03,90377
Jan 13 2020 01:,1578877200,0.03,77630
Jan 14 2020 01:,1578963600,0.03,113596
Jan 15 2020 01:,1579050000,0.03,79258
Jan 16 2020 01:,1579136400,0.03,81694
Jan 17 2020 01:,1579222800,0.03,77115
Jan 18 2020 01:,1579309200,0.03,94752
Jan 19 2020 01:,1579395600,0.03,81217
Jan 20 2020 01:,1579482000,0.03,97194
Jan 21 2020 01:,1579568400,0.03,99963
Jan 22 2020 01:,1579654800,0.03,94842
Jan 23 2020 01:,1579741200,0.03,93862
Jan 24 2020 01:,1579827600,0.03,86517
Jan 25 2020 01:,1579914000,0.03,87577
Jan 26 2020 01:,1580000400,0.03,81304
Jan 27 2020 01:,1580086800,0.03,73651
Jan 28 2020 01:,1580173200,0.03,82665
Jan 29 2020 01:,1580259600,0.03,73917
Jan 30 2020 01:,1580346000,0.03,71161
Jan 31 2020 01:,1580432400,0.03,86171
Feb 01 2020 01:,1580518800,0.03,93279
Feb 02 2020 01:,1580605200,0.03,118650
Feb 03 2020 01:,1580691600,0.03,206066
Feb 04 2020 01:,1580778000,0.03,119889
Feb 05 2020 01:,1580864400,0.03,89345
Feb 06 2020 01:,1580950800,0.03,103514
Feb 07 2020 01:,1581037200,0.03,101750
Feb 08 2020 01:,1581123600,0.03,106067
Feb 09 2020 01:,1581210000,0.03,98301
Feb 10 2020 01:,1581296400,0.03,81177
Feb 11 2020 01:,1581382800,0.03,82609
Feb 12 2020 01:,1581469200,0.03,101247
Feb 13 2020 01:,1581555600,0.03,84404
Feb 14 2020 01:,1581642000,0.03,128227
Feb 15 2020 01:,1581728400,0.03,164055
Feb 16 2020 01:,1581814800,0.03,167751
Feb 17 2020 01:,1581901200,0.03,103498
Feb 18 2020 01:,1581987600,0.03,90249
Feb 19 2020 01:,1582074000,0.03,98128
Feb 20 2020 01:,1582160400,0.03,100930
Feb 21 2020 01:,1582246800,0.03,109106
Feb 22 2020 01:,1582333200,0.03,126543
Feb 23 2020 01:,1582419600,0.045,484921
Feb 24 2020 01:,1582506000,0.061,282780
Feb 25 2020 01:,1582592400,0.057,204426
Feb 26 2020 01:,1582678800,0.051,174665
Feb 27 2020 01:,1582765200,0.049,161087
Feb 28 2020 01:,1582851600,0.047,161369
Feb 29 2020 01:,1582938000,0.049,188444
Mar 01 2020 01:,1583024400,0.046,171764
Mar 02 2020 01:,1583110800,0.042,107092
Mar 03 2020 01:,1583197200,0.044,101553
Mar 04 2020 01:,1583283600,0.038,117441
Mar 05 2020 01:,1583370000,0.038,108218
Mar 06 2020 01:,1583456400,0.035,109762
Mar 07 2020 01:,1583542800,0.032,122040
Mar 08 2020 01:,1583629200,0.032,106951
Mar 09 2020 01:,1583715600,0.032,101469
Mar 10 2020 01:,1583802000,0.031,94041
Mar 11 2020 01:,1583888400,0.033,114071
Mar 12 2020 01:,1583974800,0.03,101338
Mar 13 2020 01:,1584061200,0.03,101455
Mar 14 2020 01:,1584147600,0.03,111168
Mar 15 2020 01:,1584234000,0.03,105976
Mar 16 2020 01:,1584320400,0.03,103814
Mar 17 2020 01:,1584406800,0.03,100234
Mar 18 2020 01:,1584493200,0.03,108878
Mar 19 2020 01:,1584579600,0.03,101887
Mar 20 2020 01:,1584666000,0.03,105188
Mar 21 2020 01:,1584752400,0.03,106839
Mar 22 2020 01:,1584838800,0.03,97459
Mar 23 2020 01:,1584925200,0.03,100370
Mar 24 2020 01:,1585011600,0.03,91875
Mar 25 2020 01:,1585098000,0.03,114757
Mar 26 2020 01:,1585184400,0.03,102332
Mar 27 2020 01:,1585270800,0.03,101494
Mar 28 2020 01:,1585357200,0.03,95326
Mar 29 2020 01:,1585440000,0.03,86880
Mar 30 2020 01:,1585526400,0.03,94081
Mar 31 2020 01:,1585612800,0.03,114071
Apr 01 2020 01:,1585699200,0.03,173588
Apr 02 2020 01:,1585785600,0.03,133483
Apr 03 2020 01:,1585872000,0.03,138502
Apr 04 2020 01:,1585958400,0.03,124214
Apr 05 2020 01:,1586044800,0.03,132407
Apr 06 2020 01:,1586131200,0.03,118731
Apr 07 2020 01:,1586217600,0.03,101058
Apr 08 2020 01:,1586304000,0.03,100932
Apr 09 2020 01:,1586390400,0.03,100905
Apr 10 2020 01:,1586476800,0.03,104660
Apr 11 2020 01:,1586563200,0.03,103159
Apr 12 2020 01:,1586649600,0.03,84741
Apr 13 2020 01:,1586736000,0.03,98512
Apr 14 2020 01:,1586822400,0.03,95284
Apr 15 2020 01:,1586908800,0.03,94255
Apr 16 2020 01:,1586995200,0.03,94028
Apr 17 2020 01:,1587081600,0.03,92885
Apr 18 2020 01:,1587168000,0.03,94120
Apr 19 2020 01:,1587254400,0.03,91336
Apr 20 2020 01:,1587340800,0.03,87809
Apr 21 2020 01:,1587427200,0.03,98399
Apr 22 2020 01:,1587513600,0.03,90134
Apr 23 2020 01:,1587600000,0.03,89349
Apr 24 2020 01:,1587686400,0.03,88510
Apr 25 2020 01:,1587772800,0.03,86263
Apr 26 2020 01:,1587859200,0.03,86451
Apr 27 2020 01:,1587945600,0.03,93844
Apr 28 2020 01:,1588032000,0.03,84047
Apr 29 2020 01:,1588118400,0.03,45390
Apr 29 2020 15:,1588168800,0.03,6710
Apr 29 2020 16:,1588172400,0.03,5041
Apr 29 2020 17:,1588176000,0.03,5176
Apr 29 2020 18:,1588179600,0.03,4568
Apr 29 2020 19:,1588183200,0.03,5182
Apr 29 2020 20:,1588186800,0.03,4324
Apr 29 2020 21:,1588190400,0.03,4474
Apr 29 2020 22:,1588194000,0.03,3912
Apr 29 2020 23:,1588197600,0.03,3611
Apr 30 2020 00:,1588201200,0.03,4859
Apr 30 2020 01:,1588204800,0.03,4040
Apr 30 2020 02:,1588208400,0.03,3550
Apr 30 2020 03:,1588212000,0.033,2470
Apr 30 2020 04:,1588215600,0.03,2956
Apr 30 2020 05:,1588219200,0.03,1934
Apr 30 2020 06:,1588222800,0.03,1845
Apr 30 2020 07:,1588226400,0.03,2827
Apr 30 2020 08:,1588230000,0.03,2406
Apr 30 2020 09:,1588233600,0.033,3975
Apr 30 2020 10:,1588237200,0.03,2972
Apr 30 2020 11:,1588240800,0.03,3468
Apr 30 2020 12:,1588244400,0.03,4145
Apr 30 2020 13:,1588248000,0.03,4356
Apr 30 2020 14:,1588251600,0.03,2892
Apr 30 2020 15:,1588255200,0.036,5861
Apr 30 2020 16:,1588258800,0.03,5431
Apr 30 2020 17:,1588262400,0.036,7369
Apr 30 2020 18:,1588266000,0.04,6408
Apr 30 2020 19:,1588269600,0.033,4621
Apr 30 2020 20:,1588273200,0.04,5734
Apr 30 2020 21:,1588276800,0.03,4812
Apr 30 2020 22:,1588280400,0.03,4735
Apr 30 2020 23:,1588284000,0.03,4574
May 01 2020 00:,1588287600,0.03,3394
May 01 2020 01:,1588291200,0.03,2705
May 01 2020 02:,1588294800,0.03,3135
May 01 2020 03:,1588298400,0.03,2789
May 01 2020 04:,1588302000,0.03,2250
May 01 2020 05:,1588305600,0.03,2156
May 01 2020 06:,1588309200,0.03,2121
May 01 2020 07:,1588312800,0.03,2152
May 01 2020 08:,1588316400,0.03,2818
May 01 2020 09:,1588320000,0.03,3500
May 01 2020 10:,1588323600,0.03,3564
May 01 2020 11:,1588327200,0.03,4150
May 01 2020 12:,1588330800,0.03,4155
May 01 2020 13:,1588334400,0.03,3834
May 01 2020 14:,1588338000,0.03,4907
May 01 2020 15:,1588341600,0.03,4507
May 01 2020 16:,1588345200,0.03,3451
May 01 2020 17:,1588348800,0.033,5325
May 01 2020 18:,1588352400,0.03,4792
May 01 2020 19:,1588356000,0.033,5260
May 01 2020 20:,1588359600,0.03,5188
May 01 2020 21:,1588363200,0.03,5282
May 01 2020 22:,1588366800,0.03,3846
May 01 2020 23:,1588370400,0.03,3144
May 02 2020 00:,1588374000,0.03,2540
May 02 2020 01:,1588377600,0.03,3087
May 02 2020 02:,1588381200,0.03,2577
May 02 2020 03:,1588384800,0.03,2149
May 02 2020 04:,1588388400,0.03,2121
May 02 2020 05:,1588392000,0.03,3358
May 02 2020 06:,1588395600,0.03,2590
May 02 2020 07:,1588399200,0.03,3919
May 02 2020 08:,1588402800,0.03,2720
May 02 2020 09:,1588406400,0.03,2649
May 02 2020 10:,1588410000,0.03,3330
May 02 2020 11:,1588413600,0.03,4065
May 02 2020 12:,1588417200,0.03,4869
May 02 2020 13:,1588420800,0.03,5699
May 02 2020 14:,1588424400,0.036,7757
May 02 2020 15:,1588428000,0.03,4019
May 02 2020 16:,1588431600,0.03,4704
May 02 2020 17:,1588435200,0.03,4432
May 02 2020 18:,1588438800,0.03,5540
May 02 2020 19:,1588442400,0.03,3831
May 02 2020 20:,1588446000,0.03,3498
May 02 2020 21:,1588449600,0.033,4215
May 02 2020 22:,1588453200,0.03,4791
May 02 2020 23:,1588456800,0.03,5330
May 03 2020 00:,1588460400,0.03,3254
May 03 2020 01:,1588464000,0.03,3185
May 03 2020 02:,1588467600,0.03,2279
May 03 2020 03:,1588471200,0.03,1929
May 03 2020 04:,1588474800,0.03,2271
May 03 2020 05:,1588478400,0.03,2848
May 03 2020 06:,1588482000,0.03,2003
May 03 2020 07:,1588485600,0.03,2874
May 03 2020 08:,1588489200,0.03,1948
May 03 2020 09:,1588492800,0.03,2421
May 03 2020 10:,1588496400,0.03,3125
May 03 2020 11:,1588500000,0.03,3452
May 03 2020 12:,1588503600,0.03,3728
May 03 2020 13:,1588507200,0.03,3379
May 03 2020 14:,1588510800,0.03,3765
May 03 2020 15:,1588514400,0.03,4293
May 03 2020 16:,1588518000,0.03,3687
May 03 2020 17:,1588521600,0.03,3702
May 03 2020 18:,1588525200,0.03,5206
May 03 2020 19:,1588528800,0.03,4137
May 03 2020 20:,1588532400,0.03,3626
May 03 2020 21:,1588536000,0.03,4139
May 03 2020 22:,1588539600,0.03,4482
May 03 2020 23:,1588543200,0.03,3484
May 04 2020 00:,1588546800,0.032,3250
May 04 2020 01:,1588550400,0.03,2185
May 04 2020 02:,1588554000,0.03,2207
May 04 2020 03:,1588557600,0.03,2039
May 04 2020 04:,1588561200,0.03,1943
May 04 2020 05:,1588564800,0.03,1804
May 04 2020 06:,1588568400,0.03,1823
May 04 2020 07:,1588572000,0.03,2173
May 04 2020 08:,1588575600,0.03,3332
May 04 2020 09:,1588579200,0.03,3003
May 04 2020 10:,1588582800,0.03,3469
May 04 2020 11:,1588586400,0.03,3299
May 04 2020 12:,1588590000,0.03,4311
May 04 2020 13:,1588593600,0.03,3573
May 04 2020 14:,1588597200,0.03,3452
May 04 2020 15:,1588600800,0.03,3950
May 04 2020 16:,1588604400,0.03,6206
May 04 2020 17:,1588608000,0.03,6651
May 04 2020 18:,1588611600,0.03,3757
May 04 2020 19:,1588615200,0.03,4286
May 04 2020 20:,1588618800,0.03,5132
May 04 2020 21:,1588622400,0.03,3182
May 04 2020 22:,1588626000,0.03,3654
May 04 2020 23:,1588629600,0.03,3171
May 05 2020 00:,1588633200,0.03,2133
May 05 2020 01:,1588636800,0.03,2172
May 05 2020 02:,1588640400,0.03,1937
May 05 2020 03:,1588644000,0.03,2114
May 05 2020 04:,1588647600,0.03,1944
May 05 2020 05:,1588651200,0.03,1971
May 05 2020 06:,1588654800,0.03,2125
May 05 2020 07:,1588658400,0.03,3044
May 05 2020 08:,1588662000,0.03,2814
May 05 2020 09:,1588665600,0.03,3789
May 05 2020 10:,1588669200,0.03,3440
May 05 2020 11:,1588672800,0.03,3588
May 05 2020 12:,1588676400,0.03,4839
May 05 2020 13:,1588680000,0.03,4372
May 05 2020 14:,1588683600,0.03,4414
May 05 2020 15:,1588687200,0.03,5343
May 05 2020 16:,1588690800,0.03,5425
May 05 2020 17:,1588694400,0.03,4285
May 05 2020 18:,1588698000,0.044,6455
May 05 2020 19:,1588701600,0.033,5197
May 05 2020 20:,1588705200,0.033,4092
May 05 2020 21:,1588708800,0.033,4172
May 05 2020 22:,1588712400,0.033,3972
May 05 2020 23:,1588716000,0.033,3556
May 06 2020 00:,1588719600,0.03,1876
May 06 2020 01:,1588723200,0.03,2115
May 06 2020 02:,1588726800,0.03,2182
May 06 2020 03:,1588730400,0.03,2058
May 06 2020 04:,1588734000,0.03,2580
May 06 2020 05:,1588737600,0.03,3089
May 06 2020 06:,1588741200,0.03,2419
May 06 2020 07:,1588744800,0.03,2713
May 06 2020 08:,1588748400,0.03,3512
May 06 2020 09:,1588752000,0.03,3255
May 06 2020 10:,1588755600,0.03,3435
May 06 2020 11:,1588759200,0.03,4258
May 06 2020 12:,1588762800,0.03,7035
May 06 2020 13:,1588766400,0.03,4420
May 06 2020 14:,1588770000,0.03,5524
May 06 2020 15:,1588773600,0.03,5395
May 06 2020 16:,1588777200,0.03,5438
May 06 2020 17:,1588780800,0.03,5248
May 06 2020 18:,1588784400,0.04,6552
May 06 2020 19:,1588788000,0.03,4777
May 06 2020 20:,1588791600,0.03,5194
May 06 2020 21:,1588795200,0.03,6637
May 06 2020 22:,1588798800,0.03,5764
May 06 2020 23:,1588802400,0.03,3875
May 07 2020 00:,1588806000,0.03,3041
May 07 2020 01:,1588809600,0.03,2364
May 07 2020 02:,1588813200,0.032,2135
May 07 2020 03:,1588816800,0.03,1740
May 07 2020 04:,1588820400,0.03,1303
May 07 2020 05:,1588824000,0.03,1790
May 07 2020 06:,1588827600,0.03,1740
May 07 2020 07:,1588831200,0.03,2814
May 07 2020 08:,1588834800,0.039,4950
May 07 2020 09:,1588838400,0.03,3622
May 07 2020 10:,1588842000,0.03,5396
May 07 2020 11:,1588845600,0.03,4769
May 07 2020 12:,1588849200,0.03,4451
May 07 2020 13:,1588852800,0.03,3906
May 07 2020 14:,1588856400,0.043,6688
May 07 2020 15:,1588860000,0.03,7333
May 07 2020 16:,1588863600,0.03,5646
May 07 2020 17:,1588867200,0.043,6577
May 07 2020 18:,1588870800,0.043,4876
May 07 2020 19:,1588874400,0.035,4274
May 07 2020 20:,1588878000,0.043,4219
May 07 2020 21:,1588881600,0.03,4321
May 07 2020 22:,1588885200,0.03,3249
May 07 2020 23:,1588888800,0.03,2797
May 08 2020 00:,1588892400,0.03,2436
May 08 2020 01:,1588896000,0.03,2097
May 08 2020 02:,1588899600,0.03,2017
May 08 2020 03:,1588903200,0.03,2091
May 08 2020 04:,1588906800,0.03,1881
May 08 2020 05:,1588910400,0.03,1840
May 08 2020 06:,1588914000,0.03,1665
May 08 2020 07:,1588917600,0.03,2075
May 08 2020 08:,1588921200,0.03,2200
May 08 2020 09:,1588924800,0.041,3516
May 08 2020 10:,1588928400,0.03,3634
May 08 2020 11:,1588932000,0.03,3417
May 08 2020 12:,1588935600,0.03,3915
May 08 2020 13:,1588939200,0.03,4626
May 08 2020 14:,1588942800,0.03,3877
May 08 2020 15:,1588946400,0.03,4472
May 08 2020 16:,1588950000,0.03,3897
May 08 2020 17:,1588953600,0.03,4664
May 08 2020 18:,1588957200,0.03,4265
May 08 2020 19:,1588960800,0.03,3801
May 08 2020 20:,1588964400,0.03,4306
May 08 2020 21:,1588968000,0.03,3948
May 08 2020 22:,1588971600,0.03,3753
May 08 2020 23:,1588975200,0.03,4435
May 09 2020 00:,1588978800,0.03,3206
May 09 2020 01:,1588982400,0.03,2484
May 09 2020 02:,1588986000,0.03,3851
May 09 2020 03:,1588989600,0.03,3270
May 09 2020 04:,1588993200,0.03,1905
May 09 2020 05:,1588996800,0.03,2206
May 09 2020 06:,1589000400,0.036,2869
May 09 2020 07:,1589004000,0.03,3108
May 09 2020 08:,1589007600,0.036,4983
May 09 2020 09:,1589011200,0.03,3589
May 09 2020 10:,1589014800,0.03,3641
May 09 2020 11:,1589018400,0.03,3342
May 09 2020 12:,1589022000,0.03,3328
May 09 2020 13:,1589025600,0.03,5235
May 09 2020 14:,1589029200,0.03,4647
May 09 2020 15:,1589032800,0.03,4228
May 09 2020 16:,1589036400,0.03,5116
May 09 2020 17:,1589040000,0.03,5108
May 09 2020 18:,1589043600,0.03,5871
May 09 2020 19:,1589047200,0.036,5980
May 09 2020 20:,1589050800,0.043,6404
May 09 2020 21:,1589054400,0.043,5728
May 09 2020 22:,1589058000,0.043,4729
May 09 2020 23:,1589061600,0.03,4039
May 10 2020 00:,1589065200,0.03,4171
May 10 2020 01:,1589068800,0.037,4727
May 10 2020 02:,1589072400,0.03,4110
May 10 2020 03:,1589076000,0.03,2692
May 10 2020 04:,1589079600,0.03,1821
May 10 2020 05:,1589083200,0.03,3407
May 10 2020 06:,1589086800,0.03,3053
May 10 2020 07:,1589090400,0.03,4453
May 10 2020 08:,1589094000,0.03,3147
May 10 2020 09:,1589097600,0.03,2477
May 10 2020 10:,1589101200,0.03,4107
May 10 2020 11:,1589104800,0.03,3274
May 10 2020 12:,1589108400,0.03,4311
May 10 2020 13:,1589112000,0.03,3898
May 10 2020 14:,1589115600,0.03,4845
May 10 2020 15:,1589119200,0.03,5660
May 10 2020 16:,1589122800,0.03,4049
May 10 2020 17:,1589126400,0.03,4234
May 10 2020 18:,1589130000,0.03,5446
May 10 2020 19:,1589133600,0.03,4763
May 10 2020 20:,1589137200,0.03,4477
May 10 2020 21:,1589140800,0.03,3593
May 10 2020 22:,1589144400,0.03,4338
May 10 2020 23:,1589148000,0.043,3795
May 11 2020 00:,1589151600,0.03,2871
May 11 2020 01:,1589155200,0.03,3023
May 11 2020 02:,1589158800,0.03,2634
May 11 2020 03:,1589162400,0.03,2613
May 11 2020 04:,1589166000,0.03,3028
May 11 2020 05:,1589169600,0.03,3195
May 11 2020 06:,1589173200,0.03,2886
May 11 2020 07:,1589176800,0.03,2252
May 11 2020 08:,1589180400,0.03,5272
May 11 2020 09:,1589184000,0.03,4574
May 11 2020 10:,1589187600,0.03,3787
May 11 2020 11:,1589191200,0.03,5545
May 11 2020 12:,1589194800,0.03,5105
May 11 2020 13:,1589198400,0.03,5080
May 11 2020 14:,1589202000,0.03,4870
May 11 2020 15:,1589205600,0.03,3652
May 11 2020 16:,1589209200,0.03,4261
May 11 2020 17:,1589212800,0.03,6581
May 11 2020 18:,1589216400,0.03,6161
May 11 2020 19:,1589220000,0.03,5290
May 11 2020 20:,1589223600,0.043,5612
May 11 2020 21:,1589227200,0.03,4892
May 11 2020 22:,1589230800,0.03,4525
May 11 2020 23:,1589234400,0.043,3544
May 12 2020 00:,1589238000,0.03,2844
May 12 2020 01:,1589241600,0.03,2352
May 12 2020 02:,1589245200,0.03,2639
May 12 2020 03:,1589248800,0.03,2134
May 12 2020 04:,1589252400,0.03,2204
May 12 2020 05:,1589256000,0.03,1883
May 12 2020 06:,1589259600,0.03,1984
May 12 2020 07:,1589263200,0.03,3282
May 12 2020 08:,1589266800,0.03,2923
May 12 2020 09:,1589270400,0.03,3582
May 12 2020 10:,1589274000,0.03,3888
May 12 2020 11:,1589277600,0.03,4273
May 12 2020 12:,1589281200,0.03,4819
May 12 2020 13:,1589284800,0.03,5137
May 12 2020 14:,1589288400,0.03,4369
May 12 2020 15:,1589292000,0.03,4995
May 12 2020 16:,1589295600,0.03,4714
May 12 2020 17:,1589299200,0.03,5935
May 12 2020 18:,1589302800,0.03,6638
May 12 2020 19:,1589306400,0.03,4091
May 12 2020 20:,1589310000,0.03,4239
May 12 2020 21:,1589313600,0.03,3248
May 12 2020 22:,1589317200,0.03,2883
May 12 2020 23:,1589320800,0.03,3260
May 13 2020 00:,1589324400,0.03,1982
May 13 2020 01:,1589328000,0.03,1652
May 13 2020 02:,1589331600,0.03,2366
May 13 2020 03:,1589335200,0.03,1777
May 13 2020 04:,1589338800,0.03,2038
May 13 2020 05:,1589342400,0.03,1945
May 13 2020 06:,1589346000,0.03,2116
May 13 2020 07:,1589349600,0.03,2211
May 13 2020 08:,1589353200,0.03,2556
May 13 2020 09:,1589356800,0.03,2443
May 13 2020 10:,1589360400,0.03,2964
May 13 2020 11:,1589364000,0.03,4035
May 13 2020 12:,1589367600,0.03,4639
May 13 2020 13:,1589371200,0.03,3229
May 13 2020 14:,1589374800,0.03,3502
May 13 2020 15:,1589378400,0.03,3819
May 13 2020 16:,1589382000,0.03,4887
May 13 2020 17:,1589385600,0.03,4652
May 13 2020 18:,1589389200,0.03,3825
May 13 2020 19:,1589392800,0.03,4670
May 13 2020 20:,1589396400,0.03,3679
May 13 2020 21:,1589400000,0.03,4948
May 13 2020 22:,1589403600,0.03,3289
May 13 2020 23:,1589407200,0.043,3593
May 14 2020 00:,1589410800,0.03,1915
May 14 2020 01:,1589414400,0.043,2743
May 14 2020 02:,1589418000,0.03,2036
May 14 2020 03:,1589421600,0.03,1698
May 14 2020 04:,1589425200,0.03,2153
May 14 2020 05:,1589428800,0.03,3600
May 14 2020 06:,1589432400,0.043,2851
May 14 2020 07:,1589436000,0.03,2300
May 14 2020 08:,1589439600,0.03,2553
May 14 2020 09:,1589443200,0.03,3722
May 14 2020 10:,1589446800,0.03,3454
May 14 2020 11:,1589450400,0.03,4783
May 14 2020 12:,1589454000,0.03,5565
May 14 2020 13:,1589457600,0.03,3907
May 14 2020 14:,1589461200,0.03,4235
May 14 2020 15:,1589464800,0.03,4714
May 14 2020 16:,1589468400,0.03,3914
May 14 2020 17:,1589472000,0.03,4024
May 14 2020 18:,1589475600,0.03,3820
May 14 2020 19:,1589479200,0.03,4298
May 14 2020 20:,1589482800,0.03,4534
May 14 2020 21:,1589486400,0.03,3044
May 14 2020 22:,1589490000,0.042,2973
May 14 2020 23:,1589493600,0.043,2464
May 15 2020 00:,1589497200,0.043,2619
May 15 2020 01:,1589500800,0.043,2317
May 15 2020 02:,1589504400,0.03,1825
May 15 2020 03:,1589508000,0.03,2163
May 15 2020 04:,1589511600,0.03,1949
May 15 2020 05:,1589515200,0.03,1477
May 15 2020 06:,1589518800,0.03,1824
May 15 2020 07:,1589522400,0.03,1835
May 15 2020 08:,1589526000,0.03,3132
May 15 2020 09:,1589529600,0.03,3342
May 15 2020 10:,1589533200,0.03,3351
May 15 2020 11:,1589536800,0.03,5516
May 15 2020 12:,1589540400,0.03,4221
May 15 2020 13:,1589544000,0.03,4487
May 15 2020 14:,1589547600,0.03,4317
May 15 2020 15:,1589551200,0.03,4502
May 15 2020 16:,1589554800,0.03,4081
May 15 2020 17:,1589558400,0.03,4089
May 15 2020 18:,1589562000,0.03,3792
May 15 2020 19:,1589565600,0.03,5567
May 15 2020 20:,1589569200,0.03,3617
May 15 2020 21:,1589572800,0.049,6531
May 15 2020 22:,1589576400,0.03,3003
May 15 2020 23:,1589580000,0.03,3146
May 16 2020 00:,1589583600,0.03,2279
May 16 2020 01:,1589587200,0.03,1868
May 16 2020 02:,1589590800,0.03,2175
May 16 2020 03:,1589594400,0.03,2363
May 16 2020 04:,1589598000,0.03,2188
May 16 2020 05:,1589601600,0.03,2558
May 16 2020 06:,1589605200,0.03,2289
May 16 2020 07:,1589608800,0.03,2559
May 16 2020 08:,1589612400,0.03,2836
May 16 2020 09:,1589616000,0.03,2447
May 16 2020 10:,1589619600,0.03,2990
May 16 2020 11:,1589623200,0.03,3582
May 16 2020 12:,1589626800,0.03,2855
May 16 2020 13:,1589630400,0.03,4957
May 16 2020 14:,1589634000,0.03,4649
May 16 2020 15:,1589637600,0.03,5011
May 16 2020 16:,1589641200,0.03,6223
May 16 2020 17:,1589644800,0.03,4414
May 16 2020 18:,1589648400,0.03,3864
May 16 2020 19:,1589652000,0.03,4090
May 16 2020 20:,1589655600,0.03,4222
May 16 2020 21:,1589659200,0.039,5094
May 16 2020 22:,1589662800,0.043,3201
May 16 2020 23:,1589666400,0.043,2979
May 17 2020 00:,1589670000,0.03,2480
May 17 2020 01:,1589673600,0.039,2703
May 17 2020 02:,1589677200,0.043,2045
May 17 2020 03:,1589680800,0.03,2083
May 17 2020 04:,1589684400,0.03,1499
May 17 2020 05:,1589688000,0.03,1713
May 17 2020 06:,1589691600,0.03,2271
May 17 2020 07:,1589695200,0.03,2393
May 17 2020 08:,1589698800,0.03,3177
May 17 2020 09:,1589702400,0.03,3347
May 17 2020 10:,1589706000,0.03,3751
May 17 2020 11:,1589709600,0.03,3077
May 17 2020 12:,1589713200,0.03,4227
May 17 2020 13:,1589716800,0.03,4698
May 17 2020 14:,1589720400,0.03,4638
May 17 2020 15:,1589724000,0.03,5056
May 17 2020 16:,1589727600,0.03,4877
May 17 2020 17:,1589731200,0.03,4303
May 17 2020 18:,1589734800,0.03,4013
May 17 2020 19:,1589738400,0.03,3821
May 17 2020 20:,1589742000,0.03,3555
May 17 2020 21:,1589745600,0.03,4796
May 17 2020 22:,1589749200,0.043,4347
May 17 2020 23:,1589752800,0.03,3363
May 18 2020 00:,1589756400,0.03,3375
May 18 2020 01:,1589760000,0.03,2532
May 18 2020 02:,1589763600,0.039,2003
May 18 2020 03:,1589767200,0.03,1778
May 18 2020 04:,1589770800,0.03,1930
May 18 2020 05:,1589774400,0.03,1645
May 18 2020 06:,1589778000,0.03,1557
May 18 2020 07:,1589781600,0.03,2536
May 18 2020 08:,1589785200,0.03,2856
May 18 2020 09:,1589788800,0.03,3766
May 18 2020 10:,1589792400,0.03,3011
May 18 2020 11:,1589796000,0.03,3635
May 18 2020 12:,1589799600,0.03,3428
May 18 2020 13:,1589803200,0.03,3868
May 18 2020 14:,1589806800,0.03,5685
May 18 2020 15:,1589810400,0.03,4256
May 18 2020 16:,1589814000,0.03,4891
May 18 2020 17:,1589817600,0.03,4388
May 18 2020 18:,1589821200,0.03,3747
May 18 2020 19:,1589824800,0.03,3273
May 18 2020 20:,1589828400,0.03,4670
May 18 2020 21:,1589832000,0.03,4811
May 18 2020 22:,1589835600,0.03,4260
May 18 2020 23:,1589839200,0.03,4212
May 19 2020 00:,1589842800,0.03,3597
May 19 2020 01:,1589846400,0.03,2800
May 19 2020 02:,1589850000,0.03,2792
May 19 2020 03:,1589853600,0.03,1837
May 19 2020 04:,1589857200,0.03,1787
May 19 2020 05:,1589860800,0.03,1981
May 19 2020 06:,1589864400,0.03,2951
May 19 2020 07:,1589868000,0.03,3194
May 19 2020 08:,1589871600,0.03,3239
May 19 2020 09:,1589875200,0.03,3658
May 19 2020 10:,1589878800,0.03,3603
May 19 2020 11:,1589882400,0.03,3662
May 19 2020 12:,1589886000,0.03,4647
May 19 2020 13:,1589889600,0.03,4879
May 19 2020 14:,1589893200,0.03,5201
May 19 2020 15:,1589896800,0.03,4824
May 19 2020 16:,1589900400,0.03,6027
May 19 2020 17:,1589904000,0.03,3954
May 19 2020 18:,1589907600,0.03,4642
May 19 2020 19:,1589911200,0.03,4402
May 19 2020 20:,1589914800,0.03,5697
May 19 2020 21:,1589918400,0.043,5714
May 19 2020 22:,1589922000,0.03,4428
May 19 2020 23:,1589925600,0.03,2968
May 20 2020 00:,1589929200,0.043,2168
May 20 2020 01:,1589932800,0.03,2311
May 20 2020 02:,1589936400,0.03,1972
May 20 2020 03:,1589940000,0.03,1900
May 20 2020 04:,1589943600,0.03,2683
May 20 2020 05:,1589947200,0.03,2938
May 20 2020 06:,1589950800,0.03,2448
May 20 2020 07:,1589954400,0.044,3216
May 20 2020 08:,1589958000,0.03,3074
May 20 2020 09:,1589961600,0.03,3202
May 20 2020 10:,1589965200,0.03,4418
May 20 2020 11:,1589968800,0.03,4694
May 20 2020 12:,1589972400,0.03,4510
May 20 2020 13:,1589976000,0.03,4551
May 20 2020 14:,1589979600,0.03,3125
May 20 2020 15:,1589983200,0.03,3880
May 20 2020 16:,1589986800,0.03,3870
May 20 2020 17:,1589990400,0.03,3677
May 20 2020 18:,1589994000,0.03,4225
May 20 2020 19:,1589997600,0.03,4091
May 20 2020 20:,1590001200,0.03,6185
May 20 2020 21:,1590004800,0.03,3685
May 20 2020 22:,1590008400,0.03,4169
May 20 2020 23:,1590012000,0.03,3828
May 21 2020 00:,1590015600,0.03,4179
May 21 2020 01:,1590019200,0.03,5531
May 21 2020 02:,1590022800,0.03,9298
May 21 2020 03:,1590026400,0.03,5551
May 21 2020 04:,1590030000,0.03,1938
May 21 2020 05:,1590033600,0.03,2063
May 21 2020 06:,1590037200,0.055,4290
May 21 2020 07:,1590040800,0.043,5149
May 21 2020 08:,1590044400,0.039,5373
May 21 2020 09:,1590048000,0.05,4711
May 21 2020 10:,1590051600,0.03,6798
May 21 2020 11:,1590055200,0.031,6311
May 21 2020 12:,1590058800,0.031,5217
May 21 2020 13:,1590062400,0.032,5217
May 21 2020 14:,1590066000,0.031,7336
May 21 2020 15:,1590069600,0.031,5988
May 21 2020 16:,1590073200,0.032,6977
May 21 2020 17:,1590076800,0.032,6493
May 21 2020 18:,1590080400,0.032,5804
May 21 2020 19:,1590084000,0.031,4080
May 21 2020 20:,1590087600,0.031,5006
May 21 2020 21:,1590091200,0.031,5856
May 21 2020 22:,1590094800,0.043,5021
May 21 2020 23:,1590098400,0.05,6178
May 22 2020 00:,1590102000,0.05,5819
May 22 2020 01:,1590105600,0.031,5330
May 22 2020 02:,1590109200,0.032,3088
May 22 2020 03:,1590112800,0.032,2306
May 22 2020 04:,1590116400,0.032,1806
May 22 2020 05:,1590120000,0.032,4008
May 22 2020 06:,1590123600,0.032,4932
May 22 2020 07:,1590127200,0.031,3668
May 22 2020 08:,1590130800,0.032,5325
May 22 2020 09:,1590134400,0.032,5773
May 22 2020 10:,1590138000,0.032,5077
May 22 2020 11:,1590141600,0.034,4745
May 22 2020 12:,1590145200,0.034,6137
May 22 2020 13:,1590148800,0.032,5377
May 22 2020 14:,1590152400,0.032,7852
May 22 2020 15:,1590156000,0.032,6944
May 22 2020 16:,1590159600,0.032,4659
May 22 2020 17:,1590163200,0.043,7877
May 22 2020 18:,1590166800,0.032,7762
May 22 2020 19:,1590170400,0.032,7685
May 22 2020 20:,1590174000,0.032,5612
May 22 2020 21:,1590177600,0.032,5305
May 22 2020 22:,1590181200,0.034,5904
May 22 2020 23:,1590184800,0.032,3360
May 23 2020 00:,1590188400,0.033,3637
May 23 2020 01:,1590192000,0.033,4174
May 23 2020 02:,1590195600,0.034,5756
May 23 2020 03:,1590199200,0.05,4031
May 23 2020 04:,1590202800,0.05,4657
May 23 2020 05:,1590206400,0.055,5618
May 23 2020 06:,1590210000,0.055,6944
May 23 2020 07:,1590213600,0.037,4685
May 23 2020 08:,1590217200,0.055,4355
May 23 2020 09:,1590220800,0.037,4857
May 23 2020 10:,1590224400,0.055,6999
May 23 2020 11:,1590228000,0.055,7335
May 23 2020 12:,1590231600,0.046,7074
May 23 2020 13:,1590235200,0.037,5555
May 23 2020 14:,1590238800,0.037,5139
May 23 2020 15:,1590242400,0.037,5351
May 23 2020 16:,1590246000,0.037,4834
May 23 2020 17:,1590249600,0.055,5463
May 23 2020 18:,1590253200,0.055,7009
May 23 2020 19:,1590256800,0.055,6188
May 23 2020 20:,1590260400,0.038,4779
May 23 2020 21:,1590264000,0.039,13924
May 23 2020 22:,1590267600,0.04,11157
May 23 2020 23:,1590271200,0.04,6069
May 24 2020 00:,1590274800,0.04,6902
May 24 2020 01:,1590278400,0.04,3093
May 24 2020 02:,1590282000,0.04,4236
May 24 2020 03:,1590285600,0.041,9518
May 24 2020 04:,1590289200,0.041,3480
May 24 2020 05:,1590292800,0.041,2665
May 24 2020 06:,1590296400,0.041,2656
May 24 2020 07:,1590300000,0.041,3195
May 24 2020 08:,1590303600,0.041,3636
May 24 2020 09:,1590307200,0.041,2880
May 24 2020 10:,1590310800,0.041,3075
May 24 2020 11:,1590314400,0.039,4119
May 24 2020 12:,1590318000,0.039,3883
May 24 2020 13:,1590321600,0.039,4114
May 24 2020 14:,1590325200,0.039,5141
May 24 2020 15:,1590328800,0.038,4488
May 24 2020 16:,1590332400,0.038,5880
May 24 2020 17:,1590336000,0.038,5920
May 24 2020 18:,1590339600,0.038,5259
May 24 2020 19:,1590343200,0.037,5518
May 24 2020 20:,1590346800,0.036,5174
May 24 2020 21:,1590350400,0.037,7184
May 24 2020 22:,1590354000,0.036,5420
May 24 2020 23:,1590357600,0.036,3479
May 25 2020 00:,1590361200,0.036,2636
May 25 2020 01:,1590364800,0.036,2160
May 25 2020 02:,1590368400,0.036,2282
May 25 2020 03:,1590372000,0.036,2229
May 25 2020 04:,1590375600,0.036,3953
May 25 2020 05:,1590379200,0.037,2657
May 25 2020 06:,1590382800,0.037,3158
May 25 2020 07:,1590386400,0.036,2718
May 25 2020 08:,1590390000,0.035,2855
May 25 2020 09:,1590393600,0.035,3180
May 25 2020 10:,1590397200,0.036,3359
May 25 2020 11:,1590400800,0.036,3971
May 25 2020 12:,1590404400,0.036,3702
May 25 2020 13:,1590408000,0.037,5124
May 25 2020 14:,1590411600,0.035,5230
May 25 2020 15:,1590415200,0.035,7042
May 25 2020 16:,1590418800,0.035,5763
May 25 2020 17:,1590422400,0.032,5067
May 25 2020 18:,1590426000,0.031,5414
May 25 2020 19:,1590429600,0.03,5972
May 25 2020 20:,1590433200,0.03,2730
May 25 2020 21:,1590436800,0.03,309
May 25 2020 22:,1590440400,0.03,2053
May 25 2020 23:,1590444000,0.03,3029
May 26 2020 00:,1590447600,0.03,3251
May 26 2020 01:,1590451200,0.03,3663
May 26 2020 02:,1590454800,0.03,2085
May 26 2020 03:,1590458400,0.03,1685
May 26 2020 04:,1590462000,0.03,2252
May 26 2020 05:,1590465600,0.03,2073
May 26 2020 06:,1590469200,0.03,2490
May 26 2020 07:,1590472800,0.03,3175
May 26 2020 08:,1590476400,0.03,3784
May 26 2020 09:,1590480000,0.03,3735
May 26 2020 10:,1590483600,0.03,4643
May 26 2020 11:,1590487200,0.03,4562
May 26 2020 12:,1590490800,0.03,5352
May 26 2020 13:,1590494400,0.03,4663
May 26 2020 14:,1590498000,0.03,3087
May 26 2020 15:,1590501600,0.032,4200
May 26 2020 16:,1590505200,0.03,2453
May 26 2020 17:,1590508800,0.03,2758
May 26 2020 18:,1590512400,0.03,3808
May 26 2020 19:,1590516000,0.03,4655
May 26 2020 20:,1590519600,0.03,4012
May 26 2020 21:,1590523200,0.03,3527
May 26 2020 22:,1590526800,0.03,3201
May 26 2020 23:,1590530400,0.03,2949
May 27 2020 00:,1590534000,0.03,2238
May 27 2020 01:,1590537600,0.03,2024
May 27 2020 02:,1590541200,0.03,1907
May 27 2020 03:,1590544800,0.031,2473
May 27 2020 04:,1590548400,0.032,1598
May 27 2020 05:,1590552000,0.031,2378
May 27 2020 06:,1590555600,0.031,2544
May 27 2020 07:,1590559200,0.032,3141
May 27 2020 08:,1590562800,0.033,2984
May 27 2020 09:,1590566400,0.034,4786
May 27 2020 10:,1590570000,0.034,3321
May 27 2020 11:,1590573600,0.034,3166
May 27 2020 12:,1590577200,0.034,3700
May 27 2020 13:,1590580800,0.031,2463
May 27 2020 14:,1590584400,0.032,3544
May 27 2020 15:,1590588000,0.032,5453
May 27 2020 16:,1590591600,0.032,3889
May 27 2020 17:,1590595200,0.032,3874
May 27 2020 18:,1590598800,0.05,5222
May 27 2020 19:,1590602400,0.031,3332
May 27 2020 20:,1590606000,0.032,5546
May 27 2020 21:,1590609600,0.032,3050
May 27 2020 22:,1590613200,0.033,2966
May 27 2020 23:,1590616800,0.031,2514
May 28 2020 00:,1590620400,0.031,2472
May 28 2020 01:,1590624000,0.03,1810
May 28 2020 02:,1590627600,0.034,1336
May 28 2020 03:,1590631200,0.035,1592
May 28 2020 04:,1590634800,0.035,1006
May 28 2020 05:,1590638400,0.033,1288
May 28 2020 06:,1590642000,0.033,1378
May 28 2020 07:,1590645600,0.033,1509
May 28 2020 08:,1590649200,0.035,3088
May 28 2020 09:,1590652800,0.033,2873
May 28 2020 10:,1590656400,0.032,2199
May 28 2020 11:,1590660000,0.032,2922
May 28 2020 12:,1590663600,0.031,2876
May 28 2020 13:,1590667200,0.031,2645
May 28 2020 14:,1590670800,0.031,2979
May 28 2020 15:,1590674400,0.031,3690
May 28 2020 16:,1590678000,0.032,4232
May 28 2020 17:,1590681600,0.032,3565
May 28 2020 18:,1590685200,0.032,3976
May 28 2020 19:,1590688800,0.031,3205
May 28 2020 20:,1590692400,0.032,4146
May 28 2020 21:,1590696000,0.031,3970
May 28 2020 22:,1590699600,0.031,3074
May 28 2020 23:,1590703200,0.031,2396
May 29 2020 00:,1590706800,0.05,2962
May 29 2020 01:,1590710400,0.03,1612
May 29 2020 02:,1590714000,0.032,1876
May 29 2020 03:,1590717600,0.043,2296
May 29 2020 04:,1590721200,0.032,2064
May 29 2020 05:,1590724800,0.034,2603
May 29 2020 06:,1590728400,0.05,2143
May 29 2020 07:,1590732000,0.035,2300
May 29 2020 08:,1590735600,0.034,2229
May 29 2020 09:,1590739200,0.035,2039
May 29 2020 10:,1590742800,0.034,3045
May 29 2020 11:,1590746400,0.034,3145
May 29 2020 12:,1590750000,0.034,3852
May 29 2020 13:,1590753600,0.032,2793
May 29 2020 14:,1590757200.0,0.032000000000000001,3497.0
May 29 2020 15:,1590760800.0,0.034000000000000002,4360.0
May 29 2020 16:,1590764400.0,0.032000000000000001,3336.0
May 29 2020 17:,1590768000.0,0.032000000000000001,3775.0
May 29 2020 18:,1590771600.0,0.032000000000000001,3516.0
May 29 2020 19:,1590775200.0,0.034000000000000002,4916.0
May 29 2020 20:,1590778800.0,0.032000000000000001,3486.0
May 29 2020 21:,1590782400.0,0.043999999999999997,4321.0
May 29 2020 22:,1590786000.0,0.035000000000000003,3592.0
May 29 2020 23:,1590789600.0,0.055,3585.0
May 30 2020 00:,1590793200.0,0.051999999999999998,2247.0
May 30 2020 01:,1590796800.0,0.036999999999999998,1557.0
May 30 2020 02:,1590800400.0,0.037999999999999999,2884.0
May 30 2020 03:,1590804000.0,0.055,2544.0
May 30 2020 04:,1590807600.0,0.035999999999999997,1769.0
May 30 2020 05:,1590811200.0,0.035999999999999997,1789.0
May 30 2020 06:,1590814800.0,0.035999999999999997,1814.0
May 30 2020 07:,1590818400.0,0.036999999999999998,2456.0
May 30 2020 08:,1590822000.0,0.035999999999999997,2161.0
May 30 2020 09:,1590825600.0,0.037999999999999999,2943.0
May 30 2020 10:,1590829200.0,0.035000000000000003,2685.0
May 30 2020 11:,1590832800.0,0.033000000000000002,2409.0
May 30 2020 12:,1590836400.0,0.036999999999999998,3530.0
May 30 2020 13:,1590840000.0,0.035000000000000003,3472.0
May 30 2020 14:,1590843600.0,0.037999999999999999,4030.0
May 30 2020 15:,1590847200.0,0.035000000000000003,3058.0
May 30 2020 16:,1590850800.0,0.035000000000000003,3400.0
May 30 2020 17:,1590854400.0,0.034000000000000002,3172.0
May 30 2020 18:,1590858000.0,0.034000000000000002,2999.0
May 30 2020 19:,1590861600.0,0.034000000000000002,3851.0
May 30 2020 20:,1590865200.0,0.050000000000000003,4689.0
May 30 2020 21:,1590868800.0,0.055,5268.0
May 30 2020 22:,1590872400.0,0.032000000000000001,3556.0
May 30 2020 23:,1590876000.0,0.032000000000000001,2068.0
May 31 2020 00:,1590879600.0,0.049000000000000002,2702.0
May 31 2020 01:,1590883200.0,0.050000000000000003,2388.0
May 31 2020 02:,1590886800.0,0.055,1799.0
May 31 2020 03:,1590890400.0,0.035999999999999997,1423.0
May 31 2020 04:,1590894000.0,0.035999999999999997,1776.0
May 31 2020 05:,1590897600.0,0.035000000000000003,1250.0
May 31 2020 06:,1590901200.0,0.035999999999999997,1613.0
May 31 2020 07:,1590904800.0,0.035999999999999997,1993.0
May 31 2020 08:,1590908400.0,0.035000000000000003,1923.0
May 31 2020 09:,1590912000.0,0.034000000000000002,1925.0
May 31 2020 10:,1590915600.0,0.035000000000000003,3263.0
May 31 2020 11:,1590919200.0,0.036999999999999998,3217.0
May 31 2020 12:,1590922800.0,0.035000000000000003,2806.0
May 31 2020 13:,1590926400.0,0.035000000000000003,2965.0
May 31 2020 14:,1590930000.0,0.033000000000000002,3011.0
May 31 2020 15:,1590933600.0,0.033000000000000002,3079.0
May 31 2020 16:,1590937200.0,0.034000000000000002,3552.0
May 31 2020 17:,1590940800.0,0.034000000000000002,3386.0
May 31 2020 18:,1590944400.0,0.035000000000000003,4813.0
May 31 2020 19:,1590948000.0,0.034000000000000002,3628.0
May 31 2020 20:,1590951600.0,0.035000000000000003,4147.0
May 31 2020 21:,1590955200.0,0.034000000000000002,3147.0
May 31 2020 22:,1590958800.0,0.033000000000000002,2994.0
May 31 2020 23:,1590962400.0,0.050000000000000003,2897.0
Jun 01 2020 00:,1590966000.0,0.055,2525.0
Jun 01 2020 01:,1590969600.0,0.033000000000000002,1712.0
Jun 01 2020 02:,1590973200.0,0.032000000000000001,1883.0
Jun 01 2020 03:,1590976800.0,0.032000000000000001,1570.0
Jun 01 2020 04:,1590980400.0,0.035000000000000003,1007.0
Jun 01 2020 05:,1590984000.0,0.035000000000000003,1531.0
Jun 01 2020 06:,1590987600.0,0.035000000000000003,1275.0
Jun 01 2020 07:,1590991200.0,0.035000000000000003,1995.0
Jun 01 2020 08:,1590994800.0,0.035000000000000003,1696.0
Jun 01 2020 09:,1590998400.0,0.045999999999999999,2855.0
Jun 01 2020 10:,1591002000.0,0.034000000000000002,2658.0
Jun 01 2020 11:,1591005600.0,0.035000000000000003,3533.0
Jun 01 2020 12:,1591009200.0,0.034000000000000002,4179.0
Jun 01 2020 13:,1591012800.0,0.037999999999999999,7439.0
Jun 01 2020 14:,1591016400.0,0.035000000000000003,3717.0
Jun 01 2020 15:,1591020000.0,0.034000000000000002,4585.0
Jun 01 2020 16:,1591023600.0,0.034000000000000002,5368.0
Jun 01 2020 17:,1591027200.0,0.035000000000000003,6928.0
Jun 01 2020 18:,1591030800.0,0.045999999999999999,4468.0
Jun 01 2020 19:,1591034400.0,0.032000000000000001,2860.0
Jun 01 2020 20:,1591038000.0,0.032000000000000001,3457.0
Jun 01 2020 21:,1591041600.0,0.034000000000000002,3357.0
Jun 01 2020 22:,1591045200.0,0.043999999999999997,3373.0
Jun 01 2020 23:,1591048800.0,0.056000000000000001,3780.0
Jun 02 2020 00:,1591052400.0,0.034000000000000002,2044.0
Jun 02 2020 01:,1591056000.0,0.034000000000000002,1559.0
Jun 02 2020 02:,1591059600.0,0.035000000000000003,1327.0
Jun 02 2020 03:,1591063200.0,0.035000000000000003,1201.0
Jun 02 2020 04:,1591066800.0,0.050000000000000003,1424.0
Jun 02 2020 05:,1591070400.0,0.035000000000000003,1487.0
Jun 02 2020 06:,1591074000.0,0.037999999999999999,4318.0
Jun 02 2020 07:,1591077600.0,0.037999999999999999,2941.0
Jun 02 2020 08:,1591081200.0,0.037999999999999999,2536.0
Jun 02 2020 09:,1591084800.0,0.037999999999999999,3184.0
Jun 02 2020 10:,1591088400.0,0.039,6279.0
Jun 02 2020 11:,1591092000.0,0.037999999999999999,3783.0
Jun 02 2020 12:,1591095600.0,0.035999999999999997,2794.0
Jun 02 2020 13:,1591099200.0,0.034000000000000002,2541.0
Jun 02 2020 14:,1591102800.0,0.037999999999999999,5937.0
Jun 02 2020 15:,1591106400.0,0.036999999999999998,3907.0
Jun 02 2020 16:,1591110000.0,0.036999999999999998,4645.0
Jun 02 2020 17:,1591113600.0,0.035999999999999997,3361.0
Jun 02 2020 18:,1591117200.0,0.037999999999999999,6002.0
Jun 02 2020 19:,1591120800.0,0.035999999999999997,3939.0
Jun 02 2020 20:,1591124400.0,0.040000000000000001,4362.0
Jun 02 2020 21:,1591128000.0,0.037999999999999999,2781.0
Jun 02 2020 22:,1591131600.0,0.035999999999999997,2095.0
Jun 02 2020 23:,1591135200.0,0.035999999999999997,2055.0
Jun 03 2020 00:,1591138800.0,0.035000000000000003,1374.0
Jun 03 2020 01:,1591142400.0,0.035000000000000003,1528.0
Jun 03 2020 02:,1591146000.0,0.050000000000000003,1753.0
Jun 03 2020 03:,1591149600.0,0.039,1430.0
Jun 03 2020 04:,1591153200.0,0.039,1392.0
Jun 03 2020 05:,1591156800.0,0.039,5093.0
Jun 03 2020 06:,1591160400.0,0.037999999999999999,1571.0
Jun 03 2020 07:,1591164000.0,0.039,5441.0
Jun 03 2020 08:,1591167600.0,0.037999999999999999,1868.0
Jun 03 2020 09:,1591171200.0,0.035999999999999997,2006.0
Jun 03 2020 10:,1591174800.0,0.039,4149.0
Jun 03 2020 11:,1591178400.0,0.041000000000000002,4921.0
Jun 03 2020 12:,1591182000.0,0.035999999999999997,2696.0
Jun 03 2020 13:,1591185600.0,0.036999999999999998,3339.0
Jun 03 2020 14:,1591189200.0,0.039,7244.0
Jun 03 2020 15:,1591192800.0,0.037999999999999999,3630.0
Jun 03 2020 16:,1591196400.0,0.037999999999999999,3065.0
Jun 03 2020 17:,1591200000.0,0.041000000000000002,7064.0
Jun 03 2020 18:,1591203600.0,0.037999999999999999,3318.0
Jun 03 2020 19:,1591207200.0,0.036999999999999998,2929.0
Jun 03 2020 20:,1591210800.0,0.035999999999999997,2876.0
Jun 03 2020 21:,1591214400.0,0.035000000000000003,3518.0
Jun 03 2020 22:,1591218000.0,0.035999999999999997,2377.0
Jun 03 2020 23:,1591221600.0,0.035000000000000003,1909.0
Jun 04 2020 00:,1591225200.0,0.034000000000000002,1720.0
Jun 04 2020 01:,1591228800.0,0.035999999999999997,1640.0
Jun 04 2020 02:,1591232400.0,0.035999999999999997,1720.0
Jun 04 2020 03:,1591236000.0,0.041000000000000002,7362.0
Jun 04 2020 04:,1591239600.0,0.041000000000000002,1952.0
Jun 04 2020 05:,1591243200.0,0.042000000000000003,7388.0
Jun 04 2020 06:,1591246800.0,0.042000000000000003,2036.0
Jun 04 2020 07:,1591250400.0,0.042000000000000003,2419.0
Jun 04 2020 08:,1591254000.0,0.042000000000000003,8575.0
Jun 04 2020 09:,1591257600.0,0.042000000000000003,3849.0
Jun 04 2020 10:,1591261200.0,0.041000000000000002,2927.0
Jun 04 2020 11:,1591264800.0,0.042000000000000003,7139.0
Jun 04 2020 12:,1591268400.0,0.042000000000000003,11576.0
Jun 04 2020 13:,1591272000.0,0.042000000000000003,5694.0
Jun 04 2020 14:,1591275600.0,0.042000000000000003,6026.0
Jun 04 2020 15:,1591279200.0,0.041000000000000002,5851.0
Jun 04 2020 16:,1591282800.0,0.041000000000000002,5611.0
Jun 04 2020 17:,1591286400.0,0.042000000000000003,10868.0
Jun 04 2020 18:,1591290000.0,0.042000000000000003,8038.0
Jun 04 2020 19:,1591293600.0,0.041000000000000002,5571.0
Jun 04 2020 20:,1591297200.0,0.041000000000000002,4212.0
Jun 04 2020 21:,1591300800.0,0.041000000000000002,3877.0
Jun 04 2020 22:,1591304400.0,0.041000000000000002,4627.0
Jun 04 2020 23:,1591308000.0,0.041000000000000002,4639.0
Jun 05 2020 00:,1591311600.0,0.041000000000000002,4015.0
Jun 05 2020 01:,1591315200.0,0.051999999999999998,2504.0
Jun 05 2020 02:,1591318800.0,0.041000000000000002,2071.0
Jun 05 2020 03:,1591322400.0,0.041000000000000002,3792.0
Jun 05 2020 04:,1591326000.0,0.041000000000000002,8013.0
Jun 05 2020 05:,1591329600.0,0.042000000000000003,2816.0
Jun 05 2020 06:,1591333200.0,0.041000000000000002,1915.0
Jun 05 2020 07:,1591336800.0,0.042000000000000003,2994.0
Jun 05 2020 08:,1591340400.0,0.042000000000000003,3155.0
Jun 05 2020 09:,1591344000.0,0.042000000000000003,8965.0
Jun 05 2020 10:,1591347600.0,0.042000000000000003,3435.0
Jun 05 2020 11:,1591351200.0,0.042000000000000003,3380.0
Jun 05 2020 12:,1591354800.0,0.042000000000000003,4774.0
Jun 05 2020 13:,1591358400.0,0.042000000000000003,4138.0
Jun 05 2020 14:,1591362000.0,0.042000000000000003,5907.0
Jun 05 2020 15:,1591365600.0,0.042000000000000003,5040.0
Jun 05 2020 16:,1591369200.0,0.042000000000000003,3848.0
Jun 05 2020 17:,1591372800.0,0.041000000000000002,4250.0
Jun 05 2020 18:,1591376400.0,0.042000000000000003,4189.0
Jun 05 2020 19:,1591380000.0,0.042000000000000003,4218.0
Jun 05 2020 20:,1591383600.0,0.042000000000000003,4069.0
Jun 05 2020 21:,1591387200.0,0.042000000000000003,3346.0
Jun 05 2020 22:,1591390800.0,0.041000000000000002,2692.0
Jun 05 2020 23:,1591394400.0,0.041000000000000002,2370.0
Jun 06 2020 00:,1591398000.0,0.041000000000000002,2082.0
Jun 06 2020 01:,1591401600.0,0.063,3452.0
Jun 06 2020 02:,1591405200.0,0.041000000000000002,2543.0
Jun 06 2020 03:,1591408800.0,0.042000000000000003,1693.0
Jun 06 2020 04:,1591412400.0,0.041000000000000002,1491.0
Jun 06 2020 05:,1591416000.0,0.041000000000000002,1188.0
Jun 06 2020 06:,1591419600.0,0.041000000000000002,1202.0
Jun 06 2020 07:,1591423200.0,0.041000000000000002,2330.0
Jun 06 2020 08:,1591426800.0,0.041000000000000002,2503.0
Jun 06 2020 09:,1591430400.0,0.042000000000000003,3126.0
Jun 06 2020 10:,1591434000.0,0.041000000000000002,2788.0
Jun 06 2020 11:,1591437600.0,0.042000000000000003,2937.0
Jun 06 2020 12:,1591441200.0,0.042000000000000003,3400.0
Jun 06 2020 13:,1591444800.0,0.041000000000000002,2950.0
Jun 06 2020 14:,1591448400.0,0.042000000000000003,3140.0
Jun 06 2020 15:,1591452000.0,0.042000000000000003,4572.0
Jun 06 2020 16:,1591455600.0,0.043999999999999997,4740.0
Jun 06 2020 17:,1591459200.0,0.043999999999999997,6074.0
Jun 06 2020 18:,1591462800.0,0.043999999999999997,5703.0
Jun 06 2020 19:,1591466400.0,0.042999999999999997,4877.0
Jun 06 2020 20:,1591470000.0,0.042999999999999997,6587.0
Jun 06 2020 21:,1591473600.0,0.043999999999999997,7491.0
Jun 06 2020 22:,1591477200.0,0.043999999999999997,5298.0
Jun 06 2020 23:,1591480800.0,0.043999999999999997,4392.0
Jun 07 2020 00:,1591484400.0,0.043999999999999997,2659.0
Jun 07 2020 01:,1591488000.0,0.043999999999999997,1994.0
Jun 07 2020 02:,1591491600.0,0.043999999999999997,4692.0
Jun 07 2020 03:,1591495200.0,0.043999999999999997,2140.0
Jun 07 2020 04:,1591498800.0,0.043999999999999997,1743.0
Jun 07 2020 05:,1591502400.0,0.043999999999999997,1899.0
Jun 07 2020 06:,1591506000.0,0.043999999999999997,2297.0
Jun 07 2020 07:,1591509600.0,0.043999999999999997,3539.0
Jun 07 2020 08:,1591513200.0,0.044999999999999998,3537.0
Jun 07 2020 09:,1591516800.0,0.044999999999999998,3263.0
Jun 07 2020 10:,1591520400.0,0.044999999999999998,3791.0
Jun 07 2020 11:,1591524000.0,0.043999999999999997,3699.0
Jun 07 2020 12:,1591527600.0,0.044999999999999998,5662.0
Jun 07 2020 13:,1591531200.0,0.044999999999999998,3973.0
Jun 07 2020 14:,1591534800.0,0.044999999999999998,4155.0
Jun 07 2020 15:,1591538400.0,0.044999999999999998,5848.0
Jun 07 2020 16:,1591542000.0,0.044999999999999998,7277.0
Jun 07 2020 17:,1591545600.0,0.043999999999999997,3751.0
Jun 07 2020 18:,1591549200.0,0.043999999999999997,4319.0
Jun 07 2020 19:,1591552800.0,0.043999999999999997,3694.0
Jun 07 2020 20:,1591556400.0,0.043999999999999997,4235.0
Jun 07 2020 21:,1591560000.0,0.059999999999999998,5292.0
Jun 07 2020 22:,1591563600.0,0.057000000000000002,5466.0
Jun 07 2020 23:,1591567200.0,0.059999999999999998,5619.0
Jun 08 2020 00:,1591570800.0,0.044999999999999998,4001.0
Jun 08 2020 01:,1591574400.0,0.057000000000000002,3093.0
Jun 08 2020 02:,1591578000.0,0.044999999999999998,3281.0
Jun 08 2020 03:,1591581600.0,0.044999999999999998,1600.0
Jun 08 2020 04:,1591585200.0,0.044999999999999998,1847.0
Jun 08 2020 05:,1591588800.0,0.044999999999999998,2086.0
Jun 08 2020 06:,1591592400.0,0.044999999999999998,3308.0
Jun 08 2020 07:,1591596000.0,0.043999999999999997,2258.0
Jun 08 2020 08:,1591599600.0,0.043999999999999997,3410.0
Jun 08 2020 09:,1591603200.0,0.043999999999999997,2958.0
Jun 08 2020 10:,1591606800.0,0.043999999999999997,3651.0
Jun 08 2020 11:,1591610400.0,0.043999999999999997,3283.0
Jun 08 2020 12:,1591614000.0,0.043999999999999997,3226.0
Jun 08 2020 13:,1591617600.0,0.043999999999999997,3464.0
