Mar 13 2019 01:,1552438800,22.58,95
Mar 14 2019 01:,1552525200,9.714,43221
Mar 15 2019 01:,1552611600,6.707,44595
Mar 16 2019 01:,1552698000,5.085,55248
Mar 17 2019 01:,1552784400,5.214,50975
Mar 18 2019 01:,1552870800,5.19,36994
Mar 19 2019 01:,1552957200,4.716,36386
Mar 20 2019 01:,1553043600,4.465,34771
Mar 21 2019 01:,1553130000,3.92,37384
Mar 22 2019 01:,1553216400,3.661,43749
Mar 23 2019 01:,1553302800,3.248,51159
Mar 24 2019 01:,1553389200,2.878,51891
Mar 25 2019 01:,1553475600,2.784,42856
Mar 26 2019 01:,1553562000,2.735,38916
Mar 27 2019 01:,1553648400,2.726,38453
Mar 28 2019 01:,1553734800,2.636,37475
Mar 29 2019 01:,1553821200,2.685,45665
Mar 30 2019 01:,1553907600,2.468,46256
Mar 31 2019 01:,1553990400,2.104,51076
Apr 01 2019 01:,1554076800,2.081,41771
Apr 02 2019 01:,1554163200,2.083,35630
Apr 03 2019 01:,1554249600,2.049,37908
Apr 04 2019 01:,1554336000,2.055,38385
Apr 05 2019 01:,1554422400,2.033,43208
Apr 06 2019 01:,1554508800,1.982,46408
Apr 07 2019 01:,1554595200,1.822,50474
Apr 08 2019 01:,1554681600,1.74,41628
Apr 09 2019 01:,1554768000,1.726,41380
Apr 10 2019 01:,1554854400,1.753,39261
Apr 11 2019 01:,1554940800,1.735,37646
Apr 12 2019 01:,1555027200,1.696,44591
Apr 13 2019 01:,1555113600,1.585,46408
Apr 14 2019 01:,1555200000,1.392,48662
Apr 15 2019 01:,1555286400,1.341,43503
Apr 16 2019 01:,1555372800,1.313,40628
Apr 17 2019 01:,1555459200,1.356,40787
Apr 18 2019 01:,1555545600,1.373,40506
Apr 19 2019 01:,1555632000,1.343,42791
Apr 20 2019 01:,1555718400,1.281,48408
Apr 21 2019 01:,1555804800,1.166,51743
Apr 22 2019 01:,1555891200,1.101,47898
Apr 23 2019 01:,1555977600,1.038,47915
Apr 24 2019 01:,1556064000,0.988,44562
Apr 25 2019 01:,1556150400,1.019,47539
Apr 26 2019 01:,1556236800,1.026,50608
Apr 27 2019 01:,1556323200,1.005,50211
Apr 28 2019 01:,1556409600,0.909,49907
Apr 29 2019 01:,1556496000,0.843,44547
Apr 30 2019 01:,1556582400,0.896,50574
May 01 2019 01:,1556668800,0.914,50938
May 02 2019 01:,1556755200,0.882,45762
May 03 2019 01:,1556841600,0.898,47975
May 04 2019 01:,1556928000,0.889,49766
May 05 2019 01:,1557014400,0.807,49449
May 06 2019 01:,1557100800,0.796,41417
May 07 2019 01:,1557187200,0.819,43820
May 08 2019 01:,1557273600,0.832,40136
May 09 2019 01:,1557360000,0.795,39641
May 10 2019 01:,1557446400,0.808,45841
May 11 2019 01:,1557532800,0.805,47692
May 12 2019 01:,1557619200,0.765,45133
May 13 2019 01:,1557705600,0.739,38186
May 14 2019 01:,1557792000,0.76,40749
May 15 2019 01:,1557878400,0.793,41873
May 16 2019 01:,1557964800,0.807,38301
May 17 2019 01:,1558051200,0.809,44850
May 18 2019 01:,1558137600,0.738,48218
May 19 2019 01:,1558224000,0.687,50110
May 20 2019 01:,1558310400,0.713,42477
May 21 2019 01:,1558396800,0.734,40521
May 22 2019 01:,1558483200,0.736,40195
May 23 2019 01:,1558569600,0.726,39024
May 24 2019 01:,1558656000,0.727,46637
May 25 2019 01:,1558742400,0.716,49304
May 26 2019 01:,1558828800,0.707,48727
May 27 2019 01:,1558915200,0.72,42346
May 28 2019 01:,1559001600,0.711,40598
May 29 2019 01:,1559088000,0.718,43158
May 30 2019 01:,1559174400,0.74,44981
May 31 2019 01:,1559260800,0.738,45025
Jun 01 2019 01:,1559347200,0.751,48476
Jun 02 2019 01:,1559433600,0.737,47477
Jun 03 2019 01:,1559520000,0.721,43472
Jun 04 2019 01:,1559606400,0.708,43273
Jun 05 2019 01:,1559692800,0.718,44192
Jun 06 2019 01:,1559779200,0.745,42925
Jun 07 2019 01:,1559865600,0.747,43357
Jun 08 2019 01:,1559952000,0.742,47146
Jun 09 2019 01:,1560038400,0.748,50187
Jun 10 2019 01:,1560124800,0.731,45979
Jun 11 2019 01:,1560211200,0.725,43640
Jun 12 2019 01:,1560297600,0.739,42358
Jun 13 2019 01:,1560384000,0.741,42805
Jun 14 2019 01:,1560470400,0.741,44451
Jun 15 2019 01:,1560556800,0.742,49059
Jun 16 2019 01:,1560643200,0.725,47868
Jun 17 2019 01:,1560729600,0.711,44486
Jun 18 2019 01:,1560816000,0.685,41806
Jun 19 2019 01:,1560902400,0.662,42980
Jun 20 2019 01:,1560988800,0.621,49903
Jun 21 2019 01:,1561075200,0.621,46423
Jun 22 2019 01:,1561161600,0.638,44363
Jun 23 2019 01:,1561248000,0.634,45846
Jun 24 2019 01:,1561334400,0.582,42706
Jun 25 2019 01:,1561420800,0.552,45988
Jun 26 2019 01:,1561507200,0.492,45117
Jun 27 2019 01:,1561593600,0.481,45951
Jun 28 2019 01:,1561680000,0.541,48945
Jun 29 2019 01:,1561766400,0.587,47399
Jun 30 2019 01:,1561852800,0.596,48277
Jul 01 2019 01:,1561939200,0.561,44546
Jul 02 2019 01:,1562025600,0.56,44336
Jul 03 2019 01:,1562112000,0.549,43112
Jul 04 2019 01:,1562198400,0.563,45728
Jul 05 2019 01:,1562284800,0.583,43745
Jul 06 2019 01:,1562371200,0.594,44155
Jul 07 2019 01:,1562457600,0.593,45375
Jul 08 2019 01:,1562544000,0.584,44977
Jul 09 2019 01:,1562630400,0.585,43076
Jul 10 2019 01:,1562716800,0.579,44540
Jul 11 2019 01:,1562803200,0.59,48067
Jul 12 2019 01:,1562889600,0.601,43185
Jul 13 2019 01:,1562976000,0.594,42247
Jul 14 2019 01:,1563062400,0.574,43226
Jul 15 2019 01:,1563148800,0.544,43843
Jul 16 2019 01:,1563235200,0.541,44074
Jul 17 2019 01:,1563321600,0.521,40294
Jul 18 2019 01:,1563408000,0.499,40540
Jul 19 2019 01:,1563494400,0.508,45342
Jul 20 2019 01:,1563580800,0.512,41621
Jul 21 2019 01:,1563667200,0.512,45473
Jul 22 2019 01:,1563753600,0.5,42842
Jul 23 2019 01:,1563840000,0.489,43475
Jul 24 2019 01:,1563926400,0.478,42080
Jul 25 2019 01:,1564012800,0.475,42789
Jul 26 2019 01:,1564099200,0.481,43573
Jul 27 2019 01:,1564185600,0.494,45628
Jul 28 2019 01:,1564272000,0.486,43905
Jul 29 2019 01:,1564358400,0.463,43267
Jul 30 2019 01:,1564444800,0.456,46969
Jul 31 2019 01:,1564531200,0.476,49021
Aug 01 2019 01:,1564617600,0.493,49619
Aug 02 2019 01:,1564704000,0.515,48649
Aug 03 2019 01:,1564790400,0.526,49195
Aug 04 2019 01:,1564876800,0.528,46526
Aug 05 2019 01:,1564963200,0.526,45621
Aug 06 2019 01:,1565049600,0.531,47081
Aug 07 2019 01:,1565136000,0.54,44760
Aug 08 2019 01:,1565222400,0.542,48850
Aug 09 2019 01:,1565308800,0.572,51675
Aug 10 2019 01:,1565395200,0.591,52570
Aug 11 2019 01:,1565481600,0.603,53848
Aug 12 2019 01:,1565568000,0.597,50229
Aug 13 2019 01:,1565654400,0.621,55044
Aug 14 2019 01:,1565740800,0.604,48996
Aug 15 2019 01:,1565827200,0.592,49376
Aug 16 2019 01:,1565913600,0.609,50591
Aug 17 2019 01:,1566000000,0.604,50869
Aug 18 2019 01:,1566086400,0.602,53697
Aug 19 2019 01:,1566172800,0.586,46784
Aug 20 2019 01:,1566259200,0.499,44814
Aug 21 2019 01:,1566345600,0.501,47899
Aug 22 2019 01:,1566432000,0.51,47045
Aug 23 2019 01:,1566518400,0.532,52320
Aug 24 2019 01:,1566604800,0.555,50234
Aug 25 2019 01:,1566691200,0.533,50391
Aug 26 2019 01:,1566777600,0.528,49090
Aug 27 2019 01:,1566864000,0.511,48200
Aug 28 2019 01:,1566950400,0.509,40846
Aug 29 2019 01:,1567036800,0.498,52777
Aug 30 2019 01:,1567123200,0.521,55215
Aug 31 2019 01:,1567209600,0.538,55720
Sep 01 2019 01:,1567296000,0.529,51672
Sep 02 2019 01:,1567382400,0.534,49532
Sep 03 2019 01:,1567468800,0.55,44984
Sep 04 2019 01:,1567555200,0.542,44167
Sep 05 2019 01:,1567641600,0.55,43977
Sep 06 2019 01:,1567728000,0.548,48359
Sep 07 2019 01:,1567814400,0.532,57587
Sep 08 2019 01:,1567900800,0.479,60024
Sep 09 2019 01:,1567987200,0.467,48749
Sep 10 2019 01:,1568073600,0.461,47154
Sep 11 2019 01:,1568160000,0.455,46948
Sep 12 2019 01:,1568246400,0.46,47698
Sep 13 2019 01:,1568332800,0.477,59807
Sep 14 2019 01:,1568419200,0.463,58128
Sep 15 2019 01:,1568505600,0.417,54989
Sep 16 2019 01:,1568592000,0.404,45109
Sep 17 2019 01:,1568678400,0.397,46192
Sep 18 2019 01:,1568764800,0.389,47295
Sep 19 2019 01:,1568851200,0.378,44743
Sep 20 2019 01:,1568937600,0.356,52720
Sep 21 2019 01:,1569024000,0.337,59360
Sep 22 2019 01:,1569110400,0.328,56466
Sep 23 2019 01:,1569196800,0.333,46046
Sep 24 2019 01:,1569283200,0.344,46290
Sep 25 2019 01:,1569369600,0.355,47267
Sep 26 2019 01:,1569456000,0.367,45393
Sep 27 2019 01:,1569542400,0.391,55510
Sep 28 2019 01:,1569628800,0.395,58140
Sep 29 2019 01:,1569715200,0.379,57429
Sep 30 2019 01:,1569801600,0.388,49338
Oct 01 2019 01:,1569888000,0.406,52108
Oct 02 2019 01:,1569974400,0.417,49707
Oct 03 2019 01:,1570060800,0.431,55722
Oct 04 2019 01:,1570147200,0.428,54622
Oct 05 2019 01:,1570233600,0.402,63867
Oct 06 2019 01:,1570320000,0.379,61651
Oct 07 2019 01:,1570406400,0.394,52280
Oct 08 2019 01:,1570492800,0.405,49573
Oct 09 2019 01:,1570579200,0.405,47380
Oct 10 2019 01:,1570665600,0.409,49749
Oct 11 2019 01:,1570752000,0.409,56242
Oct 12 2019 01:,1570838400,0.405,64648
Oct 13 2019 01:,1570924800,0.39,61172
Oct 14 2019 01:,1571011200,0.378,47928
Oct 15 2019 01:,1571097600,0.368,44027
Oct 16 2019 01:,1571184000,0.372,46857
Oct 17 2019 01:,1571270400,0.367,44997
Oct 18 2019 01:,1571356800,0.365,55328
Oct 19 2019 01:,1571443200,0.328,54972
Oct 20 2019 01:,1571529600,0.324,47394
Oct 21 2019 01:,1571616000,0.325,34534
Oct 22 2019 01:,1571702400,0.326,30887
Oct 23 2019 01:,1571788800,0.302,28947
Oct 24 2019 01:,1571875200,0.272,41668
Oct 25 2019 01:,1571961600,0.253,51480
Oct 26 2019 01:,1572048000,0.237,56475
Oct 27 2019 01:,1572138000,0.223,56649
Oct 28 2019 01:,1572224400,0.189,40671
Oct 29 2019 01:,1572310800,0.148,42347
Oct 30 2019 01:,1572397200,0.124,39216
Oct 31 2019 01:,1572483600,0.123,44314
Nov 01 2019 01:,1572570000,0.141,45974
Nov 02 2019 01:,1572656400,0.161,49434
Nov 03 2019 01:,1572742800,0.146,46295
Nov 04 2019 01:,1572829200,0.126,39751
Nov 05 2019 01:,1572915600,0.114,38679
Nov 06 2019 01:,1573002000,0.111,37598
Nov 07 2019 01:,1573088400,0.112,40013
Nov 08 2019 01:,1573174800,0.111,42431
Nov 09 2019 01:,1573261200,0.096,50117
Nov 10 2019 01:,1573347600,0.082,43065
Nov 11 2019 01:,1573434000,0.07,38060
Nov 12 2019 01:,1573520400,0.067,31955
Nov 13 2019 01:,1573606800,0.067,33725
Nov 14 2019 01:,1573693200,0.067,34584
Nov 15 2019 01:,1573779600,0.071,41148
Nov 16 2019 01:,1573866000,0.07,48851
Nov 17 2019 01:,1573952400,0.063,43449
Nov 18 2019 01:,1574038800,0.058,36034
Nov 19 2019 01:,1574125200,0.032,37052
Nov 20 2019 01:,1574211600,0.03,33371
Nov 21 2019 01:,1574298000,0.03,28224
Nov 22 2019 01:,1574384400,0.03,31720
Nov 23 2019 01:,1574470800,0.03,39051
Nov 24 2019 01:,1574557200,0.031,38874
Nov 25 2019 01:,1574643600,0.033,30453
Nov 26 2019 01:,1574730000,0.032,31314
Nov 27 2019 01:,1574816400,0.03,36793
Nov 28 2019 01:,1574902800,0.03,32038
Nov 29 2019 01:,1574989200,0.03,36421
Nov 30 2019 01:,1575075600,0.03,40674
Dec 01 2019 01:,1575162000,0.03,36352
Dec 02 2019 01:,1575248400,0.03,30497
Dec 03 2019 01:,1575334800,0.03,29242
Dec 04 2019 01:,1575421200,0.03,31090
Dec 05 2019 01:,1575507600,0.03,31501
Dec 06 2019 01:,1575594000,0.03,34569
Dec 07 2019 01:,1575680400,0.03,49527
Dec 08 2019 01:,1575766800,0.03,39132
Dec 09 2019 01:,1575853200,0.03,32157
Dec 10 2019 01:,1575939600,0.031,35370
Dec 11 2019 01:,1576026000,0.033,32926
Dec 12 2019 01:,1576112400,0.03,37432
Dec 13 2019 01:,1576198800,0.03,35834
Dec 14 2019 01:,1576285200,0.03,41441
Dec 15 2019 01:,1576371600,0.03,41346
Dec 16 2019 01:,1576458000,0.03,33387
Dec 17 2019 01:,1576544400,0.03,33790
Dec 18 2019 01:,1576630800,0.032,34110
Dec 19 2019 01:,1576717200,0.03,32704
Dec 20 2019 01:,1576803600,0.03,40509
Dec 21 2019 01:,1576890000,0.03,41518
Dec 22 2019 01:,1576976400,0.03,39776
Dec 23 2019 01:,1577062800,0.03,39761
Dec 24 2019 01:,1577149200,0.03,35724
Dec 25 2019 01:,1577235600,0.03,42909
Dec 26 2019 01:,1577322000,0.03,38113
Dec 27 2019 01:,1577408400,0.03,39412
Dec 28 2019 01:,1577494800,0.03,46343
Dec 29 2019 01:,1577581200,0.03,41617
Dec 30 2019 01:,1577667600,0.03,42101
Dec 31 2019 01:,1577754000,0.03,38344
Jan 01 2020 01:,1577840400,0.031,38455
Jan 02 2020 01:,1577926800,0.03,43748
Jan 03 2020 01:,1578013200,0.033,46104
Jan 04 2020 01:,1578099600,0.04,42242
Jan 05 2020 01:,1578186000,0.03,43931
Jan 06 2020 01:,1578272400,0.03,38003
Jan 07 2020 01:,1578358800,0.03,39084
Jan 08 2020 01:,1578445200,0.031,43702
Jan 09 2020 01:,1578531600,0.03,41020
Jan 10 2020 01:,1578618000,0.031,57916
Jan 11 2020 01:,1578704400,0.031,48750
Jan 12 2020 01:,1578790800,0.03,46543
Jan 13 2020 01:,1578877200,0.03,38963
Jan 14 2020 01:,1578963600,0.03,45507
Jan 15 2020 01:,1579050000,0.03,46944
Jan 16 2020 01:,1579136400,0.031,46169
Jan 17 2020 01:,1579222800,0.032,50821
Jan 18 2020 01:,1579309200,0.031,60297
Jan 19 2020 01:,1579395600,0.031,62346
Jan 20 2020 01:,1579482000,0.032,50959
Jan 21 2020 01:,1579568400,0.034,50992
Jan 22 2020 01:,1579654800,0.033,49654
Jan 23 2020 01:,1579741200,0.033,48524
Jan 24 2020 01:,1579827600,0.034,57740
Jan 25 2020 01:,1579914000,0.034,62906
Jan 26 2020 01:,1580000400,0.032,58149
Jan 27 2020 01:,1580086800,0.03,48414
Jan 28 2020 01:,1580173200,0.03,48654
Jan 29 2020 01:,1580259600,0.031,50665
Jan 30 2020 01:,1580346000,0.033,47473
Jan 31 2020 01:,1580432400,0.035,55188
Feb 01 2020 01:,1580518800,0.038,59997
Feb 02 2020 01:,1580605200,0.038,59004
Feb 03 2020 01:,1580691600,0.036,43858
Feb 04 2020 01:,1580778000,0.043,57907
Feb 05 2020 01:,1580864400,0.042,57063
Feb 06 2020 01:,1580950800,0.041,50082
Feb 07 2020 01:,1581037200,0.04,58755
Feb 08 2020 01:,1581123600,0.041,60268
Feb 09 2020 01:,1581210000,0.037,58006
Feb 10 2020 01:,1581296400,0.036,48944
Feb 11 2020 01:,1581382800,0.034,46487
Feb 12 2020 01:,1581469200,0.034,48250
Feb 13 2020 01:,1581555600,0.034,49905
Feb 14 2020 01:,1581642000,0.046,72274
Feb 15 2020 01:,1581728400,0.039,61421
Feb 16 2020 01:,1581814800,0.041,60364
Feb 17 2020 01:,1581901200,0.041,51215
Feb 18 2020 01:,1581987600,0.038,47848
Feb 19 2020 01:,1582074000,0.039,54450
Feb 20 2020 01:,1582160400,0.038,46117
Feb 21 2020 01:,1582246800,0.044,58730
Feb 22 2020 01:,1582333200,0.041,57238
Feb 23 2020 01:,1582419600,0.053,134816
Feb 24 2020 01:,1582506000,0.062,89229
Feb 25 2020 01:,1582592400,0.062,85316
Feb 26 2020 01:,1582678800,0.05,69065
Feb 27 2020 01:,1582765200,0.053,71061
Feb 28 2020 01:,1582851600,0.058,69401
Feb 29 2020 01:,1582938000,0.052,80498
Mar 01 2020 01:,1583024400,0.049,71594
Mar 02 2020 01:,1583110800,0.044,57792
Mar 03 2020 01:,1583197200,0.044,56250
Mar 04 2020 01:,1583283600,0.044,65678
Mar 05 2020 01:,1583370000,0.041,65624
Mar 06 2020 01:,1583456400,0.042,68864
Mar 07 2020 01:,1583542800,0.043,77510
Mar 08 2020 01:,1583629200,0.044,70748
Mar 09 2020 01:,1583715600,0.038,55022
Mar 10 2020 01:,1583802000,0.039,58578
Mar 11 2020 01:,1583888400,0.043,56876
Mar 12 2020 01:,1583974800,0.04,51741
Mar 13 2020 01:,1584061200,0.036,59016
Mar 14 2020 01:,1584147600,0.035,65254
Mar 15 2020 01:,1584234000,0.033,60554
Mar 16 2020 01:,1584320400,0.031,59984
Mar 17 2020 01:,1584406800,0.03,58442
Mar 18 2020 01:,1584493200,0.032,57707
Mar 19 2020 01:,1584579600,0.035,59129
Mar 20 2020 01:,1584666000,0.031,52317
Mar 21 2020 01:,1584752400,0.03,54809
Mar 22 2020 01:,1584838800,0.031,59989
Mar 23 2020 01:,1584925200,0.03,50579
Mar 24 2020 01:,1585011600,0.03,54094
Mar 25 2020 01:,1585098000,0.03,67179
Mar 26 2020 01:,1585184400,0.03,51711
Mar 27 2020 01:,1585270800,0.03,65295
Mar 28 2020 01:,1585357200,0.03,56193
Mar 29 2020 01:,1585440000,0.03,57084
Mar 30 2020 01:,1585526400,0.03,65183
Mar 31 2020 01:,1585612800,0.03,75649
Apr 01 2020 01:,1585699200,0.031,88815
Apr 02 2020 01:,1585785600,0.03,83206
Apr 03 2020 01:,1585872000,0.031,75544
Apr 04 2020 01:,1585958400,0.031,84822
Apr 05 2020 01:,1586044800,0.031,69503
Apr 06 2020 01:,1586131200,0.03,76450
Apr 07 2020 01:,1586217600,0.03,70626
Apr 08 2020 01:,1586304000,0.03,75649
Apr 09 2020 01:,1586390400,0.03,72683
Apr 10 2020 01:,1586476800,0.03,77011
Apr 11 2020 01:,1586563200,0.03,81873
Apr 12 2020 01:,1586649600,0.03,74005
Apr 13 2020 01:,1586736000,0.03,72231
Apr 14 2020 01:,1586822400,0.03,77910
Apr 15 2020 01:,1586908800,0.03,79253
Apr 16 2020 01:,1586995200,0.03,84767
Apr 17 2020 01:,1587081600,0.03,81657
Apr 18 2020 01:,1587168000,0.03,81845
Apr 19 2020 01:,1587254400,0.03,88672
Apr 20 2020 01:,1587340800,0.03,84510
Apr 21 2020 01:,1587427200,0.03,79660
Apr 22 2020 01:,1587513600,0.03,83836
Apr 23 2020 01:,1587600000,0.03,87013
Apr 24 2020 01:,1587686400,0.03,83906
Apr 25 2020 01:,1587772800,0.03,90291
Apr 26 2020 01:,1587859200,0.03,88381
Apr 27 2020 01:,1587945600,0.03,77046
Apr 28 2020 01:,1588032000,0.03,78138
Apr 29 2020 01:,1588118400,0.03,39975
Apr 29 2020 15:,1588168800,0.03,4501
Apr 29 2020 16:,1588172400,0.03,4416
Apr 29 2020 17:,1588176000,0.03,4432
Apr 29 2020 18:,1588179600,0.03,4735
Apr 29 2020 19:,1588183200,0.03,5440
Apr 29 2020 20:,1588186800,0.03,4705
Apr 29 2020 21:,1588190400,0.03,4903
Apr 29 2020 22:,1588194000,0.03,4816
Apr 29 2020 23:,1588197600,0.03,3696
Apr 30 2020 00:,1588201200,0.03,3241
Apr 30 2020 01:,1588204800,0.03,2191
Apr 30 2020 02:,1588208400,0.03,2823
Apr 30 2020 03:,1588212000,0.03,2202
Apr 30 2020 04:,1588215600,0.03,1626
Apr 30 2020 05:,1588219200,0.03,1722
Apr 30 2020 06:,1588222800,0.03,1807
Apr 30 2020 07:,1588226400,0.03,2556
Apr 30 2020 08:,1588230000,0.03,2792
Apr 30 2020 09:,1588233600,0.03,3030
Apr 30 2020 10:,1588237200,0.03,3302
Apr 30 2020 11:,1588240800,0.033,5165
Apr 30 2020 12:,1588244400,0.03,3776
Apr 30 2020 13:,1588248000,0.03,4607
Apr 30 2020 14:,1588251600,0.03,4201
Apr 30 2020 15:,1588255200,0.03,4765
Apr 30 2020 16:,1588258800,0.03,4913
Apr 30 2020 17:,1588262400,0.03,4465
Apr 30 2020 18:,1588266000,0.03,5729
Apr 30 2020 19:,1588269600,0.03,5840
Apr 30 2020 20:,1588273200,0.03,5133
Apr 30 2020 21:,1588276800,0.03,5325
Apr 30 2020 22:,1588280400,0.03,5656
Apr 30 2020 23:,1588284000,0.03,4125
May 01 2020 00:,1588287600,0.03,4527
May 01 2020 01:,1588291200,0.036,3804
May 01 2020 02:,1588294800,0.03,2477
May 01 2020 03:,1588298400,0.03,1829
May 01 2020 04:,1588302000,0.03,3978
May 01 2020 05:,1588305600,0.03,3643
May 01 2020 06:,1588309200,0.03,2923
May 01 2020 07:,1588312800,0.03,2121
May 01 2020 08:,1588316400,0.03,2532
May 01 2020 09:,1588320000,0.03,3213
May 01 2020 10:,1588323600,0.03,3409
May 01 2020 11:,1588327200,0.03,3693
May 01 2020 12:,1588330800,0.03,4505
May 01 2020 13:,1588334400,0.03,4774
May 01 2020 14:,1588338000,0.03,4380
May 01 2020 15:,1588341600,0.03,4613
May 01 2020 16:,1588345200,0.03,3742
May 01 2020 17:,1588348800,0.03,4001
May 01 2020 18:,1588352400,0.03,5316
May 01 2020 19:,1588356000,0.03,5453
May 01 2020 20:,1588359600,0.03,5307
May 01 2020 21:,1588363200,0.03,5173
May 01 2020 22:,1588366800,0.03,4894
May 01 2020 23:,1588370400,0.03,4369
May 02 2020 00:,1588374000,0.03,2963
May 02 2020 01:,1588377600,0.03,2976
May 02 2020 02:,1588381200,0.04,3022
May 02 2020 03:,1588384800,0.03,2211
May 02 2020 04:,1588388400,0.03,3235
May 02 2020 05:,1588392000,0.03,2582
May 02 2020 06:,1588395600,0.03,2248
May 02 2020 07:,1588399200,0.03,1957
May 02 2020 08:,1588402800,0.03,2922
May 02 2020 09:,1588406400,0.03,2893
May 02 2020 10:,1588410000,0.03,3649
May 02 2020 11:,1588413600,0.03,4089
May 02 2020 12:,1588417200,0.03,4705
May 02 2020 13:,1588420800,0.03,4887
May 02 2020 14:,1588424400,0.03,6678
May 02 2020 15:,1588428000,0.03,5947
May 02 2020 16:,1588431600,0.03,4553
May 02 2020 17:,1588435200,0.03,4276
May 02 2020 18:,1588438800,0.03,4242
May 02 2020 19:,1588442400,0.03,4615
May 02 2020 20:,1588446000,0.03,5846
May 02 2020 21:,1588449600,0.03,4508
May 02 2020 22:,1588453200,0.03,5448
May 02 2020 23:,1588456800,0.03,4577
May 03 2020 00:,1588460400,0.03,3438
May 03 2020 01:,1588464000,0.03,3289
May 03 2020 02:,1588467600,0.03,2754
May 03 2020 03:,1588471200,0.032,2674
May 03 2020 04:,1588474800,0.03,2366
May 03 2020 05:,1588478400,0.03,3173
May 03 2020 06:,1588482000,0.03,2332
May 03 2020 07:,1588485600,0.03,3092
May 03 2020 08:,1588489200,0.03,2439
May 03 2020 09:,1588492800,0.03,2757
May 03 2020 10:,1588496400,0.03,3221
May 03 2020 11:,1588500000,0.03,3344
May 03 2020 12:,1588503600,0.03,4091
May 03 2020 13:,1588507200,0.03,7005
May 03 2020 14:,1588510800,0.03,4191
May 03 2020 15:,1588514400,0.03,4517
May 03 2020 16:,1588518000,0.03,5022
May 03 2020 17:,1588521600,0.03,3458
May 03 2020 18:,1588525200,0.03,4540
May 03 2020 19:,1588528800,0.03,4304
May 03 2020 20:,1588532400,0.03,5112
May 03 2020 21:,1588536000,0.03,4959
May 03 2020 22:,1588539600,0.03,3690
May 03 2020 23:,1588543200,0.03,3132
May 04 2020 00:,1588546800,0.03,2925
May 04 2020 01:,1588550400,0.03,2048
May 04 2020 02:,1588554000,0.03,2159
May 04 2020 03:,1588557600,0.03,2632
May 04 2020 04:,1588561200,0.03,2766
May 04 2020 05:,1588564800,0.03,2669
May 04 2020 06:,1588568400,0.03,2327
May 04 2020 07:,1588572000,0.03,2646
May 04 2020 08:,1588575600,0.03,2301
May 04 2020 09:,1588579200,0.03,2877
May 04 2020 10:,1588582800,0.03,2703
May 04 2020 11:,1588586400,0.03,3426
May 04 2020 12:,1588590000,0.03,3778
May 04 2020 13:,1588593600,0.03,3697
May 04 2020 14:,1588597200,0.03,3180
May 04 2020 15:,1588600800,0.03,5102
May 04 2020 16:,1588604400,0.03,4294
May 04 2020 17:,1588608000,0.03,4236
May 04 2020 18:,1588611600,0.03,3570
May 04 2020 19:,1588615200,0.03,4701
May 04 2020 20:,1588618800,0.03,4023
May 04 2020 21:,1588622400,0.03,4792
May 04 2020 22:,1588626000,0.03,4862
May 04 2020 23:,1588629600,0.03,3550
May 05 2020 00:,1588633200,0.03,2815
May 05 2020 01:,1588636800,0.04,3534
May 05 2020 02:,1588640400,0.03,2220
May 05 2020 03:,1588644000,0.035,2334
May 05 2020 04:,1588647600,0.032,1917
May 05 2020 05:,1588651200,0.03,1916
May 05 2020 06:,1588654800,0.03,2267
May 05 2020 07:,1588658400,0.03,2183
May 05 2020 08:,1588662000,0.03,2231
May 05 2020 09:,1588665600,0.03,3071
May 05 2020 10:,1588669200,0.03,4315
May 05 2020 11:,1588672800,0.03,3537
May 05 2020 12:,1588676400,0.03,3332
May 05 2020 13:,1588680000,0.03,4259
May 05 2020 14:,1588683600,0.03,4217
May 05 2020 15:,1588687200,0.03,3505
May 05 2020 16:,1588690800,0.03,3034
May 05 2020 17:,1588694400,0.03,5248
May 05 2020 18:,1588698000,0.03,7706
May 05 2020 19:,1588701600,0.03,5593
May 05 2020 20:,1588705200,0.03,4650
May 05 2020 21:,1588708800,0.03,4717
May 05 2020 22:,1588712400,0.03,4397
May 05 2020 23:,1588716000,0.03,4682
May 06 2020 00:,1588719600,0.03,4572
May 06 2020 01:,1588723200,0.03,2135
May 06 2020 02:,1588726800,0.03,2290
May 06 2020 03:,1588730400,0.03,1946
May 06 2020 04:,1588734000,0.03,1851
May 06 2020 05:,1588737600,0.03,1634
May 06 2020 06:,1588741200,0.03,1513
May 06 2020 07:,1588744800,0.03,2312
May 06 2020 08:,1588748400,0.03,3259
May 06 2020 09:,1588752000,0.03,3912
May 06 2020 10:,1588755600,0.03,3086
May 06 2020 11:,1588759200,0.03,4788
May 06 2020 12:,1588762800,0.03,4968
May 06 2020 13:,1588766400,0.03,6382
May 06 2020 14:,1588770000,0.03,7831
May 06 2020 15:,1588773600,0.03,7028
May 06 2020 16:,1588777200,0.03,6740
May 06 2020 17:,1588780800,0.03,6839
May 06 2020 18:,1588784400,0.03,6748
May 06 2020 19:,1588788000,0.03,6612
May 06 2020 20:,1588791600,0.043,6587
May 06 2020 21:,1588795200,0.03,4927
May 06 2020 22:,1588798800,0.043,7118
May 06 2020 23:,1588802400,0.03,3799
May 07 2020 00:,1588806000,0.03,2622
May 07 2020 01:,1588809600,0.03,2162
May 07 2020 02:,1588813200,0.03,1400
May 07 2020 03:,1588816800,0.03,1338
May 07 2020 04:,1588820400,0.04,2422
May 07 2020 05:,1588824000,0.03,1475
May 07 2020 06:,1588827600,0.03,1355
May 07 2020 07:,1588831200,0.03,1467
May 07 2020 08:,1588834800,0.03,2778
May 07 2020 09:,1588838400,0.043,4100
May 07 2020 10:,1588842000,0.03,4975
May 07 2020 11:,1588845600,0.03,3463
May 07 2020 12:,1588849200,0.03,3755
May 07 2020 13:,1588852800,0.03,5896
May 07 2020 14:,1588856400,0.03,5303
May 07 2020 15:,1588860000,0.03,4587
May 07 2020 16:,1588863600,0.03,7227
May 07 2020 17:,1588867200,0.03,6671
May 07 2020 18:,1588870800,0.03,6854
May 07 2020 19:,1588874400,0.03,4908
May 07 2020 20:,1588878000,0.03,4532
May 07 2020 21:,1588881600,0.03,5487
May 07 2020 22:,1588885200,0.03,4735
May 07 2020 23:,1588888800,0.041,3024
May 08 2020 00:,1588892400,0.03,3324
May 08 2020 01:,1588896000,0.03,2481
May 08 2020 02:,1588899600,0.03,1701
May 08 2020 03:,1588903200,0.03,1407
May 08 2020 04:,1588906800,0.03,2039
May 08 2020 05:,1588910400,0.043,1596
May 08 2020 06:,1588914000,0.039,1253
May 08 2020 07:,1588917600,0.03,1860
May 08 2020 08:,1588921200,0.03,3068
May 08 2020 09:,1588924800,0.03,3516
May 08 2020 10:,1588928400,0.03,3318
May 08 2020 11:,1588932000,0.03,4129
May 08 2020 12:,1588935600,0.03,3855
May 08 2020 13:,1588939200,0.03,3849
May 08 2020 14:,1588942800,0.03,3344
May 08 2020 15:,1588946400,0.03,5105
May 08 2020 16:,1588950000,0.03,6247
May 08 2020 17:,1588953600,0.03,3746
May 08 2020 18:,1588957200,0.03,3708
May 08 2020 19:,1588960800,0.03,3930
May 08 2020 20:,1588964400,0.03,4295
May 08 2020 21:,1588968000,0.03,4050
May 08 2020 22:,1588971600,0.032,3972
May 08 2020 23:,1588975200,0.03,2958
May 09 2020 00:,1588978800,0.03,3752
May 09 2020 01:,1588982400,0.03,2156
May 09 2020 02:,1588986000,0.036,2034
May 09 2020 03:,1588989600,0.03,2636
May 09 2020 04:,1588993200,0.03,3318
May 09 2020 05:,1588996800,0.03,1738
May 09 2020 06:,1589000400,0.03,1969
May 09 2020 07:,1589004000,0.03,1753
May 09 2020 08:,1589007600,0.03,1988
May 09 2020 09:,1589011200,0.03,2208
May 09 2020 10:,1589014800,0.03,4172
May 09 2020 11:,1589018400,0.032,3079
May 09 2020 12:,1589022000,0.03,3391
May 09 2020 13:,1589025600,0.03,5170
May 09 2020 14:,1589029200,0.03,4606
May 09 2020 15:,1589032800,0.03,5918
May 09 2020 16:,1589036400,0.03,5620
May 09 2020 17:,1589040000,0.03,4285
May 09 2020 18:,1589043600,0.03,6625
May 09 2020 19:,1589047200,0.03,5249
May 09 2020 20:,1589050800,0.03,4818
May 09 2020 21:,1589054400,0.03,4278
May 09 2020 22:,1589058000,0.03,3893
May 09 2020 23:,1589061600,0.03,4077
May 10 2020 00:,1589065200,0.03,2669
May 10 2020 01:,1589068800,0.03,2247
May 10 2020 02:,1589072400,0.039,2426
May 10 2020 03:,1589076000,0.03,1806
May 10 2020 04:,1589079600,0.03,1466
May 10 2020 05:,1589083200,0.03,1502
May 10 2020 06:,1589086800,0.03,3267
May 10 2020 07:,1589090400,0.03,2244
May 10 2020 08:,1589094000,0.03,2535
May 10 2020 09:,1589097600,0.03,3079
May 10 2020 10:,1589101200,0.03,4571
May 10 2020 11:,1589104800,0.03,5019
May 10 2020 12:,1589108400,0.03,6290
May 10 2020 13:,1589112000,0.03,5881
May 10 2020 14:,1589115600,0.03,7031
May 10 2020 15:,1589119200,0.03,7760
May 10 2020 16:,1589122800,0.03,6520
May 10 2020 17:,1589126400,0.03,4595
May 10 2020 18:,1589130000,0.03,4639
May 10 2020 19:,1589133600,0.03,4587
May 10 2020 20:,1589137200,0.03,5124
May 10 2020 21:,1589140800,0.03,4854
May 10 2020 22:,1589144400,0.03,3377
May 10 2020 23:,1589148000,0.03,3508
May 11 2020 00:,1589151600,0.043,3537
May 11 2020 01:,1589155200,0.043,2241
May 11 2020 02:,1589158800,0.03,2184
May 11 2020 03:,1589162400,0.03,1470
May 11 2020 04:,1589166000,0.03,1855
May 11 2020 05:,1589169600,0.03,1881
May 11 2020 06:,1589173200,0.03,1725
May 11 2020 07:,1589176800,0.03,1855
May 11 2020 08:,1589180400,0.03,2674
May 11 2020 09:,1589184000,0.03,3039
May 11 2020 10:,1589187600,0.03,3890
May 11 2020 11:,1589191200,0.03,3446
May 11 2020 12:,1589194800,0.03,4955
May 11 2020 13:,1589198400,0.03,4040
May 11 2020 14:,1589202000,0.043,5808
May 11 2020 15:,1589205600,0.03,4160
May 11 2020 16:,1589209200,0.03,5291
May 11 2020 17:,1589212800,0.03,4536
May 11 2020 18:,1589216400,0.03,5022
May 11 2020 19:,1589220000,0.03,4830
May 11 2020 20:,1589223600,0.03,4438
May 11 2020 21:,1589227200,0.03,4060
May 11 2020 22:,1589230800,0.03,3570
May 11 2020 23:,1589234400,0.032,3327
May 12 2020 00:,1589238000,0.03,2511
May 12 2020 01:,1589241600,0.03,2170
May 12 2020 02:,1589245200,0.03,2175
May 12 2020 03:,1589248800,0.03,1597
May 12 2020 04:,1589252400,0.03,1730
May 12 2020 05:,1589256000,0.03,1550
May 12 2020 06:,1589259600,0.03,1890
May 12 2020 07:,1589263200,0.03,3451
May 12 2020 08:,1589266800,0.03,4495
May 12 2020 09:,1589270400,0.03,3257
May 12 2020 10:,1589274000,0.03,2876
May 12 2020 11:,1589277600,0.03,3338
May 12 2020 12:,1589281200,0.03,3820
May 12 2020 13:,1589284800,0.03,4312
May 12 2020 14:,1589288400,0.03,4379
May 12 2020 15:,1589292000,0.03,5139
May 12 2020 16:,1589295600,0.03,4373
May 12 2020 17:,1589299200,0.03,5348
May 12 2020 18:,1589302800,0.039,5353
May 12 2020 19:,1589306400,0.03,4768
May 12 2020 20:,1589310000,0.03,4146
May 12 2020 21:,1589313600,0.03,4059
May 12 2020 22:,1589317200,0.03,2907
May 12 2020 23:,1589320800,0.03,3211
May 13 2020 00:,1589324400,0.03,3617
May 13 2020 01:,1589328000,0.03,1693
May 13 2020 02:,1589331600,0.03,1808
May 13 2020 03:,1589335200,0.03,2083
May 13 2020 04:,1589338800,0.03,2111
May 13 2020 05:,1589342400,0.03,1998
May 13 2020 06:,1589346000,0.037,2580
May 13 2020 07:,1589349600,0.03,3018
May 13 2020 08:,1589353200,0.03,3211
May 13 2020 09:,1589356800,0.03,3026
May 13 2020 10:,1589360400,0.03,4142
May 13 2020 11:,1589364000,0.03,4247
May 13 2020 12:,1589367600,0.03,4128
May 13 2020 13:,1589371200,0.03,4366
May 13 2020 14:,1589374800,0.03,4779
May 13 2020 15:,1589378400,0.03,4397
May 13 2020 16:,1589382000,0.03,5673
May 13 2020 17:,1589385600,0.033,4467
May 13 2020 18:,1589389200,0.03,3819
May 13 2020 19:,1589392800,0.03,3542
May 13 2020 20:,1589396400,0.03,3547
May 13 2020 21:,1589400000,0.03,4377
May 13 2020 22:,1589403600,0.036,3490
May 13 2020 23:,1589407200,0.036,2474
May 14 2020 00:,1589410800,0.036,2218
May 14 2020 01:,1589414400,0.03,2056
May 14 2020 02:,1589418000,0.03,1958
May 14 2020 03:,1589421600,0.036,2374
May 14 2020 04:,1589425200,0.03,2120
May 14 2020 05:,1589428800,0.036,1962
May 14 2020 06:,1589432400,0.03,2263
May 14 2020 07:,1589436000,0.03,3278
May 14 2020 08:,1589439600,0.039,2785
May 14 2020 09:,1589443200,0.03,3161
May 14 2020 10:,1589446800,0.03,3251
May 14 2020 11:,1589450400,0.03,4217
May 14 2020 12:,1589454000,0.03,3949
May 14 2020 13:,1589457600,0.03,3258
May 14 2020 14:,1589461200,0.03,3527
May 14 2020 15:,1589464800,0.03,4374
May 14 2020 16:,1589468400,0.03,3727
May 14 2020 17:,1589472000,0.03,3788
May 14 2020 18:,1589475600,0.03,3736
May 14 2020 19:,1589479200,0.03,4343
May 14 2020 20:,1589482800,0.03,4456
May 14 2020 21:,1589486400,0.03,3912
May 14 2020 22:,1589490000,0.03,3658
May 14 2020 23:,1589493600,0.03,3026
May 15 2020 00:,1589497200,0.03,2687
May 15 2020 01:,1589500800,0.03,2035
May 15 2020 02:,1589504400,0.03,1661
May 15 2020 03:,1589508000,0.03,1613
May 15 2020 04:,1589511600,0.03,1862
May 15 2020 05:,1589515200,0.03,1578
May 15 2020 06:,1589518800,0.03,1655
May 15 2020 07:,1589522400,0.03,1814
May 15 2020 08:,1589526000,0.03,2402
May 15 2020 09:,1589529600,0.03,3042
May 15 2020 10:,1589533200,0.03,2774
May 15 2020 11:,1589536800,0.03,3534
May 15 2020 12:,1589540400,0.03,4385
May 15 2020 13:,1589544000,0.03,4140
May 15 2020 14:,1589547600,0.03,3850
May 15 2020 15:,1589551200,0.03,5448
May 15 2020 16:,1589554800,0.03,5705
May 15 2020 17:,1589558400,0.03,4273
May 15 2020 18:,1589562000,0.03,4004
May 15 2020 19:,1589565600,0.03,5244
May 15 2020 20:,1589569200,0.03,4569
May 15 2020 21:,1589572800,0.03,3946
May 15 2020 22:,1589576400,0.03,4228
May 15 2020 23:,1589580000,0.03,3127
May 16 2020 00:,1589583600,0.03,2847
May 16 2020 01:,1589587200,0.03,2481
May 16 2020 02:,1589590800,0.03,1880
May 16 2020 03:,1589594400,0.03,1612
May 16 2020 04:,1589598000,0.03,1525
May 16 2020 05:,1589601600,0.03,2118
May 16 2020 06:,1589605200,0.03,2857
May 16 2020 07:,1589608800,0.03,1710
May 16 2020 08:,1589612400,0.03,2831
May 16 2020 09:,1589616000,0.03,3339
May 16 2020 10:,1589619600,0.03,3366
May 16 2020 11:,1589623200,0.03,3229
May 16 2020 12:,1589626800,0.03,3312
May 16 2020 13:,1589630400,0.03,3772
May 16 2020 14:,1589634000,0.03,3831
May 16 2020 15:,1589637600,0.03,5590
May 16 2020 16:,1589641200,0.03,3808
May 16 2020 17:,1589644800,0.03,4645
May 16 2020 18:,1589648400,0.03,3878
May 16 2020 19:,1589652000,0.03,4248
May 16 2020 20:,1589655600,0.03,3715
May 16 2020 21:,1589659200,0.03,4278
May 16 2020 22:,1589662800,0.03,4198
May 16 2020 23:,1589666400,0.03,4968
May 17 2020 00:,1589670000,0.03,3268
May 17 2020 01:,1589673600,0.03,2536
May 17 2020 02:,1589677200,0.03,1996
May 17 2020 03:,1589680800,0.03,3101
May 17 2020 04:,1589684400,0.03,1621
May 17 2020 05:,1589688000,0.039,3016
May 17 2020 06:,1589691600,0.03,2394
May 17 2020 07:,1589695200,0.03,2350
May 17 2020 08:,1589698800,0.03,2928
May 17 2020 09:,1589702400,0.03,2007
May 17 2020 10:,1589706000,0.03,2982
May 17 2020 11:,1589709600,0.03,4867
May 17 2020 12:,1589713200,0.03,4101
May 17 2020 13:,1589716800,0.03,4232
May 17 2020 14:,1589720400,0.03,4211
May 17 2020 15:,1589724000,0.03,4272
May 17 2020 16:,1589727600,0.03,4743
May 17 2020 17:,1589731200,0.03,4469
May 17 2020 18:,1589734800,0.03,4555
May 17 2020 19:,1589738400,0.03,5609
May 17 2020 20:,1589742000,0.03,5010
May 17 2020 21:,1589745600,0.03,5103
May 17 2020 22:,1589749200,0.043,4190
May 17 2020 23:,1589752800,0.03,2714
May 18 2020 00:,1589756400,0.03,3247
May 18 2020 01:,1589760000,0.03,2452
May 18 2020 02:,1589763600,0.03,2464
May 18 2020 03:,1589767200,0.03,1688
May 18 2020 04:,1589770800,0.05,3092
May 18 2020 05:,1589774400,0.03,2399
May 18 2020 06:,1589778000,0.03,1827
May 18 2020 07:,1589781600,0.03,1810
May 18 2020 08:,1589785200,0.03,2432
May 18 2020 09:,1589788800,0.03,2737
May 18 2020 10:,1589792400,0.03,3254
May 18 2020 11:,1589796000,0.03,3158
May 18 2020 12:,1589799600,0.03,3363
May 18 2020 13:,1589803200,0.03,4877
May 18 2020 14:,1589806800,0.03,3679
May 18 2020 15:,1589810400,0.03,5398
May 18 2020 16:,1589814000,0.03,4917
May 18 2020 17:,1589817600,0.03,3780
May 18 2020 18:,1589821200,0.03,4112
May 18 2020 19:,1589824800,0.03,3911
May 18 2020 20:,1589828400,0.03,5175
May 18 2020 21:,1589832000,0.03,4373
May 18 2020 22:,1589835600,0.03,2885
May 18 2020 23:,1589839200,0.03,2649
May 19 2020 00:,1589842800,0.03,3504
May 19 2020 01:,1589846400,0.03,2423
May 19 2020 02:,1589850000,0.03,1660
May 19 2020 03:,1589853600,0.03,1498
May 19 2020 04:,1589857200,0.03,2157
May 19 2020 05:,1589860800,0.03,1461
May 19 2020 06:,1589864400,0.03,1885
May 19 2020 07:,1589868000,0.03,1654
May 19 2020 08:,1589871600,0.03,2455
May 19 2020 09:,1589875200,0.03,3052
May 19 2020 10:,1589878800,0.03,3537
May 19 2020 11:,1589882400,0.03,3894
May 19 2020 12:,1589886000,0.03,3577
May 19 2020 13:,1589889600,0.03,3533
May 19 2020 14:,1589893200,0.03,3248
May 19 2020 15:,1589896800,0.03,4362
May 19 2020 16:,1589900400,0.03,3564
May 19 2020 17:,1589904000,0.03,3433
May 19 2020 18:,1589907600,0.03,4294
May 19 2020 19:,1589911200,0.03,3667
May 19 2020 20:,1589914800,0.03,3897
May 19 2020 21:,1589918400,0.03,3771
May 19 2020 22:,1589922000,0.03,3557
May 19 2020 23:,1589925600,0.03,2594
May 20 2020 00:,1589929200,0.03,1712
May 20 2020 01:,1589932800,0.03,2324
May 20 2020 02:,1589936400,0.03,1956
May 20 2020 03:,1589940000,0.03,2023
May 20 2020 04:,1589943600,0.03,3039
May 20 2020 05:,1589947200,0.03,2773
May 20 2020 06:,1589950800,0.03,2465
May 20 2020 07:,1589954400,0.03,1943
May 20 2020 08:,1589958000,0.03,3222
May 20 2020 09:,1589961600,0.03,2455
May 20 2020 10:,1589965200,0.03,2869
May 20 2020 11:,1589968800,0.03,3459
May 20 2020 12:,1589972400,0.03,4058
May 20 2020 13:,1589976000,0.03,3647
May 20 2020 14:,1589979600,0.03,3687
May 20 2020 15:,1589983200,0.03,3860
May 20 2020 16:,1589986800,0.03,4738
May 20 2020 17:,1589990400,0.03,3657
May 20 2020 18:,1589994000,0.03,7477
May 20 2020 19:,1589997600,0.03,5633
May 20 2020 20:,1590001200,0.036,6589
May 20 2020 21:,1590004800,0.03,4269
May 20 2020 22:,1590008400,0.03,5394
May 20 2020 23:,1590012000,0.03,3159
May 21 2020 00:,1590015600,0.036,2780
May 21 2020 01:,1590019200,0.03,2595
May 21 2020 02:,1590022800,0.03,1993
May 21 2020 03:,1590026400,0.03,2015
May 21 2020 04:,1590030000,0.03,1454
May 21 2020 05:,1590033600,0.03,1898
May 21 2020 06:,1590037200,0.03,3272
May 21 2020 07:,1590040800,0.03,2230
May 21 2020 08:,1590044400,0.03,2538
May 21 2020 09:,1590048000,0.03,2476
May 21 2020 10:,1590051600,0.03,3021
May 21 2020 11:,1590055200,0.03,4410
May 21 2020 12:,1590058800,0.03,3847
May 21 2020 13:,1590062400,0.03,4127
May 21 2020 14:,1590066000,0.03,3609
May 21 2020 15:,1590069600,0.03,3556
May 21 2020 16:,1590073200,0.03,4498
May 21 2020 17:,1590076800,0.03,4626
May 21 2020 18:,1590080400,0.03,5541
May 21 2020 19:,1590084000,0.03,5272
May 21 2020 20:,1590087600,0.03,5932
May 21 2020 21:,1590091200,0.03,6970
May 21 2020 22:,1590094800,0.03,4314
May 21 2020 23:,1590098400,0.03,2882
May 22 2020 00:,1590102000,0.03,2537
May 22 2020 01:,1590105600,0.03,2165
May 22 2020 02:,1590109200,0.03,1884
May 22 2020 03:,1590112800,0.03,1551
May 22 2020 04:,1590116400,0.03,1954
May 22 2020 05:,1590120000,0.03,2146
May 22 2020 06:,1590123600,0.03,1731
May 22 2020 07:,1590127200,0.03,2129
May 22 2020 08:,1590130800,0.03,4305
May 22 2020 09:,1590134400,0.03,8147
May 22 2020 10:,1590138000,0.03,7127
May 22 2020 11:,1590141600,0.03,6158
May 22 2020 12:,1590145200,0.03,5293
May 22 2020 13:,1590148800,0.03,6509
May 22 2020 14:,1590152400,0.03,5506
May 22 2020 15:,1590156000,0.03,7696
May 22 2020 16:,1590159600,0.03,7691
May 22 2020 17:,1590163200,0.03,4920
May 22 2020 18:,1590166800,0.03,4906
May 22 2020 19:,1590170400,0.03,4791
May 22 2020 20:,1590174000,0.03,4632
May 22 2020 21:,1590177600,0.03,5154
May 22 2020 22:,1590181200,0.03,3386
May 22 2020 23:,1590184800,0.03,5861
May 23 2020 00:,1590188400,0.03,3086
May 23 2020 01:,1590192000,0.044,2886
May 23 2020 02:,1590195600,0.03,2280
May 23 2020 03:,1590199200,0.03,1732
May 23 2020 04:,1590202800,0.03,1824
May 23 2020 05:,1590206400,0.03,1862
May 23 2020 06:,1590210000,0.03,2973
May 23 2020 07:,1590213600,0.03,1855
May 23 2020 08:,1590217200,0.03,2730
May 23 2020 09:,1590220800,0.031,3344
May 23 2020 10:,1590224400,0.031,4195
May 23 2020 11:,1590228000,0.031,4277
May 23 2020 12:,1590231600,0.03,3529
May 23 2020 13:,1590235200,0.031,3915
May 23 2020 14:,1590238800,0.031,5700
May 23 2020 15:,1590242400,0.032,5911
May 23 2020 16:,1590246000,0.032,5362
May 23 2020 17:,1590249600,0.031,4686
May 23 2020 18:,1590253200,0.031,4076
May 23 2020 19:,1590256800,0.031,4909
May 23 2020 20:,1590260400,0.031,6253
May 23 2020 21:,1590264000,0.031,4664
May 23 2020 22:,1590267600,0.03,4051
May 23 2020 23:,1590271200,0.03,3666
May 24 2020 00:,1590274800,0.03,3404
May 24 2020 01:,1590278400,0.03,2673
May 24 2020 02:,1590282000,0.032,2518
May 24 2020 03:,1590285600,0.03,1605
May 24 2020 04:,1590289200,0.03,1535
May 24 2020 05:,1590292800,0.032,2117
May 24 2020 06:,1590296400,0.031,2575
May 24 2020 07:,1590300000,0.031,2107
May 24 2020 08:,1590303600,0.031,3112
May 24 2020 09:,1590307200,0.031,3681
May 24 2020 10:,1590310800,0.032,5219
May 24 2020 11:,1590314400,0.031,3499
May 24 2020 12:,1590318000,0.031,5645
May 24 2020 13:,1590321600,0.031,3749
May 24 2020 14:,1590325200,0.031,4631
May 24 2020 15:,1590328800,0.032,4473
May 24 2020 16:,1590332400,0.031,4827
May 24 2020 17:,1590336000,0.032,6555
May 24 2020 18:,1590339600,0.032,6478
May 24 2020 19:,1590343200,0.031,7276
May 24 2020 20:,1590346800,0.031,7820
May 24 2020 21:,1590350400,0.031,5571
May 24 2020 22:,1590354000,0.031,4678
May 24 2020 23:,1590357600,0.03,2774
May 25 2020 00:,1590361200,0.03,2104
May 25 2020 01:,1590364800,0.03,1896
May 25 2020 02:,1590368400,0.03,1669
May 25 2020 03:,1590372000,0.03,1602
May 25 2020 04:,1590375600,0.03,1714
May 25 2020 05:,1590379200,0.03,1540
May 25 2020 06:,1590382800,0.03,2014
May 25 2020 07:,1590386400,0.03,2191
May 25 2020 08:,1590390000,0.03,2455
May 25 2020 09:,1590393600,0.03,2591
May 25 2020 10:,1590397200,0.03,3494
May 25 2020 11:,1590400800,0.03,2796
May 25 2020 12:,1590404400,0.03,3862
May 25 2020 13:,1590408000,0.03,4089
May 25 2020 14:,1590411600,0.03,3911
May 25 2020 15:,1590415200,0.03,4050
May 25 2020 16:,1590418800,0.03,3826
May 25 2020 17:,1590422400,0.03,4499
May 25 2020 18:,1590426000,0.03,4152
May 25 2020 19:,1590429600,0.03,5762
May 25 2020 20:,1590433200,0.03,3157
May 25 2020 21:,1590436800,0.03,526
May 25 2020 22:,1590440400,0.033,2820
May 25 2020 23:,1590444000,0.03,2366
May 26 2020 00:,1590447600,0.03,2828
May 26 2020 01:,1590451200,0.03,1763
May 26 2020 02:,1590454800,0.03,1771
May 26 2020 03:,1590458400,0.044,1993
May 26 2020 04:,1590462000,0.03,1518
May 26 2020 05:,1590465600,0.03,2460
May 26 2020 06:,1590469200,0.03,1972
May 26 2020 07:,1590472800,0.03,1932
May 26 2020 08:,1590476400,0.03,3766
May 26 2020 09:,1590480000,0.03,3307
May 26 2020 10:,1590483600,0.03,3888
May 26 2020 11:,1590487200,0.03,4020
May 26 2020 12:,1590490800,0.03,4078
May 26 2020 13:,1590494400,0.03,3464
May 26 2020 14:,1590498000,0.03,3943
May 26 2020 15:,1590501600,0.03,3330
May 26 2020 16:,1590505200,0.03,3343
May 26 2020 17:,1590508800,0.044,5144
May 26 2020 18:,1590512400,0.03,4184
May 26 2020 19:,1590516000,0.03,4380
May 26 2020 20:,1590519600,0.03,3748
May 26 2020 21:,1590523200,0.03,3889
May 26 2020 22:,1590526800,0.03,3493
May 26 2020 23:,1590530400,0.03,2427
May 27 2020 00:,1590534000,0.03,2372
May 27 2020 01:,1590537600,0.03,2303
May 27 2020 02:,1590541200,0.03,2096
May 27 2020 03:,1590544800,0.03,1467
May 27 2020 04:,1590548400,0.03,2094
May 27 2020 05:,1590552000,0.03,1817
May 27 2020 06:,1590555600,0.03,2056
May 27 2020 07:,1590559200,0.03,2340
May 27 2020 08:,1590562800,0.03,2845
May 27 2020 09:,1590566400,0.03,2424
May 27 2020 10:,1590570000,0.03,2826
May 27 2020 11:,1590573600,0.03,3363
May 27 2020 12:,1590577200,0.03,3352
May 27 2020 13:,1590580800,0.03,3501
May 27 2020 14:,1590584400,0.03,3745
May 27 2020 15:,1590588000,0.03,3565
May 27 2020 16:,1590591600,0.03,4001
May 27 2020 17:,1590595200,0.03,3854
May 27 2020 18:,1590598800,0.03,4831
May 27 2020 19:,1590602400,0.03,4589
May 27 2020 20:,1590606000,0.03,5029
May 27 2020 21:,1590609600,0.03,4154
May 27 2020 22:,1590613200,0.03,4036
May 27 2020 23:,1590616800,0.03,4198
May 28 2020 00:,1590620400,0.03,2670
May 28 2020 01:,1590624000,0.03,3696
May 28 2020 02:,1590627600,0.03,2252
May 28 2020 03:,1590631200,0.03,2544
May 28 2020 04:,1590634800,0.03,2232
May 28 2020 05:,1590638400,0.03,1861
May 28 2020 06:,1590642000,0.03,1959
May 28 2020 07:,1590645600,0.03,2032
May 28 2020 08:,1590649200,0.03,2488
May 28 2020 09:,1590652800,0.03,2301
May 28 2020 10:,1590656400,0.03,3351
May 28 2020 11:,1590660000,0.03,3181
May 28 2020 12:,1590663600,0.03,3640
May 28 2020 13:,1590667200,0.03,3631
May 28 2020 14:,1590670800,0.03,5578
May 28 2020 15:,1590674400,0.03,3927
May 28 2020 16:,1590678000,0.03,4435
May 28 2020 17:,1590681600,0.03,4882
May 28 2020 18:,1590685200,0.03,5050
May 28 2020 19:,1590688800,0.03,4787
May 28 2020 20:,1590692400,0.03,5136
May 28 2020 21:,1590696000,0.03,4756
May 28 2020 22:,1590699600,0.03,4283
May 28 2020 23:,1590703200,0.03,3867
May 29 2020 00:,1590706800,0.03,2506
May 29 2020 01:,1590710400,0.03,2577
May 29 2020 02:,1590714000,0.03,2070
May 29 2020 03:,1590717600,0.03,1660
May 29 2020 04:,1590721200,0.03,1774
May 29 2020 05:,1590724800,0.03,1704
May 29 2020 06:,1590728400,0.03,1757
May 29 2020 07:,1590732000,0.03,2254
May 29 2020 08:,1590735600,0.03,3143
May 29 2020 09:,1590739200,0.03,3122
May 29 2020 10:,1590742800,0.03,2703
May 29 2020 11:,1590746400,0.03,2796
May 29 2020 12:,1590750000,0.033,5560
May 29 2020 13:,1590753600,0.03,3450
May 29 2020 14:,1590757200.0,0.029999999999999999,4585.0
May 29 2020 15:,1590760800.0,0.029999999999999999,4206.0
May 29 2020 16:,1590764400.0,0.029999999999999999,3848.0
May 29 2020 17:,1590768000.0,0.029999999999999999,4291.0
May 29 2020 18:,1590771600.0,0.029999999999999999,4132.0
May 29 2020 19:,1590775200.0,0.029999999999999999,4533.0
May 29 2020 20:,1590778800.0,0.029999999999999999,4052.0
May 29 2020 21:,1590782400.0,0.029999999999999999,4720.0
May 29 2020 22:,1590786000.0,0.029999999999999999,4903.0
May 29 2020 23:,1590789600.0,0.035999999999999997,3806.0
May 30 2020 00:,1590793200.0,0.029999999999999999,2798.0
May 30 2020 01:,1590796800.0,0.029999999999999999,1988.0
May 30 2020 02:,1590800400.0,0.043999999999999997,2167.0
May 30 2020 03:,1590804000.0,0.029999999999999999,1489.0
May 30 2020 04:,1590807600.0,0.029999999999999999,1575.0
May 30 2020 05:,1590811200.0,0.029999999999999999,1603.0
May 30 2020 06:,1590814800.0,0.029999999999999999,1785.0
May 30 2020 07:,1590818400.0,0.029999999999999999,2034.0
May 30 2020 08:,1590822000.0,0.029999999999999999,2251.0
May 30 2020 09:,1590825600.0,0.029999999999999999,2244.0
May 30 2020 10:,1590829200.0,0.029999999999999999,2315.0
May 30 2020 11:,1590832800.0,0.029999999999999999,3043.0
May 30 2020 12:,1590836400.0,0.029999999999999999,3832.0
May 30 2020 13:,1590840000.0,0.029999999999999999,3191.0
May 30 2020 14:,1590843600.0,0.029999999999999999,3438.0
May 30 2020 15:,1590847200.0,0.029999999999999999,3936.0
May 30 2020 16:,1590850800.0,0.029999999999999999,4108.0
May 30 2020 17:,1590854400.0,0.029999999999999999,4889.0
May 30 2020 18:,1590858000.0,0.029999999999999999,3826.0
May 30 2020 19:,1590861600.0,0.029999999999999999,4020.0
May 30 2020 20:,1590865200.0,0.029999999999999999,3621.0
May 30 2020 21:,1590868800.0,0.029999999999999999,3737.0
May 30 2020 22:,1590872400.0,0.043999999999999997,3292.0
May 30 2020 23:,1590876000.0,0.029999999999999999,3648.0
May 31 2020 00:,1590879600.0,0.029999999999999999,2198.0
May 31 2020 01:,1590883200.0,0.029999999999999999,1743.0
May 31 2020 02:,1590886800.0,0.029999999999999999,1300.0
May 31 2020 03:,1590890400.0,0.029999999999999999,1740.0
May 31 2020 04:,1590894000.0,0.029999999999999999,1511.0
May 31 2020 05:,1590897600.0,0.029999999999999999,1511.0
May 31 2020 06:,1590901200.0,0.029999999999999999,2398.0
May 31 2020 07:,1590904800.0,0.029999999999999999,2214.0
May 31 2020 08:,1590908400.0,0.029999999999999999,2785.0
May 31 2020 09:,1590912000.0,0.029999999999999999,2702.0
May 31 2020 10:,1590915600.0,0.029999999999999999,3306.0
May 31 2020 11:,1590919200.0,0.029999999999999999,3801.0
May 31 2020 12:,1590922800.0,0.029999999999999999,4211.0
May 31 2020 13:,1590926400.0,0.029999999999999999,3728.0
May 31 2020 14:,1590930000.0,0.029999999999999999,4173.0
May 31 2020 15:,1590933600.0,0.029999999999999999,4382.0
May 31 2020 16:,1590937200.0,0.029999999999999999,4544.0
May 31 2020 17:,1590940800.0,0.029999999999999999,5448.0
May 31 2020 18:,1590944400.0,0.029999999999999999,4136.0
May 31 2020 19:,1590948000.0,0.029999999999999999,3762.0
May 31 2020 20:,1590951600.0,0.029999999999999999,3709.0
May 31 2020 21:,1590955200.0,0.029999999999999999,3989.0
May 31 2020 22:,1590958800.0,0.029999999999999999,4343.0
May 31 2020 23:,1590962400.0,0.029999999999999999,3122.0
Jun 01 2020 00:,1590966000.0,0.029999999999999999,2219.0
Jun 01 2020 01:,1590969600.0,0.029999999999999999,2457.0
Jun 01 2020 02:,1590973200.0,0.029999999999999999,1864.0
Jun 01 2020 03:,1590976800.0,0.040000000000000001,1783.0
Jun 01 2020 04:,1590980400.0,0.029999999999999999,1254.0
Jun 01 2020 05:,1590984000.0,0.040000000000000001,1685.0
Jun 01 2020 06:,1590987600.0,0.029999999999999999,1799.0
Jun 01 2020 07:,1590991200.0,0.029999999999999999,3534.0
Jun 01 2020 08:,1590994800.0,0.029999999999999999,3482.0
Jun 01 2020 09:,1590998400.0,0.029999999999999999,2813.0
Jun 01 2020 10:,1591002000.0,0.029999999999999999,2643.0
Jun 01 2020 11:,1591005600.0,0.029999999999999999,4588.0
Jun 01 2020 12:,1591009200.0,0.029999999999999999,2784.0
Jun 01 2020 13:,1591012800.0,0.029999999999999999,8584.0
Jun 01 2020 14:,1591016400.0,0.029999999999999999,5742.0
Jun 01 2020 15:,1591020000.0,0.029999999999999999,5080.0
Jun 01 2020 16:,1591023600.0,0.029999999999999999,4965.0
Jun 01 2020 17:,1591027200.0,0.029999999999999999,8833.0
Jun 01 2020 18:,1591030800.0,0.029999999999999999,4663.0
Jun 01 2020 19:,1591034400.0,0.029999999999999999,4421.0
Jun 01 2020 20:,1591038000.0,0.029999999999999999,3748.0
Jun 01 2020 21:,1591041600.0,0.029999999999999999,4009.0
Jun 01 2020 22:,1591045200.0,0.029999999999999999,3923.0
Jun 01 2020 23:,1591048800.0,0.029999999999999999,3523.0
Jun 02 2020 00:,1591052400.0,0.029999999999999999,2058.0
Jun 02 2020 01:,1591056000.0,0.029999999999999999,1906.0
Jun 02 2020 02:,1591059600.0,0.029999999999999999,2502.0
Jun 02 2020 03:,1591063200.0,0.029999999999999999,1623.0
Jun 02 2020 04:,1591066800.0,0.029999999999999999,2503.0
Jun 02 2020 05:,1591070400.0,0.029999999999999999,2013.0
Jun 02 2020 06:,1591074000.0,0.029999999999999999,8716.0
Jun 02 2020 07:,1591077600.0,0.029999999999999999,2160.0
Jun 02 2020 08:,1591081200.0,0.029999999999999999,2361.0
Jun 02 2020 09:,1591084800.0,0.029999999999999999,3106.0
Jun 02 2020 10:,1591088400.0,0.032000000000000001,7476.0
Jun 02 2020 11:,1591092000.0,0.029999999999999999,3564.0
Jun 02 2020 12:,1591095600.0,0.029999999999999999,2811.0
Jun 02 2020 13:,1591099200.0,0.029999999999999999,2811.0
Jun 02 2020 14:,1591102800.0,0.029999999999999999,4830.0
Jun 02 2020 15:,1591106400.0,0.032000000000000001,4241.0
Jun 02 2020 16:,1591110000.0,0.029999999999999999,3673.0
Jun 02 2020 17:,1591113600.0,0.029999999999999999,3185.0
Jun 02 2020 18:,1591117200.0,0.032000000000000001,7500.0
Jun 02 2020 19:,1591120800.0,0.029999999999999999,4046.0
Jun 02 2020 20:,1591124400.0,0.029999999999999999,3288.0
Jun 02 2020 21:,1591128000.0,0.029999999999999999,3279.0
Jun 02 2020 22:,1591131600.0,0.029999999999999999,2474.0
Jun 02 2020 23:,1591135200.0,0.029999999999999999,2904.0
Jun 03 2020 00:,1591138800.0,0.050000000000000003,2740.0
Jun 03 2020 01:,1591142400.0,0.029999999999999999,1719.0
Jun 03 2020 02:,1591146000.0,0.029999999999999999,1889.0
Jun 03 2020 03:,1591149600.0,0.029999999999999999,1255.0
Jun 03 2020 04:,1591153200.0,0.029999999999999999,1233.0
Jun 03 2020 05:,1591156800.0,0.032000000000000001,5982.0
Jun 03 2020 06:,1591160400.0,0.032000000000000001,2281.0
Jun 03 2020 07:,1591164000.0,0.033000000000000002,2220.0
Jun 03 2020 08:,1591167600.0,0.034000000000000002,3899.0
Jun 03 2020 09:,1591171200.0,0.033000000000000002,3922.0
Jun 03 2020 10:,1591174800.0,0.033000000000000002,3085.0
Jun 03 2020 11:,1591178400.0,0.034000000000000002,6500.0
Jun 03 2020 12:,1591182000.0,0.031,2925.0
Jun 03 2020 13:,1591185600.0,0.031,3826.0
Jun 03 2020 14:,1591189200.0,0.032000000000000001,3997.0
Jun 03 2020 15:,1591192800.0,0.034000000000000002,5577.0
Jun 03 2020 16:,1591196400.0,0.029999999999999999,3854.0
Jun 03 2020 17:,1591200000.0,0.034000000000000002,5895.0
Jun 03 2020 18:,1591203600.0,0.034000000000000002,7525.0
Jun 03 2020 19:,1591207200.0,0.029999999999999999,3763.0
Jun 03 2020 20:,1591210800.0,0.029999999999999999,3844.0
Jun 03 2020 21:,1591214400.0,0.032000000000000001,4771.0
Jun 03 2020 22:,1591218000.0,0.029999999999999999,2930.0
Jun 03 2020 23:,1591221600.0,0.029999999999999999,2668.0
Jun 04 2020 00:,1591225200.0,0.029999999999999999,2086.0
Jun 04 2020 01:,1591228800.0,0.029999999999999999,1616.0
Jun 04 2020 02:,1591232400.0,0.029999999999999999,1352.0
Jun 04 2020 03:,1591236000.0,0.029999999999999999,3330.0
Jun 04 2020 04:,1591239600.0,0.032000000000000001,1664.0
Jun 04 2020 05:,1591243200.0,0.034000000000000002,5168.0
Jun 04 2020 06:,1591246800.0,0.032000000000000001,1467.0
Jun 04 2020 07:,1591250400.0,0.032000000000000001,1453.0
Jun 04 2020 08:,1591254000.0,0.034000000000000002,3807.0
Jun 04 2020 09:,1591257600.0,0.029999999999999999,2159.0
Jun 04 2020 10:,1591261200.0,0.029999999999999999,2153.0
Jun 04 2020 11:,1591264800.0,0.034000000000000002,5921.0
Jun 04 2020 12:,1591268400.0,0.029999999999999999,3026.0
Jun 04 2020 13:,1591272000.0,0.029999999999999999,2472.0
Jun 04 2020 14:,1591275600.0,0.029999999999999999,2987.0
Jun 04 2020 15:,1591279200.0,0.029999999999999999,3041.0
Jun 04 2020 16:,1591282800.0,0.029999999999999999,3299.0
Jun 04 2020 17:,1591286400.0,0.032000000000000001,7155.0
Jun 04 2020 18:,1591290000.0,0.029999999999999999,3952.0
Jun 04 2020 19:,1591293600.0,0.029999999999999999,4139.0
Jun 04 2020 20:,1591297200.0,0.029999999999999999,4357.0
Jun 04 2020 21:,1591300800.0,0.029999999999999999,4234.0
Jun 04 2020 22:,1591304400.0,0.029999999999999999,3921.0
Jun 04 2020 23:,1591308000.0,0.029999999999999999,2301.0
Jun 05 2020 00:,1591311600.0,0.029999999999999999,2114.0
Jun 05 2020 01:,1591315200.0,0.029999999999999999,1780.0
Jun 05 2020 02:,1591318800.0,0.029999999999999999,1650.0
Jun 05 2020 03:,1591322400.0,0.029999999999999999,1927.0
Jun 05 2020 04:,1591326000.0,0.032000000000000001,5307.0
Jun 05 2020 05:,1591329600.0,0.032000000000000001,1611.0
Jun 05 2020 06:,1591333200.0,0.032000000000000001,1726.0
Jun 05 2020 07:,1591336800.0,0.029999999999999999,1433.0
Jun 05 2020 08:,1591340400.0,0.031,2144.0
Jun 05 2020 09:,1591344000.0,0.029999999999999999,2035.0
Jun 05 2020 10:,1591347600.0,0.034000000000000002,4214.0
Jun 05 2020 11:,1591351200.0,0.029999999999999999,3102.0
Jun 05 2020 12:,1591354800.0,0.032000000000000001,3926.0
Jun 05 2020 13:,1591358400.0,0.029999999999999999,3738.0
Jun 05 2020 14:,1591362000.0,0.029999999999999999,2495.0
Jun 05 2020 15:,1591365600.0,0.029999999999999999,3103.0
Jun 05 2020 16:,1591369200.0,0.033000000000000002,4757.0
Jun 05 2020 17:,1591372800.0,0.029999999999999999,3857.0
Jun 05 2020 18:,1591376400.0,0.029999999999999999,3575.0
Jun 05 2020 19:,1591380000.0,0.029999999999999999,3720.0
Jun 05 2020 20:,1591383600.0,0.029999999999999999,3881.0
Jun 05 2020 21:,1591387200.0,0.031,4969.0
Jun 05 2020 22:,1591390800.0,0.042000000000000003,5624.0
Jun 05 2020 23:,1591394400.0,0.042000000000000003,3728.0
Jun 06 2020 00:,1591398000.0,0.029999999999999999,2106.0
Jun 06 2020 01:,1591401600.0,0.029999999999999999,1737.0
Jun 06 2020 02:,1591405200.0,0.029999999999999999,2406.0
Jun 06 2020 03:,1591408800.0,0.031,1625.0
Jun 06 2020 04:,1591412400.0,0.029999999999999999,1497.0
Jun 06 2020 05:,1591416000.0,0.031,1438.0
Jun 06 2020 06:,1591419600.0,0.029999999999999999,1331.0
Jun 06 2020 07:,1591423200.0,0.029999999999999999,1449.0
Jun 06 2020 08:,1591426800.0,0.029999999999999999,1931.0
Jun 06 2020 09:,1591430400.0,0.031,2621.0
Jun 06 2020 10:,1591434000.0,0.031,2586.0
Jun 06 2020 11:,1591437600.0,0.031,3138.0
Jun 06 2020 12:,1591441200.0,0.029999999999999999,3749.0
Jun 06 2020 13:,1591444800.0,0.031,4533.0
Jun 06 2020 14:,1591448400.0,0.029999999999999999,3140.0
Jun 06 2020 15:,1591452000.0,0.031,4234.0
Jun 06 2020 16:,1591455600.0,0.031,4261.0
Jun 06 2020 17:,1591459200.0,0.031,3225.0
Jun 06 2020 18:,1591462800.0,0.031,3311.0
Jun 06 2020 19:,1591466400.0,0.029999999999999999,3778.0
Jun 06 2020 20:,1591470000.0,0.031,5208.0
Jun 06 2020 21:,1591473600.0,0.029999999999999999,3759.0
Jun 06 2020 22:,1591477200.0,0.029999999999999999,3957.0
Jun 06 2020 23:,1591480800.0,0.029999999999999999,2548.0
Jun 07 2020 00:,1591484400.0,0.031,3248.0
Jun 07 2020 01:,1591488000.0,0.029999999999999999,2069.0
Jun 07 2020 02:,1591491600.0,0.044999999999999998,3410.0
Jun 07 2020 03:,1591495200.0,0.031,1864.0
Jun 07 2020 04:,1591498800.0,0.032000000000000001,1831.0
Jun 07 2020 05:,1591502400.0,0.032000000000000001,2988.0
Jun 07 2020 06:,1591506000.0,0.031,1606.0
Jun 07 2020 07:,1591509600.0,0.029999999999999999,1739.0
Jun 07 2020 08:,1591513200.0,0.029999999999999999,1782.0
Jun 07 2020 09:,1591516800.0,0.032000000000000001,6013.0
Jun 07 2020 10:,1591520400.0,0.032000000000000001,3240.0
Jun 07 2020 11:,1591524000.0,0.032000000000000001,3493.0
Jun 07 2020 12:,1591527600.0,0.032000000000000001,3283.0
Jun 07 2020 13:,1591531200.0,0.032000000000000001,4715.0
Jun 07 2020 14:,1591534800.0,0.032000000000000001,3937.0
Jun 07 2020 15:,1591538400.0,0.032000000000000001,5209.0
Jun 07 2020 16:,1591542000.0,0.033000000000000002,6358.0
Jun 07 2020 17:,1591545600.0,0.032000000000000001,3436.0
Jun 07 2020 18:,1591549200.0,0.032000000000000001,4699.0
Jun 07 2020 19:,1591552800.0,0.032000000000000001,3765.0
Jun 07 2020 20:,1591556400.0,0.032000000000000001,4885.0
Jun 07 2020 21:,1591560000.0,0.032000000000000001,4312.0
Jun 07 2020 22:,1591563600.0,0.032000000000000001,3859.0
Jun 07 2020 23:,1591567200.0,0.032000000000000001,3239.0
Jun 08 2020 00:,1591570800.0,0.031,1935.0
Jun 08 2020 01:,1591574400.0,0.032000000000000001,2060.0
Jun 08 2020 02:,1591578000.0,0.033000000000000002,1799.0
Jun 08 2020 03:,1591581600.0,0.032000000000000001,1506.0
Jun 08 2020 04:,1591585200.0,0.032000000000000001,1362.0
Jun 08 2020 05:,1591588800.0,0.034000000000000002,1596.0
Jun 08 2020 06:,1591592400.0,0.033000000000000002,2246.0
Jun 08 2020 07:,1591596000.0,0.032000000000000001,1581.0
Jun 08 2020 08:,1591599600.0,0.032000000000000001,1938.0
Jun 08 2020 09:,1591603200.0,0.032000000000000001,2661.0
Jun 08 2020 10:,1591606800.0,0.032000000000000001,4404.0
Jun 08 2020 11:,1591610400.0,0.034000000000000002,14088.0
Jun 08 2020 12:,1591614000.0,0.034000000000000002,8798.0
Jun 08 2020 13:,1591617600.0,0.034000000000000002,5965.0
