Oct 18 2019 01:,1571356800,6.499,55948
Oct 19 2019 01:,1571443200,3.557,267246
Oct 20 2019 01:,1571529600,1.914,227959
Oct 21 2019 01:,1571616000,1.625,165652
Oct 22 2019 01:,1571702400,1.2,166224
Oct 23 2019 01:,1571788800,0.787,163631
Oct 24 2019 01:,1571875200,1.404,104444
Oct 25 2019 01:,1571961600,1.828,64576
Oct 26 2019 01:,1572048000,1.861,60278
Oct 27 2019 01:,1572138000,1.555,60755
Oct 28 2019 01:,1572224400,1.472,48249
Oct 29 2019 01:,1572310800,1.491,48256
Oct 30 2019 01:,1572397200,1.426,46355
Oct 31 2019 01:,1572483600,1.46,44940
Nov 01 2019 01:,1572570000,1.539,49018
Nov 02 2019 01:,1572656400,1.517,53971
Nov 03 2019 01:,1572742800,1.459,54455
Nov 04 2019 01:,1572829200,1.219,49924
Nov 05 2019 01:,1572915600,1.119,53037
Nov 06 2019 01:,1573002000,1.064,47975
Nov 07 2019 01:,1573088400,1.002,56994
Nov 08 2019 01:,1573174800,1.038,58216
Nov 09 2019 01:,1573261200,0.945,63260
Nov 10 2019 01:,1573347600,0.847,62383
Nov 11 2019 01:,1573434000,0.79,51050
Nov 12 2019 01:,1573520400,0.773,43506
Nov 13 2019 01:,1573606800,0.762,42898
Nov 14 2019 01:,1573693200,0.745,45496
Nov 15 2019 01:,1573779600,0.748,53731
Nov 16 2019 01:,1573866000,0.751,60314
Nov 17 2019 01:,1573952400,0.662,55042
Nov 18 2019 01:,1574038800,0.614,46013
Nov 19 2019 01:,1574125200,0.326,56467
Nov 20 2019 01:,1574211600,0.265,48413
Nov 21 2019 01:,1574298000,0.28,45951
Nov 22 2019 01:,1574384400,0.32,53735
Nov 23 2019 01:,1574470800,0.368,59768
Nov 24 2019 01:,1574557200,0.319,53253
Nov 25 2019 01:,1574643600,0.315,46995
Nov 26 2019 01:,1574730000,0.311,42031
Nov 27 2019 01:,1574816400,0.263,43210
Nov 28 2019 01:,1574902800,0.238,44655
Nov 29 2019 01:,1574989200,0.265,52880
Nov 30 2019 01:,1575075600,0.273,55676
Dec 01 2019 01:,1575162000,0.251,51754
Dec 02 2019 01:,1575248400,0.237,38979
Dec 03 2019 01:,1575334800,0.225,39137
Dec 04 2019 01:,1575421200,0.208,40925
Dec 05 2019 01:,1575507600,0.204,40962
Dec 06 2019 01:,1575594000,0.201,48045
Dec 07 2019 01:,1575680400,0.206,52262
Dec 08 2019 01:,1575766800,0.202,52397
Dec 09 2019 01:,1575853200,0.192,39254
Dec 10 2019 01:,1575939600,0.19,42663
Dec 11 2019 01:,1576026000,0.194,42504
Dec 12 2019 01:,1576112400,0.2,41077
Dec 13 2019 01:,1576198800,0.204,46399
Dec 14 2019 01:,1576285200,0.201,52239
Dec 15 2019 01:,1576371600,0.199,50682
Dec 16 2019 01:,1576458000,0.202,41340
Dec 17 2019 01:,1576544400,0.201,40266
Dec 18 2019 01:,1576630800,0.187,37938
Dec 19 2019 01:,1576717200,0.167,38637
Dec 20 2019 01:,1576803600,0.158,43437
Dec 21 2019 01:,1576890000,0.148,48442
Dec 22 2019 01:,1576976400,0.14,48179
Dec 23 2019 01:,1577062800,0.158,50734
Dec 24 2019 01:,1577149200,0.179,50921
Dec 25 2019 01:,1577235600,0.208,57320
Dec 26 2019 01:,1577322000,0.218,53222
Dec 27 2019 01:,1577408400,0.222,54263
Dec 28 2019 01:,1577494800,0.223,56702
Dec 29 2019 01:,1577581200,0.218,55254
Dec 30 2019 01:,1577667600,0.219,54852
Dec 31 2019 01:,1577754000,0.224,46949
Jan 01 2020 01:,1577840400,0.231,51694
Jan 02 2020 01:,1577926800,0.22,52410
Jan 03 2020 01:,1578013200,0.217,54114
Jan 04 2020 01:,1578099600,0.213,55161
Jan 05 2020 01:,1578186000,0.212,52360
Jan 06 2020 01:,1578272400,0.203,45406
Jan 07 2020 01:,1578358800,0.192,44346
Jan 08 2020 01:,1578445200,0.19,46150
Jan 09 2020 01:,1578531600,0.19,45111
Jan 10 2020 01:,1578618000,0.191,53150
Jan 11 2020 01:,1578704400,0.192,57781
Jan 12 2020 01:,1578790800,0.192,52932
Jan 13 2020 01:,1578877200,0.189,41988
Jan 14 2020 01:,1578963600,0.186,43065
Jan 15 2020 01:,1579050000,0.185,44170
Jan 16 2020 01:,1579136400,0.185,45455
Jan 17 2020 01:,1579222800,0.183,49518
Jan 18 2020 01:,1579309200,0.182,56354
Jan 19 2020 01:,1579395600,0.181,54859
Jan 20 2020 01:,1579482000,0.179,44151
Jan 21 2020 01:,1579568400,0.172,41739
Jan 22 2020 01:,1579654800,0.165,44258
Jan 23 2020 01:,1579741200,0.158,44276
Jan 24 2020 01:,1579827600,0.161,55165
Jan 25 2020 01:,1579914000,0.167,62563
Jan 26 2020 01:,1580000400,0.162,53555
Jan 27 2020 01:,1580086800,0.156,45845
Jan 28 2020 01:,1580173200,0.148,42560
Jan 29 2020 01:,1580259600,0.145,44805
Jan 30 2020 01:,1580346000,0.152,43873
Jan 31 2020 01:,1580432400,0.153,53822
Feb 01 2020 01:,1580518800,0.16,57565
Feb 02 2020 01:,1580605200,0.157,56750
Feb 03 2020 01:,1580691600,0.153,46254
Feb 04 2020 01:,1580778000,0.155,44242
Feb 05 2020 01:,1580864400,0.153,45247
Feb 06 2020 01:,1580950800,0.154,47930
Feb 07 2020 01:,1581037200,0.15,51541
Feb 08 2020 01:,1581123600,0.146,57706
Feb 09 2020 01:,1581210000,0.14,55671
Feb 10 2020 01:,1581296400,0.132,45658
Feb 11 2020 01:,1581382800,0.129,44639
Feb 12 2020 01:,1581469200,0.129,45879
Feb 13 2020 01:,1581555600,0.123,44549
Feb 14 2020 01:,1581642000,0.128,51356
Feb 15 2020 01:,1581728400,0.131,58118
Feb 16 2020 01:,1581814800,0.122,53803
Feb 17 2020 01:,1581901200,0.118,42559
Feb 18 2020 01:,1581987600,0.114,42032
Feb 19 2020 01:,1582074000,0.108,47050
Feb 20 2020 01:,1582160400,0.098,45452
Feb 21 2020 01:,1582246800,0.093,46908
Feb 22 2020 01:,1582333200,0.084,49566
Feb 23 2020 01:,1582419600,0.079,52576
Feb 24 2020 01:,1582506000,0.082,47805
Feb 25 2020 01:,1582592400,0.079,52598
Feb 26 2020 01:,1582678800,0.076,47758
Feb 27 2020 01:,1582765200,0.078,57241
Feb 28 2020 01:,1582851600,0.091,68156
Feb 29 2020 01:,1582938000,0.095,63585
Mar 01 2020 01:,1583024400,0.098,64488
Mar 02 2020 01:,1583110800,0.097,47907
Mar 03 2020 01:,1583197200,0.095,44469
Mar 04 2020 01:,1583283600,0.088,48152
Mar 05 2020 01:,1583370000,0.086,47057
Mar 06 2020 01:,1583456400,0.087,53131
Mar 07 2020 01:,1583542800,0.085,61803
Mar 08 2020 01:,1583629200,0.08,53222
Mar 09 2020 01:,1583715600,0.077,50193
Mar 10 2020 01:,1583802000,0.073,41811
Mar 11 2020 01:,1583888400,0.069,43810
Mar 12 2020 01:,1583974800,0.069,46238
Mar 13 2020 01:,1584061200,0.066,52567
Mar 14 2020 01:,1584147600,0.062,55979
Mar 15 2020 01:,1584234000,0.061,56813
Mar 16 2020 01:,1584320400,0.06,51739
Mar 17 2020 01:,1584406800,0.059,53457
Mar 18 2020 01:,1584493200,0.055,48326
Mar 19 2020 01:,1584579600,0.056,48676
Mar 20 2020 01:,1584666000,0.053,46369
Mar 21 2020 01:,1584752400,0.052,49972
Mar 22 2020 01:,1584838800,0.046,51073
Mar 23 2020 01:,1584925200,0.041,55531
Mar 24 2020 01:,1585011600,0.044,50738
Mar 25 2020 01:,1585098000,0.04,49623
Mar 26 2020 01:,1585184400,0.043,48017
Mar 27 2020 01:,1585270800,0.044,53064
Mar 28 2020 01:,1585357200,0.045,53079
Mar 29 2020 01:,1585440000,0.045,51410
Mar 30 2020 01:,1585526400,0.041,62612
Mar 31 2020 01:,1585612800,0.037,67381
Apr 01 2020 01:,1585699200,0.035,86068
Apr 02 2020 01:,1585785600,0.034,81917
Apr 03 2020 01:,1585872000,0.038,74172
Apr 04 2020 01:,1585958400,0.047,89285
Apr 05 2020 01:,1586044800,0.046,70301
Apr 06 2020 01:,1586131200,0.041,76463
Apr 07 2020 01:,1586217600,0.043,72986
Apr 08 2020 01:,1586304000,0.044,67860
Apr 09 2020 01:,1586390400,0.041,67509
Apr 10 2020 01:,1586476800,0.041,66484
Apr 11 2020 01:,1586563200,0.038,69197
Apr 12 2020 01:,1586649600,0.042,66202
Apr 13 2020 01:,1586736000,0.038,63748
Apr 14 2020 01:,1586822400,0.035,65868
Apr 15 2020 01:,1586908800,0.038,70540
Apr 16 2020 01:,1586995200,0.037,66018
Apr 17 2020 01:,1587081600,0.037,73804
Apr 18 2020 01:,1587168000,0.037,69609
Apr 19 2020 01:,1587254400,0.036,68254
Apr 20 2020 01:,1587340800,0.032,64824
Apr 21 2020 01:,1587427200,0.03,63762
Apr 22 2020 01:,1587513600,0.032,67602
Apr 23 2020 01:,1587600000,0.03,63309
Apr 24 2020 01:,1587686400,0.03,68979
Apr 25 2020 01:,1587772800,0.034,72618
Apr 26 2020 01:,1587859200,0.031,72828
Apr 27 2020 01:,1587945600,0.03,68793
Apr 28 2020 01:,1588032000,0.032,70609
Apr 29 2020 01:,1588118400,0.03,32605
Apr 29 2020 15:,1588168800,0.03,3301
Apr 29 2020 16:,1588172400,0.03,3476
Apr 29 2020 17:,1588176000,0.03,3469
Apr 29 2020 18:,1588179600,0.03,4016
Apr 29 2020 19:,1588183200,0.03,4130
Apr 29 2020 20:,1588186800,0.03,3951
Apr 29 2020 21:,1588190400,0.03,4341
Apr 29 2020 22:,1588194000,0.03,3397
Apr 29 2020 23:,1588197600,0.03,3079
Apr 30 2020 00:,1588201200,0.03,2468
Apr 30 2020 01:,1588204800,0.03,2187
Apr 30 2020 02:,1588208400,0.03,2220
Apr 30 2020 03:,1588212000,0.03,1755
Apr 30 2020 04:,1588215600,0.03,1761
Apr 30 2020 05:,1588219200,0.03,1409
Apr 30 2020 06:,1588222800,0.03,1778
Apr 30 2020 07:,1588226400,0.03,1677
Apr 30 2020 08:,1588230000,0.03,1704
Apr 30 2020 09:,1588233600,0.03,4258
Apr 30 2020 10:,1588237200,0.03,3083
Apr 30 2020 11:,1588240800,0.03,2572
Apr 30 2020 12:,1588244400,0.03,3320
Apr 30 2020 13:,1588248000,0.03,3712
Apr 30 2020 14:,1588251600,0.03,3327
Apr 30 2020 15:,1588255200,0.03,3564
Apr 30 2020 16:,1588258800,0.03,3975
Apr 30 2020 17:,1588262400,0.03,4781
Apr 30 2020 18:,1588266000,0.03,5517
Apr 30 2020 19:,1588269600,0.05,5669
Apr 30 2020 20:,1588273200,0.03,4581
Apr 30 2020 21:,1588276800,0.03,4193
Apr 30 2020 22:,1588280400,0.03,3685
Apr 30 2020 23:,1588284000,0.03,3278
May 01 2020 00:,1588287600,0.03,2925
May 01 2020 01:,1588291200,0.05,2598
May 01 2020 02:,1588294800,0.037,2505
May 01 2020 03:,1588298400,0.032,1880
May 01 2020 04:,1588302000,0.03,2741
May 01 2020 05:,1588305600,0.03,2763
May 01 2020 06:,1588309200,0.03,1711
May 01 2020 07:,1588312800,0.03,1884
May 01 2020 08:,1588316400,0.03,1991
May 01 2020 09:,1588320000,0.03,2497
May 01 2020 10:,1588323600,0.05,3824
May 01 2020 11:,1588327200,0.043,3226
May 01 2020 12:,1588330800,0.03,3427
May 01 2020 13:,1588334400,0.03,4039
May 01 2020 14:,1588338000,0.03,3274
May 01 2020 15:,1588341600,0.03,3487
May 01 2020 16:,1588345200,0.03,2786
May 01 2020 17:,1588348800,0.03,2887
May 01 2020 18:,1588352400,0.03,4884
May 01 2020 19:,1588356000,0.03,3866
May 01 2020 20:,1588359600,0.03,4173
May 01 2020 21:,1588363200,0.03,3923
May 01 2020 22:,1588366800,0.03,4134
May 01 2020 23:,1588370400,0.03,3311
May 02 2020 00:,1588374000,0.043,2810
May 02 2020 01:,1588377600,0.044,2503
May 02 2020 02:,1588381200,0.03,2536
May 02 2020 03:,1588384800,0.03,2010
May 02 2020 04:,1588388400,0.03,2679
May 02 2020 05:,1588392000,0.03,1581
May 02 2020 06:,1588395600,0.03,1728
May 02 2020 07:,1588399200,0.03,1969
May 02 2020 08:,1588402800,0.03,2286
May 02 2020 09:,1588406400,0.03,2440
May 02 2020 10:,1588410000,0.03,1957
May 02 2020 11:,1588413600,0.03,2576
May 02 2020 12:,1588417200,0.05,4220
May 02 2020 13:,1588420800,0.044,4748
May 02 2020 14:,1588424400,0.03,3395
May 02 2020 15:,1588428000,0.03,2876
May 02 2020 16:,1588431600,0.03,3116
May 02 2020 17:,1588435200,0.03,3320
May 02 2020 18:,1588438800,0.03,3656
May 02 2020 19:,1588442400,0.03,3345
May 02 2020 20:,1588446000,0.03,3354
May 02 2020 21:,1588449600,0.03,3327
May 02 2020 22:,1588453200,0.044,4814
May 02 2020 23:,1588456800,0.05,4232
May 03 2020 00:,1588460400,0.044,2968
May 03 2020 01:,1588464000,0.032,2347
May 03 2020 02:,1588467600,0.05,2110
May 03 2020 03:,1588471200,0.039,2102
May 03 2020 04:,1588474800,0.03,2293
May 03 2020 05:,1588478400,0.03,1389
May 03 2020 06:,1588482000,0.03,1483
May 03 2020 07:,1588485600,0.05,2158
May 03 2020 08:,1588489200,0.03,1915
May 03 2020 09:,1588492800,0.03,2032
May 03 2020 10:,1588496400,0.03,2103
May 03 2020 11:,1588500000,0.03,2164
May 03 2020 12:,1588503600,0.03,2563
May 03 2020 13:,1588507200,0.03,3126
May 03 2020 14:,1588510800,0.031,3195
May 03 2020 15:,1588514400,0.031,3650
May 03 2020 16:,1588518000,0.03,3676
May 03 2020 17:,1588521600,0.044,2751
May 03 2020 18:,1588525200,0.043,3828
May 03 2020 19:,1588528800,0.03,3612
May 03 2020 20:,1588532400,0.031,4536
May 03 2020 21:,1588536000,0.03,3761
May 03 2020 22:,1588539600,0.03,3162
May 03 2020 23:,1588543200,0.03,3101
May 04 2020 00:,1588546800,0.03,2874
May 04 2020 01:,1588550400,0.03,2270
May 04 2020 02:,1588554000,0.03,1585
May 04 2020 03:,1588557600,0.03,1642
May 04 2020 04:,1588561200,0.03,1846
May 04 2020 05:,1588564800,0.03,1951
May 04 2020 06:,1588568400,0.03,1501
May 04 2020 07:,1588572000,0.032,2139
May 04 2020 08:,1588575600,0.03,2015
May 04 2020 09:,1588579200,0.03,1962
May 04 2020 10:,1588582800,0.03,3146
May 04 2020 11:,1588586400,0.03,3049
May 04 2020 12:,1588590000,0.03,3061
May 04 2020 13:,1588593600,0.03,2962
May 04 2020 14:,1588597200,0.03,3015
May 04 2020 15:,1588600800,0.031,6153
May 04 2020 16:,1588604400,0.05,6710
May 04 2020 17:,1588608000,0.031,5324
May 04 2020 18:,1588611600,0.03,4229
May 04 2020 19:,1588615200,0.036,5426
May 04 2020 20:,1588618800,0.03,4924
May 04 2020 21:,1588622400,0.03,3709
May 04 2020 22:,1588626000,0.03,3168
May 04 2020 23:,1588629600,0.03,2491
May 05 2020 00:,1588633200,0.03,2086
May 05 2020 01:,1588636800,0.03,2103
May 05 2020 02:,1588640400,0.03,2177
May 05 2020 03:,1588644000,0.03,1930
May 05 2020 04:,1588647600,0.03,1500
May 05 2020 05:,1588651200,0.03,1675
May 05 2020 06:,1588654800,0.03,1671
May 05 2020 07:,1588658400,0.03,1891
May 05 2020 08:,1588662000,0.03,2364
May 05 2020 09:,1588665600,0.03,2178
May 05 2020 10:,1588669200,0.03,2765
May 05 2020 11:,1588672800,0.03,3316
May 05 2020 12:,1588676400,0.03,3413
May 05 2020 13:,1588680000,0.03,2989
May 05 2020 14:,1588683600,0.03,3691
May 05 2020 15:,1588687200,0.03,2730
May 05 2020 16:,1588690800,0.03,2867
May 05 2020 17:,1588694400,0.03,4815
May 05 2020 18:,1588698000,0.03,3489
May 05 2020 19:,1588701600,0.03,3785
May 05 2020 20:,1588705200,0.03,4418
May 05 2020 21:,1588708800,0.03,3404
May 05 2020 22:,1588712400,0.03,4438
May 05 2020 23:,1588716000,0.03,2865
May 06 2020 00:,1588719600,0.03,2535
May 06 2020 01:,1588723200,0.03,1951
May 06 2020 02:,1588726800,0.03,2434
May 06 2020 03:,1588730400,0.03,2010
May 06 2020 04:,1588734000,0.03,2081
May 06 2020 05:,1588737600,0.03,2438
May 06 2020 06:,1588741200,0.03,2108
May 06 2020 07:,1588744800,0.03,2896
May 06 2020 08:,1588748400,0.03,2135
May 06 2020 09:,1588752000,0.03,1922
May 06 2020 10:,1588755600,0.03,3018
May 06 2020 11:,1588759200,0.031,4185
May 06 2020 12:,1588762800,0.03,2931
May 06 2020 13:,1588766400,0.03,2681
May 06 2020 14:,1588770000,0.03,2729
May 06 2020 15:,1588773600,0.03,4642
May 06 2020 16:,1588777200,0.03,3402
May 06 2020 17:,1588780800,0.03,4371
May 06 2020 18:,1588784400,0.03,4158
May 06 2020 19:,1588788000,0.03,4206
May 06 2020 20:,1588791600,0.03,4363
May 06 2020 21:,1588795200,0.03,4395
May 06 2020 22:,1588798800,0.03,3536
May 06 2020 23:,1588802400,0.03,3241
May 07 2020 00:,1588806000,0.03,2792
May 07 2020 01:,1588809600,0.042,2308
May 07 2020 02:,1588813200,0.042,1715
May 07 2020 03:,1588816800,0.03,1472
May 07 2020 04:,1588820400,0.03,1222
May 07 2020 05:,1588824000,0.03,969
May 07 2020 06:,1588827600,0.03,1493
May 07 2020 07:,1588831200,0.03,1501
May 07 2020 08:,1588834800,0.03,1881
May 07 2020 09:,1588838400,0.03,1968
May 07 2020 10:,1588842000,0.03,2195
May 07 2020 11:,1588845600,0.03,3166
May 07 2020 12:,1588849200,0.03,3706
May 07 2020 13:,1588852800,0.03,2916
May 07 2020 14:,1588856400,0.03,3211
May 07 2020 15:,1588860000,0.03,2953
May 07 2020 16:,1588863600,0.03,3286
May 07 2020 17:,1588867200,0.03,4554
May 07 2020 18:,1588870800,0.03,3540
May 07 2020 19:,1588874400,0.03,4377
May 07 2020 20:,1588878000,0.03,5642
May 07 2020 21:,1588881600,0.03,5230
May 07 2020 22:,1588885200,0.03,4565
May 07 2020 23:,1588888800,0.03,2945
May 08 2020 00:,1588892400,0.03,2732
May 08 2020 01:,1588896000,0.03,1745
May 08 2020 02:,1588899600,0.03,1320
May 08 2020 03:,1588903200,0.03,1462
May 08 2020 04:,1588906800,0.03,1609
May 08 2020 05:,1588910400,0.03,3015
May 08 2020 06:,1588914000,0.03,1842
May 08 2020 07:,1588917600,0.03,4098
May 08 2020 08:,1588921200,0.03,2316
May 08 2020 09:,1588924800,0.03,3139
May 08 2020 10:,1588928400,0.03,3041
May 08 2020 11:,1588932000,0.03,2711
May 08 2020 12:,1588935600,0.03,2717
May 08 2020 13:,1588939200,0.03,2940
May 08 2020 14:,1588942800,0.03,3672
May 08 2020 15:,1588946400,0.03,3901
May 08 2020 16:,1588950000,0.032,4816
May 08 2020 17:,1588953600,0.03,3640
May 08 2020 18:,1588957200,0.03,3324
May 08 2020 19:,1588960800,0.03,4138
May 08 2020 20:,1588964400,0.03,4585
May 08 2020 21:,1588968000,0.03,5012
May 08 2020 22:,1588971600,0.03,6263
May 08 2020 23:,1588975200,0.03,4164
May 09 2020 00:,1588978800,0.03,3521
May 09 2020 01:,1588982400,0.03,4324
May 09 2020 02:,1588986000,0.03,2854
May 09 2020 03:,1588989600,0.043,2007
May 09 2020 04:,1588993200,0.03,2163
May 09 2020 05:,1588996800,0.049,1233
May 09 2020 06:,1589000400,0.037,1377
May 09 2020 07:,1589004000,0.03,1808
May 09 2020 08:,1589007600,0.03,1867
May 09 2020 09:,1589011200,0.03,4023
May 09 2020 10:,1589014800,0.03,2816
May 09 2020 11:,1589018400,0.03,2646
May 09 2020 12:,1589022000,0.03,2414
May 09 2020 13:,1589025600,0.03,3751
May 09 2020 14:,1589029200,0.03,5609
May 09 2020 15:,1589032800,0.03,3907
May 09 2020 16:,1589036400,0.03,4770
May 09 2020 17:,1589040000,0.03,3659
May 09 2020 18:,1589043600,0.03,3529
May 09 2020 19:,1589047200,0.03,4784
May 09 2020 20:,1589050800,0.03,6271
May 09 2020 21:,1589054400,0.03,4876
May 09 2020 22:,1589058000,0.03,5236
May 09 2020 23:,1589061600,0.03,3931
May 10 2020 00:,1589065200,0.03,4027
May 10 2020 01:,1589068800,0.03,2919
May 10 2020 02:,1589072400,0.043,2277
May 10 2020 03:,1589076000,0.03,2041
May 10 2020 04:,1589079600,0.03,3265
May 10 2020 05:,1589083200,0.03,3774
May 10 2020 06:,1589086800,0.03,3007
May 10 2020 07:,1589090400,0.03,1680
May 10 2020 08:,1589094000,0.03,2282
May 10 2020 09:,1589097600,0.03,3814
May 10 2020 10:,1589101200,0.03,3359
May 10 2020 11:,1589104800,0.03,3678
May 10 2020 12:,1589108400,0.03,4993
May 10 2020 13:,1589112000,0.03,3666
May 10 2020 14:,1589115600,0.03,3947
May 10 2020 15:,1589119200,0.03,7133
May 10 2020 16:,1589122800,0.03,4746
May 10 2020 17:,1589126400,0.03,4707
May 10 2020 18:,1589130000,0.031,5508
May 10 2020 19:,1589133600,0.033,4939
May 10 2020 20:,1589137200,0.031,5932
May 10 2020 21:,1589140800,0.03,4265
May 10 2020 22:,1589144400,0.03,3808
May 10 2020 23:,1589148000,0.039,4258
May 11 2020 00:,1589151600,0.03,4291
May 11 2020 01:,1589155200,0.03,2253
May 11 2020 02:,1589158800,0.03,1789
May 11 2020 03:,1589162400,0.03,2289
May 11 2020 04:,1589166000,0.03,1996
May 11 2020 05:,1589169600,0.03,1877
May 11 2020 06:,1589173200,0.03,1860
May 11 2020 07:,1589176800,0.03,1477
May 11 2020 08:,1589180400,0.03,1474
May 11 2020 09:,1589184000,0.03,1781
May 11 2020 10:,1589187600,0.03,2773
May 11 2020 11:,1589191200,0.03,2903
May 11 2020 12:,1589194800,0.03,4652
May 11 2020 13:,1589198400,0.031,4232
May 11 2020 14:,1589202000,0.031,4450
May 11 2020 15:,1589205600,0.031,5252
May 11 2020 16:,1589209200,0.031,4809
May 11 2020 17:,1589212800,0.032,4472
May 11 2020 18:,1589216400,0.031,5594
May 11 2020 19:,1589220000,0.03,4231
May 11 2020 20:,1589223600,0.03,5311
May 11 2020 21:,1589227200,0.03,3973
May 11 2020 22:,1589230800,0.03,3233
May 11 2020 23:,1589234400,0.03,2771
May 12 2020 00:,1589238000,0.03,2551
May 12 2020 01:,1589241600,0.031,2750
May 12 2020 02:,1589245200,0.031,2269
May 12 2020 03:,1589248800,0.03,1610
May 12 2020 04:,1589252400,0.03,1200
May 12 2020 05:,1589256000,0.03,1121
May 12 2020 06:,1589259600,0.03,1949
May 12 2020 07:,1589263200,0.03,2244
May 12 2020 08:,1589266800,0.03,1778
May 12 2020 09:,1589270400,0.03,2997
May 12 2020 10:,1589274000,0.03,3227
May 12 2020 11:,1589277600,0.03,2568
May 12 2020 12:,1589281200,0.03,3438
May 12 2020 13:,1589284800,0.03,3073
May 12 2020 14:,1589288400,0.03,4546
May 12 2020 15:,1589292000,0.03,5200
May 12 2020 16:,1589295600,0.03,4283
May 12 2020 17:,1589299200,0.03,3560
May 12 2020 18:,1589302800,0.03,3521
May 12 2020 19:,1589306400,0.03,3922
May 12 2020 20:,1589310000,0.03,5050
May 12 2020 21:,1589313600,0.03,3764
May 12 2020 22:,1589317200,0.03,3975
May 12 2020 23:,1589320800,0.043,4005
May 13 2020 00:,1589324400,0.054,5305
May 13 2020 01:,1589328000,0.031,2391
May 13 2020 02:,1589331600,0.031,2124
May 13 2020 03:,1589335200,0.03,1424
May 13 2020 04:,1589338800,0.03,1584
May 13 2020 05:,1589342400,0.03,2219
May 13 2020 06:,1589346000,0.031,1531
May 13 2020 07:,1589349600,0.03,1519
May 13 2020 08:,1589353200,0.03,1918
May 13 2020 09:,1589356800,0.031,2944
May 13 2020 10:,1589360400,0.031,3707
May 13 2020 11:,1589364000,0.03,3321
May 13 2020 12:,1589367600,0.03,3679
May 13 2020 13:,1589371200,0.03,3204
May 13 2020 14:,1589374800,0.03,3387
May 13 2020 15:,1589378400,0.03,4473
May 13 2020 16:,1589382000,0.03,3870
May 13 2020 17:,1589385600,0.03,4331
May 13 2020 18:,1589389200,0.031,5125
May 13 2020 19:,1589392800,0.03,3905
May 13 2020 20:,1589396400,0.03,4300
May 13 2020 21:,1589400000,0.03,3989
May 13 2020 22:,1589403600,0.03,3633
May 13 2020 23:,1589407200,0.03,2724
May 14 2020 00:,1589410800,0.03,4629
May 14 2020 01:,1589414400,0.03,3603
May 14 2020 02:,1589418000,0.03,1836
May 14 2020 03:,1589421600,0.03,2340
May 14 2020 04:,1589425200,0.03,1918
May 14 2020 05:,1589428800,0.03,1233
May 14 2020 06:,1589432400,0.03,2323
May 14 2020 07:,1589436000,0.03,2306
May 14 2020 08:,1589439600,0.03,1984
May 14 2020 09:,1589443200,0.03,2430
May 14 2020 10:,1589446800,0.03,2685
May 14 2020 11:,1589450400,0.03,2896
May 14 2020 12:,1589454000,0.03,3402
May 14 2020 13:,1589457600,0.03,4384
May 14 2020 14:,1589461200,0.03,3783
May 14 2020 15:,1589464800,0.03,6572
May 14 2020 16:,1589468400,0.031,8965
May 14 2020 17:,1589472000,0.031,9265
May 14 2020 18:,1589475600,0.032,7004
May 14 2020 19:,1589479200,0.033,6305
May 14 2020 20:,1589482800,0.033,5918
May 14 2020 21:,1589486400,0.033,5451
May 14 2020 22:,1589490000,0.033,3923
May 14 2020 23:,1589493600,0.032,2555
May 15 2020 00:,1589497200,0.032,2845
May 15 2020 01:,1589500800,0.031,1633
May 15 2020 02:,1589504400,0.031,1370
May 15 2020 03:,1589508000,0.032,1486
May 15 2020 04:,1589511600,0.045,2360
May 15 2020 05:,1589515200,0.05,1870
May 15 2020 06:,1589518800,0.033,1760
May 15 2020 07:,1589522400,0.033,2096
May 15 2020 08:,1589526000,0.031,1892
May 15 2020 09:,1589529600,0.032,2061
May 15 2020 10:,1589533200,0.031,2037
May 15 2020 11:,1589536800,0.032,2752
May 15 2020 12:,1589540400,0.031,2783
May 15 2020 13:,1589544000,0.033,4020
May 15 2020 14:,1589547600,0.034,5095
May 15 2020 15:,1589551200,0.033,4372
May 15 2020 16:,1589554800,0.033,3838
May 15 2020 17:,1589558400,0.032,4064
May 15 2020 18:,1589562000,0.033,3845
May 15 2020 19:,1589565600,0.034,5456
May 15 2020 20:,1589569200,0.043,4818
May 15 2020 21:,1589572800,0.033,6345
May 15 2020 22:,1589576400,0.033,3199
May 15 2020 23:,1589580000,0.033,4018
May 16 2020 00:,1589583600,0.034,3903
May 16 2020 01:,1589587200,0.05,3570
May 16 2020 02:,1589590800,0.045,1716
May 16 2020 03:,1589594400,0.035,1623
May 16 2020 04:,1589598000,0.035,1453
May 16 2020 05:,1589601600,0.035,1423
May 16 2020 06:,1589605200,0.035,2411
May 16 2020 07:,1589608800,0.035,2912
May 16 2020 08:,1589612400,0.035,1990
May 16 2020 09:,1589616000,0.054,4871
May 16 2020 10:,1589619600,0.054,7582
May 16 2020 11:,1589623200,0.049,4671
May 16 2020 12:,1589626800,0.051,4204
May 16 2020 13:,1589630400,0.051,5839
May 16 2020 14:,1589634000,0.054,5012
May 16 2020 15:,1589637600,0.054,5333
May 16 2020 16:,1589641200,0.062,5909
May 16 2020 17:,1589644800,0.054,6173
May 16 2020 18:,1589648400,0.039,6033
May 16 2020 19:,1589652000,0.04,4731
May 16 2020 20:,1589655600,0.054,4200
May 16 2020 21:,1589659200,0.054,4450
May 16 2020 22:,1589662800,0.054,3944
May 16 2020 23:,1589666400,0.04,4358
May 17 2020 00:,1589670000,0.054,2819
May 17 2020 01:,1589673600,0.039,1950
May 17 2020 02:,1589677200,0.039,3285
May 17 2020 03:,1589680800,0.039,3495
May 17 2020 04:,1589684400,0.039,3206
May 17 2020 05:,1589688000,0.041,3156
May 17 2020 06:,1589691600,0.041,2660
May 17 2020 07:,1589695200,0.054,2695
May 17 2020 08:,1589698800,0.039,1736
May 17 2020 09:,1589702400,0.039,3323
May 17 2020 10:,1589706000,0.039,3106
May 17 2020 11:,1589709600,0.041,4199
May 17 2020 12:,1589713200,0.041,3938
May 17 2020 13:,1589716800,0.04,3495
May 17 2020 14:,1589720400,0.05,4304
May 17 2020 15:,1589724000,0.039,3949
May 17 2020 16:,1589727600,0.038,2988
May 17 2020 17:,1589731200,0.038,3188
May 17 2020 18:,1589734800,0.038,3573
May 17 2020 19:,1589738400,0.038,3133
May 17 2020 20:,1589742000,0.05,3921
May 17 2020 21:,1589745600,0.039,4637
May 17 2020 22:,1589749200,0.038,3889
May 17 2020 23:,1589752800,0.054,2322
May 18 2020 00:,1589756400,0.05,2255
May 18 2020 01:,1589760000,0.038,1684
May 18 2020 02:,1589763600,0.051,2040
May 18 2020 03:,1589767200,0.051,4518
May 18 2020 04:,1589770800,0.051,2732
May 18 2020 05:,1589774400,0.054,1650
May 18 2020 06:,1589778000,0.05,2112
May 18 2020 07:,1589781600,0.038,2115
May 18 2020 08:,1589785200,0.051,2108
May 18 2020 09:,1589788800,0.048,2629
May 18 2020 10:,1589792400,0.051,3386
May 18 2020 11:,1589796000,0.038,3640
May 18 2020 12:,1589799600,0.04,4783
May 18 2020 13:,1589803200,0.039,5650
May 18 2020 14:,1589806800,0.04,4563
May 18 2020 15:,1589810400,0.04,5681
May 18 2020 16:,1589814000,0.04,4571
May 18 2020 17:,1589817600,0.039,3755
May 18 2020 18:,1589821200,0.04,3863
May 18 2020 19:,1589824800,0.039,3886
May 18 2020 20:,1589828400,0.041,4044
May 18 2020 21:,1589832000,0.054,4251
May 18 2020 22:,1589835600,0.039,3358
May 18 2020 23:,1589839200,0.04,2630
May 19 2020 00:,1589842800,0.04,2008
May 19 2020 01:,1589846400,0.039,1523
May 19 2020 02:,1589850000,0.04,2578
May 19 2020 03:,1589853600,0.04,2205
May 19 2020 04:,1589857200,0.04,2263
May 19 2020 05:,1589860800,0.041,2185
May 19 2020 06:,1589864400,0.042,3345
May 19 2020 07:,1589868000,0.042,2765
May 19 2020 08:,1589871600,0.043,4537
May 19 2020 09:,1589875200,0.043,3732
May 19 2020 10:,1589878800,0.052,3858
May 19 2020 11:,1589882400,0.042,3154
May 19 2020 12:,1589886000,0.042,3506
May 19 2020 13:,1589889600,0.044,4952
May 19 2020 14:,1589893200,0.043,4504
May 19 2020 15:,1589896800,0.044,7143
May 19 2020 16:,1589900400,0.045,8392
May 19 2020 17:,1589904000,0.054,3865
May 19 2020 18:,1589907600,0.044,3358
May 19 2020 19:,1589911200,0.044,3808
May 19 2020 20:,1589914800,0.044,4572
May 19 2020 21:,1589918400,0.043,3389
May 19 2020 22:,1589922000,0.055,3349
May 19 2020 23:,1589925600,0.044,4464
May 20 2020 00:,1589929200,0.06,2425
May 20 2020 01:,1589932800,0.044,1851
May 20 2020 02:,1589936400,0.044,2006
May 20 2020 03:,1589940000,0.044,1398
May 20 2020 04:,1589943600,0.06,2398
May 20 2020 05:,1589947200,0.055,1284
May 20 2020 06:,1589950800,0.045,1322
May 20 2020 07:,1589954400,0.06,2691
May 20 2020 08:,1589958000,0.059,5385
May 20 2020 09:,1589961600,0.045,5569
May 20 2020 10:,1589965200,0.047,5851
May 20 2020 11:,1589968800,0.046,4016
May 20 2020 12:,1589972400,0.046,4114
May 20 2020 13:,1589976000,0.048,5756
May 20 2020 14:,1589979600,0.048,5372
May 20 2020 15:,1589983200,0.048,8137
May 20 2020 16:,1589986800,0.047,5583
May 20 2020 17:,1589990400,0.048,6315
May 20 2020 18:,1589994000,0.047,5037
May 20 2020 19:,1589997600,0.047,4807
May 20 2020 20:,1590001200,0.047,4677
May 20 2020 21:,1590004800,0.045,3447
May 20 2020 22:,1590008400,0.046,2988
May 20 2020 23:,1590012000,0.055,2287
May 21 2020 00:,1590015600,0.058,2055
May 21 2020 01:,1590019200,0.045,1840
May 21 2020 02:,1590022800,0.06,1999
May 21 2020 03:,1590026400,0.045,1707
May 21 2020 04:,1590030000,0.046,1047
May 21 2020 05:,1590033600,0.046,1090
May 21 2020 06:,1590037200,0.045,2051
May 21 2020 07:,1590040800,0.044,1303
May 21 2020 08:,1590044400,0.045,2108
May 21 2020 09:,1590048000,0.045,2215
May 21 2020 10:,1590051600,0.044,2757
May 21 2020 11:,1590055200,0.044,2690
May 21 2020 12:,1590058800,0.044,3036
May 21 2020 13:,1590062400,0.045,5053
May 21 2020 14:,1590066000,0.046,4769
May 21 2020 15:,1590069600,0.047,3986
May 21 2020 16:,1590073200,0.046,4357
May 21 2020 17:,1590076800,0.046,4172
May 21 2020 18:,1590080400,0.044,3298
May 21 2020 19:,1590084000,0.061,5625
May 21 2020 20:,1590087600,0.061,5096
May 21 2020 21:,1590091200,0.055,3826
May 21 2020 22:,1590094800,0.066,5707
May 21 2020 23:,1590098400,0.066,4915
May 22 2020 00:,1590102000,0.06,3704
May 22 2020 01:,1590105600,0.055,1792
May 22 2020 02:,1590109200,0.055,1760
May 22 2020 03:,1590112800,0.066,1789
May 22 2020 04:,1590116400,0.066,2476
May 22 2020 05:,1590120000,0.053,1634
May 22 2020 06:,1590123600,0.047,1561
May 22 2020 07:,1590127200,0.047,2355
May 22 2020 08:,1590130800,0.048,2384
May 22 2020 09:,1590134400,0.055,2866
May 22 2020 10:,1590138000,0.047,2557
May 22 2020 11:,1590141600,0.048,2811
May 22 2020 12:,1590145200,0.055,3177
May 22 2020 13:,1590148800,0.055,4420
May 22 2020 14:,1590152400,0.062,6443
May 22 2020 15:,1590156000,0.061,6745
May 22 2020 16:,1590159600,0.066,6212
May 22 2020 17:,1590163200,0.059,6499
May 22 2020 18:,1590166800,0.051,11431
May 22 2020 19:,1590170400,0.052,9641
May 22 2020 20:,1590174000,0.052,9908
May 22 2020 21:,1590177600,0.054,6144
May 22 2020 22:,1590181200,0.066,7582
May 22 2020 23:,1590184800,0.073,7445
May 23 2020 00:,1590188400,0.073,5739
May 23 2020 01:,1590192000,0.072,5828
May 23 2020 02:,1590195600,0.066,7284
May 23 2020 03:,1590199200,0.065,6425
May 23 2020 04:,1590202800,0.057,3373
May 23 2020 05:,1590206400,0.059,2774
May 23 2020 06:,1590210000,0.057,3433
May 23 2020 07:,1590213600,0.057,7554
May 23 2020 08:,1590217200,0.065,9774
May 23 2020 09:,1590220800,0.077,14796
May 23 2020 10:,1590224400,0.064,11476
May 23 2020 11:,1590228000,0.073,12012
May 23 2020 12:,1590231600,0.077,16702
May 23 2020 13:,1590235200,0.067,16213
May 23 2020 14:,1590238800,0.077,11128
May 23 2020 15:,1590242400,0.079,9189
May 23 2020 16:,1590246000,0.088,8594
May 23 2020 17:,1590249600,0.075,6781
May 23 2020 18:,1590253200,0.072,6143
May 23 2020 19:,1590256800,0.073,6686
May 23 2020 20:,1590260400,0.077,6960
May 23 2020 21:,1590264000,0.074,6658
May 23 2020 22:,1590267600,0.068,5887
May 23 2020 23:,1590271200,0.077,4270
May 24 2020 00:,1590274800,0.079,4223
May 24 2020 01:,1590278400,0.073,3183
May 24 2020 02:,1590282000,0.079,2568
May 24 2020 03:,1590285600,0.071,1671
May 24 2020 04:,1590289200,0.079,2005
May 24 2020 05:,1590292800,0.079,1587
May 24 2020 06:,1590296400,0.07,1369
May 24 2020 07:,1590300000,0.069,1766
May 24 2020 08:,1590303600,0.069,1968
May 24 2020 09:,1590307200,0.07,2898
May 24 2020 10:,1590310800,0.08,4695
May 24 2020 11:,1590314400,0.079,6736
May 24 2020 12:,1590318000,0.088,8215
May 24 2020 13:,1590321600,0.088,6678
May 24 2020 14:,1590325200,0.086,6039
May 24 2020 15:,1590328800,0.088,5568
May 24 2020 16:,1590332400,0.088,5756
May 24 2020 17:,1590336000,0.075,4971
May 24 2020 18:,1590339600,0.073,5477
May 24 2020 19:,1590343200,0.075,5127
May 24 2020 20:,1590346800,0.071,4851
May 24 2020 21:,1590350400,0.07,4401
May 24 2020 22:,1590354000,0.07,4382
May 24 2020 23:,1590357600,0.077,4281
May 25 2020 00:,1590361200,0.079,3944
May 25 2020 01:,1590364800,0.077,2474
May 25 2020 02:,1590368400,0.07,1663
May 25 2020 03:,1590372000,0.069,1253
May 25 2020 04:,1590375600,0.068,1390
May 25 2020 05:,1590379200,0.069,1551
May 25 2020 06:,1590382800,0.072,1711
May 25 2020 07:,1590386400,0.066,2901
May 25 2020 08:,1590390000,0.064,2186
May 25 2020 09:,1590393600,0.077,3826
May 25 2020 10:,1590397200,0.077,4858
May 25 2020 11:,1590400800,0.077,4270
May 25 2020 12:,1590404400,0.065,3872
May 25 2020 13:,1590408000,0.077,3573
May 25 2020 14:,1590411600,0.077,3418
May 25 2020 15:,1590415200,0.061,3543
May 25 2020 16:,1590418800,0.057,3745
May 25 2020 17:,1590422400,0.057,4234
May 25 2020 18:,1590426000,0.057,3823
May 25 2020 19:,1590429600,0.07,6611
May 25 2020 20:,1590433200,0.059,3978
May 25 2020 21:,1590436800,0.057,433
May 25 2020 22:,1590440400,0.066,2306
May 25 2020 23:,1590444000,0.057,2219
May 26 2020 00:,1590447600,0.054,2203
May 26 2020 01:,1590451200,0.055,1817
May 26 2020 02:,1590454800,0.07,1537
May 26 2020 03:,1590458400,0.07,1510
May 26 2020 04:,1590462000,0.054,2185
May 26 2020 05:,1590465600,0.066,2737
May 26 2020 06:,1590469200,0.053,1997
May 26 2020 07:,1590472800,0.053,2722
May 26 2020 08:,1590476400,0.053,3297
May 26 2020 09:,1590480000,0.053,3449
May 26 2020 10:,1590483600,0.052,3217
May 26 2020 11:,1590487200,0.052,4206
May 26 2020 12:,1590490800,0.066,4001
May 26 2020 13:,1590494400,0.05,2953
May 26 2020 14:,1590498000,0.051,3326
May 26 2020 15:,1590501600,0.051,2603
May 26 2020 16:,1590505200,0.066,2998
May 26 2020 17:,1590508800,0.051,2899
May 26 2020 18:,1590512400,0.051,3872
May 26 2020 19:,1590516000,0.065,5457
May 26 2020 20:,1590519600,0.058,4671
May 26 2020 21:,1590523200,0.056,3579
May 26 2020 22:,1590526800,0.053,4415
May 26 2020 23:,1590530400,0.065,3852
May 27 2020 00:,1590534000,0.058,3484
May 27 2020 01:,1590537600,0.07,2009
May 27 2020 02:,1590541200,0.055,1643
May 27 2020 03:,1590544800,0.07,1326
May 27 2020 04:,1590548400,0.07,1253
May 27 2020 05:,1590552000,0.07,2160
May 27 2020 06:,1590555600,0.07,2017
May 27 2020 07:,1590559200,0.057,2861
May 27 2020 08:,1590562800,0.054,1691
May 27 2020 09:,1590566400,0.055,1910
May 27 2020 10:,1590570000,0.055,2689
May 27 2020 11:,1590573600,0.054,2667
May 27 2020 12:,1590577200,0.053,2595
May 27 2020 13:,1590580800,0.054,3384
May 27 2020 14:,1590584400,0.054,3719
May 27 2020 15:,1590588000,0.054,3605
May 27 2020 16:,1590591600,0.054,4341
May 27 2020 17:,1590595200,0.053,3914
May 27 2020 18:,1590598800,0.053,4018
May 27 2020 19:,1590602400,0.054,4355
May 27 2020 20:,1590606000,0.054,3789
May 27 2020 21:,1590609600,0.053,3933
May 27 2020 22:,1590613200,0.052,3263
May 27 2020 23:,1590616800,0.053,3232
May 28 2020 00:,1590620400,0.053,2331
May 28 2020 01:,1590624000,0.054,2347
May 28 2020 02:,1590627600,0.054,1518
May 28 2020 03:,1590631200,0.055,2023
May 28 2020 04:,1590634800,0.066,2100
May 28 2020 05:,1590638400,0.058,1523
May 28 2020 06:,1590642000,0.065,1535
May 28 2020 07:,1590645600,0.066,1242
May 28 2020 08:,1590649200,0.052,1689
May 28 2020 09:,1590652800,0.053,2066
May 28 2020 10:,1590656400,0.053,2459
May 28 2020 11:,1590660000,0.053,2944
May 28 2020 12:,1590663600,0.051,2517
May 28 2020 13:,1590667200,0.052,2957
May 28 2020 14:,1590670800,0.053,3660
May 28 2020 15:,1590674400,0.052,2798
May 28 2020 16:,1590678000,0.051,3063
May 28 2020 17:,1590681600,0.051,4015
May 28 2020 18:,1590685200,0.051,4945
May 28 2020 19:,1590688800,0.051,4527
May 28 2020 20:,1590692400,0.052,4739
May 28 2020 21:,1590696000,0.066,4644
May 28 2020 22:,1590699600,0.065,3297
May 28 2020 23:,1590703200,0.066,2864
May 29 2020 00:,1590706800,0.065,2472
May 29 2020 01:,1590710400,0.052,1986
May 29 2020 02:,1590714000,0.07,2009
May 29 2020 03:,1590717600,0.07,1402
May 29 2020 04:,1590721200,0.052,1156
May 29 2020 05:,1590724800,0.06,1240
May 29 2020 06:,1590728400,0.06,1428
May 29 2020 07:,1590732000,0.054,1414
May 29 2020 08:,1590735600,0.051,1567
May 29 2020 09:,1590739200,0.051,1863
May 29 2020 10:,1590742800,0.052,2387
May 29 2020 11:,1590746400,0.051,2481
May 29 2020 12:,1590750000,0.05,2512
May 29 2020 13:,1590753600,0.05,2903
May 29 2020 14:,1590757200.0,0.050999999999999997,3240.0
May 29 2020 15:,1590760800.0,0.050999999999999997,3850.0
May 29 2020 16:,1590764400.0,0.050000000000000003,3492.0
May 29 2020 17:,1590768000.0,0.050999999999999997,4068.0
May 29 2020 18:,1590771600.0,0.050000000000000003,3469.0
May 29 2020 19:,1590775200.0,0.049000000000000002,3330.0
May 29 2020 20:,1590778800.0,0.049000000000000002,3779.0
May 29 2020 21:,1590782400.0,0.055,3693.0
May 29 2020 22:,1590786000.0,0.049000000000000002,3024.0
May 29 2020 23:,1590789600.0,0.048000000000000001,2481.0
May 30 2020 00:,1590793200.0,0.048000000000000001,2205.0
May 30 2020 01:,1590796800.0,0.067000000000000004,2939.0
May 30 2020 02:,1590800400.0,0.067000000000000004,2036.0
May 30 2020 03:,1590804000.0,0.050000000000000003,1421.0
May 30 2020 04:,1590807600.0,0.049000000000000002,1252.0
May 30 2020 05:,1590811200.0,0.050000000000000003,1387.0
May 30 2020 06:,1590814800.0,0.049000000000000002,1313.0
May 30 2020 07:,1590818400.0,0.049000000000000002,1687.0
May 30 2020 08:,1590822000.0,0.049000000000000002,1924.0
May 30 2020 09:,1590825600.0,0.047,1659.0
May 30 2020 10:,1590829200.0,0.048000000000000001,2026.0
May 30 2020 11:,1590832800.0,0.047,2155.0
May 30 2020 12:,1590836400.0,0.048000000000000001,2846.0
May 30 2020 13:,1590840000.0,0.047,3083.0
May 30 2020 14:,1590843600.0,0.059999999999999998,4528.0
May 30 2020 15:,1590847200.0,0.051999999999999998,3442.0
May 30 2020 16:,1590850800.0,0.049000000000000002,2752.0
May 30 2020 17:,1590854400.0,0.065000000000000002,3753.0
May 30 2020 18:,1590858000.0,0.067000000000000004,3367.0
May 30 2020 19:,1590861600.0,0.051999999999999998,3582.0
May 30 2020 20:,1590865200.0,0.049000000000000002,2775.0
May 30 2020 21:,1590868800.0,0.055,3533.0
May 30 2020 22:,1590872400.0,0.052999999999999999,2768.0
May 30 2020 23:,1590876000.0,0.067000000000000004,2854.0
May 31 2020 00:,1590879600.0,0.055,1905.0
May 31 2020 01:,1590883200.0,0.065000000000000002,1759.0
May 31 2020 02:,1590886800.0,0.052999999999999999,2045.0
May 31 2020 03:,1590890400.0,0.067000000000000004,1384.0
May 31 2020 04:,1590894000.0,0.067000000000000004,1343.0
May 31 2020 05:,1590897600.0,0.055,1289.0
May 31 2020 06:,1590901200.0,0.049000000000000002,1250.0
May 31 2020 07:,1590904800.0,0.050000000000000003,1484.0
May 31 2020 08:,1590908400.0,0.048000000000000001,1310.0
May 31 2020 09:,1590912000.0,0.048000000000000001,1804.0
May 31 2020 10:,1590915600.0,0.048000000000000001,2518.0
May 31 2020 11:,1590919200.0,0.047,2386.0
May 31 2020 12:,1590922800.0,0.047,2488.0
May 31 2020 13:,1590926400.0,0.052999999999999999,3833.0
May 31 2020 14:,1590930000.0,0.050999999999999997,4768.0
May 31 2020 15:,1590933600.0,0.047,3176.0
May 31 2020 16:,1590937200.0,0.048000000000000001,3144.0
May 31 2020 17:,1590940800.0,0.050000000000000003,3597.0
May 31 2020 18:,1590944400.0,0.050999999999999997,4115.0
May 31 2020 19:,1590948000.0,0.052999999999999999,4022.0
May 31 2020 20:,1590951600.0,0.052999999999999999,3415.0
May 31 2020 21:,1590955200.0,0.055,3535.0
May 31 2020 22:,1590958800.0,0.055,3529.0
May 31 2020 23:,1590962400.0,0.048000000000000001,2092.0
Jun 01 2020 00:,1590966000.0,0.052999999999999999,2128.0
Jun 01 2020 01:,1590969600.0,0.050000000000000003,2042.0
Jun 01 2020 02:,1590973200.0,0.049000000000000002,1513.0
Jun 01 2020 03:,1590976800.0,0.049000000000000002,1249.0
Jun 01 2020 04:,1590980400.0,0.049000000000000002,1164.0
Jun 01 2020 05:,1590984000.0,0.050000000000000003,1381.0
Jun 01 2020 06:,1590987600.0,0.050000000000000003,1453.0
Jun 01 2020 07:,1590991200.0,0.050000000000000003,1517.0
Jun 01 2020 08:,1590994800.0,0.050999999999999997,2128.0
Jun 01 2020 09:,1590998400.0,0.050999999999999997,1966.0
Jun 01 2020 10:,1591002000.0,0.050999999999999997,2635.0
Jun 01 2020 11:,1591005600.0,0.050999999999999997,2997.0
Jun 01 2020 12:,1591009200.0,0.055,3298.0
Jun 01 2020 13:,1591012800.0,0.050999999999999997,2600.0
Jun 01 2020 14:,1591016400.0,0.050000000000000003,2882.0
Jun 01 2020 15:,1591020000.0,0.067000000000000004,4255.0
Jun 01 2020 16:,1591023600.0,0.052999999999999999,4532.0
Jun 01 2020 17:,1591027200.0,0.052999999999999999,5306.0
Jun 01 2020 18:,1591030800.0,0.067000000000000004,3814.0
Jun 01 2020 19:,1591034400.0,0.067000000000000004,3954.0
Jun 01 2020 20:,1591038000.0,0.051999999999999998,3996.0
Jun 01 2020 21:,1591041600.0,0.070000000000000007,5357.0
Jun 01 2020 22:,1591045200.0,0.067000000000000004,3488.0
Jun 01 2020 23:,1591048800.0,0.067000000000000004,3274.0
Jun 02 2020 00:,1591052400.0,0.051999999999999998,2917.0
Jun 02 2020 01:,1591056000.0,0.067000000000000004,1457.0
Jun 02 2020 02:,1591059600.0,0.053999999999999999,1321.0
Jun 02 2020 03:,1591063200.0,0.052999999999999999,2137.0
Jun 02 2020 04:,1591066800.0,0.052999999999999999,1613.0
Jun 02 2020 05:,1591070400.0,0.052999999999999999,1314.0
Jun 02 2020 06:,1591074000.0,0.052999999999999999,2098.0
Jun 02 2020 07:,1591077600.0,0.053999999999999999,1703.0
Jun 02 2020 08:,1591081200.0,0.053999999999999999,1796.0
Jun 02 2020 09:,1591084800.0,0.050000000000000003,1829.0
Jun 02 2020 10:,1591088400.0,0.051999999999999998,1939.0
Jun 02 2020 11:,1591092000.0,0.050000000000000003,1965.0
Jun 02 2020 12:,1591095600.0,0.049000000000000002,2567.0
Jun 02 2020 13:,1591099200.0,0.049000000000000002,2974.0
Jun 02 2020 14:,1591102800.0,0.049000000000000002,2850.0
Jun 02 2020 15:,1591106400.0,0.067000000000000004,4518.0
Jun 02 2020 16:,1591110000.0,0.049000000000000002,3023.0
Jun 02 2020 17:,1591113600.0,0.058000000000000003,3155.0
Jun 02 2020 18:,1591117200.0,0.067000000000000004,3457.0
Jun 02 2020 19:,1591120800.0,0.067000000000000004,3213.0
Jun 02 2020 20:,1591124400.0,0.067000000000000004,3140.0
Jun 02 2020 21:,1591128000.0,0.070000000000000007,5845.0
Jun 02 2020 22:,1591131600.0,0.067000000000000004,3466.0
Jun 02 2020 23:,1591135200.0,0.050999999999999997,2590.0
Jun 03 2020 00:,1591138800.0,0.049000000000000002,1772.0
Jun 03 2020 01:,1591142400.0,0.050000000000000003,1905.0
Jun 03 2020 02:,1591146000.0,0.070000000000000007,2369.0
Jun 03 2020 03:,1591149600.0,0.070000000000000007,4568.0
Jun 03 2020 04:,1591153200.0,0.058999999999999997,1195.0
Jun 03 2020 05:,1591156800.0,0.049000000000000002,819.0
Jun 03 2020 06:,1591160400.0,0.050000000000000003,1308.0
Jun 03 2020 07:,1591164000.0,0.067000000000000004,1389.0
Jun 03 2020 08:,1591167600.0,0.050999999999999997,1399.0
Jun 03 2020 09:,1591171200.0,0.067000000000000004,2705.0
Jun 03 2020 10:,1591174800.0,0.050000000000000003,1840.0
Jun 03 2020 11:,1591178400.0,0.048000000000000001,1830.0
Jun 03 2020 12:,1591182000.0,0.049000000000000002,2078.0
Jun 03 2020 13:,1591185600.0,0.049000000000000002,2439.0
Jun 03 2020 14:,1591189200.0,0.048000000000000001,2795.0
Jun 03 2020 15:,1591192800.0,0.049000000000000002,3032.0
Jun 03 2020 16:,1591196400.0,0.048000000000000001,2796.0
Jun 03 2020 17:,1591200000.0,0.049000000000000002,3130.0
Jun 03 2020 18:,1591203600.0,0.048000000000000001,2953.0
Jun 03 2020 19:,1591207200.0,0.049000000000000002,3984.0
Jun 03 2020 20:,1591210800.0,0.048000000000000001,3536.0
Jun 03 2020 21:,1591214400.0,0.067000000000000004,4588.0
Jun 03 2020 22:,1591218000.0,0.050000000000000003,2863.0
Jun 03 2020 23:,1591221600.0,0.050999999999999997,2465.0
Jun 04 2020 00:,1591225200.0,0.049000000000000002,1596.0
Jun 04 2020 01:,1591228800.0,0.048000000000000001,1455.0
Jun 04 2020 02:,1591232400.0,0.048000000000000001,1425.0
Jun 04 2020 03:,1591236000.0,0.049000000000000002,1523.0
Jun 04 2020 04:,1591239600.0,0.055,1546.0
Jun 04 2020 05:,1591243200.0,0.058999999999999997,1678.0
Jun 04 2020 06:,1591246800.0,0.050000000000000003,1229.0
Jun 04 2020 07:,1591250400.0,0.049000000000000002,1176.0
Jun 04 2020 08:,1591254000.0,0.050000000000000003,1721.0
Jun 04 2020 09:,1591257600.0,0.055,1832.0
Jun 04 2020 10:,1591261200.0,0.048000000000000001,1917.0
Jun 04 2020 11:,1591264800.0,0.055,2287.0
Jun 04 2020 12:,1591268400.0,0.055,5373.0
Jun 04 2020 13:,1591272000.0,0.067000000000000004,2904.0
Jun 04 2020 14:,1591275600.0,0.055,2407.0
Jun 04 2020 15:,1591279200.0,0.055,2182.0
Jun 04 2020 16:,1591282800.0,0.044999999999999998,2472.0
Jun 04 2020 17:,1591286400.0,0.048000000000000001,3812.0
Jun 04 2020 18:,1591290000.0,0.067000000000000004,3667.0
Jun 04 2020 19:,1591293600.0,0.067000000000000004,4121.0
Jun 04 2020 20:,1591297200.0,0.067000000000000004,4486.0
Jun 04 2020 21:,1591300800.0,0.067000000000000004,3679.0
Jun 04 2020 22:,1591304400.0,0.067000000000000004,3619.0
Jun 04 2020 23:,1591308000.0,0.067000000000000004,2832.0
Jun 05 2020 00:,1591311600.0,0.066000000000000003,1649.0
Jun 05 2020 01:,1591315200.0,0.067000000000000004,1618.0
Jun 05 2020 02:,1591318800.0,0.055,1093.0
Jun 05 2020 03:,1591322400.0,0.049000000000000002,1136.0
Jun 05 2020 04:,1591326000.0,0.067000000000000004,1660.0
Jun 05 2020 05:,1591329600.0,0.067000000000000004,1305.0
Jun 05 2020 06:,1591333200.0,0.051999999999999998,1110.0
Jun 05 2020 07:,1591336800.0,0.050000000000000003,992.0
Jun 05 2020 08:,1591340400.0,0.050999999999999997,1754.0
Jun 05 2020 09:,1591344000.0,0.051999999999999998,2076.0
Jun 05 2020 10:,1591347600.0,0.050000000000000003,1817.0
Jun 05 2020 11:,1591351200.0,0.049000000000000002,2804.0
Jun 05 2020 12:,1591354800.0,0.049000000000000002,3189.0
Jun 05 2020 13:,1591358400.0,0.051999999999999998,3218.0
Jun 05 2020 14:,1591362000.0,0.062,3163.0
Jun 05 2020 15:,1591365600.0,0.067000000000000004,3025.0
Jun 05 2020 16:,1591369200.0,0.067000000000000004,3044.0
Jun 05 2020 17:,1591372800.0,0.063,3264.0
Jun 05 2020 18:,1591376400.0,0.067000000000000004,3199.0
Jun 05 2020 19:,1591380000.0,0.067000000000000004,3321.0
Jun 05 2020 20:,1591383600.0,0.067000000000000004,4075.0
Jun 05 2020 21:,1591387200.0,0.068000000000000005,3238.0
Jun 05 2020 22:,1591390800.0,0.050999999999999997,2859.0
Jun 05 2020 23:,1591394400.0,0.063,3731.0
Jun 06 2020 00:,1591398000.0,0.050000000000000003,1723.0
Jun 06 2020 01:,1591401600.0,0.050000000000000003,1579.0
Jun 06 2020 02:,1591405200.0,0.067000000000000004,2317.0
Jun 06 2020 03:,1591408800.0,0.050999999999999997,1286.0
Jun 06 2020 04:,1591412400.0,0.050000000000000003,1231.0
Jun 06 2020 05:,1591416000.0,0.050000000000000003,1363.0
Jun 06 2020 06:,1591419600.0,0.050000000000000003,1091.0
Jun 06 2020 07:,1591423200.0,0.068000000000000005,1943.0
Jun 06 2020 08:,1591426800.0,0.050000000000000003,1297.0
Jun 06 2020 09:,1591430400.0,0.050999999999999997,2143.0
Jun 06 2020 10:,1591434000.0,0.050999999999999997,2209.0
Jun 06 2020 11:,1591437600.0,0.063,2853.0
Jun 06 2020 12:,1591441200.0,0.050999999999999997,2740.0
Jun 06 2020 13:,1591444800.0,0.051999999999999998,3116.0
Jun 06 2020 14:,1591448400.0,0.050999999999999997,2920.0
Jun 06 2020 15:,1591452000.0,0.051999999999999998,2506.0
Jun 06 2020 16:,1591455600.0,0.050999999999999997,2876.0
Jun 06 2020 17:,1591459200.0,0.050000000000000003,3040.0
Jun 06 2020 18:,1591462800.0,0.050000000000000003,3242.0
Jun 06 2020 19:,1591466400.0,0.049000000000000002,2832.0
Jun 06 2020 20:,1591470000.0,0.049000000000000002,3248.0
Jun 06 2020 21:,1591473600.0,0.049000000000000002,3074.0
Jun 06 2020 22:,1591477200.0,0.049000000000000002,2932.0
Jun 06 2020 23:,1591480800.0,0.049000000000000002,2428.0
Jun 07 2020 00:,1591484400.0,0.050000000000000003,1959.0
Jun 07 2020 01:,1591488000.0,0.048000000000000001,1574.0
Jun 07 2020 02:,1591491600.0,0.048000000000000001,1334.0
Jun 07 2020 03:,1591495200.0,0.049000000000000002,1434.0
Jun 07 2020 04:,1591498800.0,0.049000000000000002,1308.0
Jun 07 2020 05:,1591502400.0,0.048000000000000001,992.0
Jun 07 2020 06:,1591506000.0,0.049000000000000002,1530.0
Jun 07 2020 07:,1591509600.0,0.068000000000000005,3509.0
Jun 07 2020 08:,1591513200.0,0.051999999999999998,3691.0
Jun 07 2020 09:,1591516800.0,0.051999999999999998,2232.0
Jun 07 2020 10:,1591520400.0,0.050999999999999997,1809.0
Jun 07 2020 11:,1591524000.0,0.051999999999999998,2131.0
Jun 07 2020 12:,1591527600.0,0.050000000000000003,3322.0
Jun 07 2020 13:,1591531200.0,0.050000000000000003,3192.0
Jun 07 2020 14:,1591534800.0,0.049000000000000002,4449.0
Jun 07 2020 15:,1591538400.0,0.050999999999999997,4054.0
Jun 07 2020 16:,1591542000.0,0.048000000000000001,2862.0
Jun 07 2020 17:,1591545600.0,0.063,4005.0
Jun 07 2020 18:,1591549200.0,0.068000000000000005,3216.0
Jun 07 2020 19:,1591552800.0,0.068000000000000005,3201.0
Jun 07 2020 20:,1591556400.0,0.051999999999999998,3176.0
Jun 07 2020 21:,1591560000.0,0.068000000000000005,3967.0
Jun 07 2020 22:,1591563600.0,0.051999999999999998,3011.0
Jun 07 2020 23:,1591567200.0,0.050000000000000003,2147.0
Jun 08 2020 00:,1591570800.0,0.051999999999999998,2121.0
Jun 08 2020 01:,1591574400.0,0.049000000000000002,1479.0
Jun 08 2020 02:,1591578000.0,0.068000000000000005,2122.0
Jun 08 2020 03:,1591581600.0,0.050999999999999997,1170.0
Jun 08 2020 04:,1591585200.0,0.049000000000000002,1027.0
Jun 08 2020 05:,1591588800.0,0.049000000000000002,1028.0
Jun 08 2020 06:,1591592400.0,0.049000000000000002,1278.0
Jun 08 2020 07:,1591596000.0,0.050000000000000003,1590.0
Jun 08 2020 08:,1591599600.0,0.068000000000000005,2027.0
Jun 08 2020 09:,1591603200.0,0.050000000000000003,1858.0
Jun 08 2020 10:,1591606800.0,0.050999999999999997,2349.0
Jun 08 2020 11:,1591610400.0,0.049000000000000002,1693.0
Jun 08 2020 12:,1591614000.0,0.051999999999999998,2864.0
Jun 08 2020 13:,1591617600.0,0.049000000000000002,1982.0
