Feb 18 2016 01:,1455757200,4.366,189083
Feb 19 2016 01:,1455843600,2.228,175047
Feb 20 2016 01:,1455930000,2.35,118703
Feb 21 2016 01:,1456016400,2.335,78181
Feb 22 2016 01:,1456102800,2.644,49721
Feb 23 2016 01:,1456189200,2.677,40393
Feb 24 2016 01:,1456275600,2.836,33586
Feb 25 2016 01:,1456362000,1.931,86522
Feb 26 2016 01:,1456448400,0.927,134999
Feb 27 2016 01:,1456534800,0.832,134130
Feb 28 2016 01:,1456621200,0.914,77318
Feb 29 2016 01:,1456707600,1.053,76131
Mar 01 2016 01:,1456794000,1.079,58973
Mar 02 2016 01:,1456880400,1.079,53228
Mar 03 2016 01:,1456966800,1.003,64325
Mar 04 2016 01:,1457053200,0.61,108019
Mar 05 2016 01:,1457139600,0.455,125282
Mar 06 2016 01:,1457226000,0.42,107069
Mar 07 2016 01:,1457312400,0.457,79584
Mar 08 2016 01:,1457398800,0.526,62970
Mar 09 2016 01:,1457485200,0.538,55778
Mar 10 2016 01:,1457571600,0.619,50209
Mar 11 2016 01:,1457658000,0.52,70478
Mar 12 2016 01:,1457744400,0.362,90155
Mar 13 2016 01:,1457830800,0.325,85601
Mar 14 2016 01:,1457917200,0.325,64116
Mar 15 2016 01:,1458003600,0.328,58899
Mar 16 2016 01:,1458090000,0.331,57000
Mar 17 2016 01:,1458176400,0.338,58283
Mar 18 2016 01:,1458262800,0.3,74363
Mar 19 2016 01:,1458349200,0.238,84708
Mar 20 2016 01:,1458435600,0.205,82872
Mar 21 2016 01:,1458522000,0.214,70355
Mar 22 2016 01:,1458608400,0.24,60313
Mar 23 2016 01:,1458694800,0.271,61887
Mar 24 2016 01:,1458781200,0.333,74444
Mar 25 2016 01:,1458867600,0.332,71567
Mar 26 2016 01:,1458954000,0.259,71730
Mar 27 2016 01:,1459036800,0.243,76586
Mar 28 2016 01:,1459123200,0.234,70162
Mar 29 2016 01:,1459209600,0.224,63819
Mar 30 2016 01:,1459296000,0.223,68754
Mar 31 2016 01:,1459382400,0.227,67943
Apr 01 2016 01:,1459468800,0.233,73510
Apr 02 2016 01:,1459555200,0.226,84824
Apr 03 2016 01:,1459641600,0.158,73276
Apr 04 2016 01:,1459728000,0.144,60296
Apr 05 2016 01:,1459814400,0.17,64860
Apr 06 2016 01:,1459900800,0.194,65388
Apr 07 2016 01:,1459987200,0.2,65736
Apr 08 2016 01:,1460073600,0.218,68060
Apr 09 2016 01:,1460160000,0.212,78362
Apr 10 2016 01:,1460246400,0.187,78505
Apr 11 2016 01:,1460332800,0.176,60387
Apr 12 2016 01:,1460419200,0.165,54766
Apr 13 2016 01:,1460505600,0.148,54961
Apr 14 2016 01:,1460592000,0.14,55136
Apr 15 2016 01:,1460678400,0.144,63130
Apr 16 2016 01:,1460764800,0.144,69207
Apr 17 2016 01:,1460851200,0.13,65406
Apr 18 2016 01:,1460937600,0.123,55813
Apr 19 2016 01:,1461024000,0.117,52790
Apr 20 2016 01:,1461110400,0.114,53705
Apr 21 2016 01:,1461196800,0.116,53161
Apr 22 2016 01:,1461283200,0.117,60716
Apr 23 2016 01:,1461369600,0.117,67027
Apr 24 2016 01:,1461456000,0.111,66871
Apr 25 2016 01:,1461542400,0.11,56907
Apr 26 2016 01:,1461628800,0.121,56543
Apr 27 2016 01:,1461715200,0.128,55771
Apr 28 2016 01:,1461801600,0.102,57856
Apr 29 2016 01:,1461888000,0.082,54188
Apr 30 2016 01:,1461974400,0.081,58698
May 01 2016 01:,1462060800,0.073,54456
May 02 2016 01:,1462147200,0.067,45378
May 03 2016 01:,1462233600,0.064,41670
May 04 2016 01:,1462320000,0.064,46128
May 05 2016 01:,1462406400,0.06,41008
May 06 2016 01:,1462492800,0.059,41819
May 07 2016 01:,1462579200,0.056,46801
May 08 2016 01:,1462665600,0.054,44460
May 09 2016 01:,1462752000,0.054,38662
May 10 2016 01:,1462838400,0.054,40955
May 11 2016 01:,1462924800,0.054,43168
May 12 2016 01:,1463011200,0.052,41926
May 13 2016 01:,1463097600,0.052,46669
May 14 2016 01:,1463184000,0.051,56396
May 15 2016 01:,1463270400,0.05,45963
May 16 2016 01:,1463356800,0.045,40192
May 17 2016 01:,1463443200,0.045,41607
May 18 2016 01:,1463529600,0.042,40868
May 19 2016 01:,1463616000,0.047,39389
May 20 2016 01:,1463702400,0.045,42638
May 21 2016 01:,1463788800,0.042,48839
May 22 2016 01:,1463875200,0.038,46391
May 23 2016 01:,1463961600,0.04,38122
May 24 2016 01:,1464048000,0.04,38360
May 25 2016 01:,1464134400,0.04,38211
May 26 2016 01:,1464220800,0.04,37590
May 27 2016 01:,1464307200,0.041,41685
May 28 2016 01:,1464393600,0.038,47392
May 29 2016 01:,1464480000,0.041,43530
May 30 2016 01:,1464566400,0.038,37336
May 31 2016 01:,1464652800,0.042,38837
Jun 01 2016 01:,1464739200,0.039,40449
Jun 02 2016 01:,1464825600,0.035,44484
Jun 03 2016 01:,1464912000,0.036,45335
Jun 04 2016 01:,1464998400,0.043,50608
Jun 05 2016 01:,1465084800,0.045,43879
Jun 06 2016 01:,1465171200,0.043,40776
Jun 07 2016 01:,1465257600,0.035,32644
Jun 08 2016 01:,1465344000,0.034,39746
Jun 09 2016 01:,1465430400,0.035,36069
Jun 10 2016 01:,1465516800,0.039,38399
Jun 11 2016 01:,1465603200,0.034,44938
Jun 12 2016 01:,1465689600,0.035,41627
Jun 13 2016 01:,1465776000,0.034,36265
Jun 14 2016 01:,1465862400,0.039,38033
Jun 15 2016 01:,1465948800,0.035,41649
Jun 16 2016 01:,1466035200,0.039,46773
Jun 17 2016 01:,1466121600,0.034,46129
Jun 18 2016 01:,1466208000,0.034,45642
Jun 19 2016 01:,1466294400,0.035,44369
Jun 20 2016 01:,1466380800,0.033,39736
Jun 21 2016 01:,1466467200,0.034,35649
Jun 22 2016 01:,1466553600,0.033,39537
Jun 23 2016 01:,1466640000,0.031,40402
Jun 24 2016 01:,1466726400,0.031,40698
Jun 25 2016 01:,1466812800,0.03,39320
Jun 26 2016 01:,1466899200,0.03,37914
Jun 27 2016 01:,1466985600,0.03,35524
Jun 28 2016 01:,1467072000,0.03,32278
Jun 29 2016 01:,1467158400,0.03,47817
Jun 30 2016 01:,1467244800,0.03,33442
Jul 01 2016 01:,1467331200,0.03,32090
Jul 02 2016 01:,1467417600,0.03,32956
Jul 03 2016 01:,1467504000,0.03,30963
Jul 04 2016 01:,1467590400,0.03,32046
Jul 05 2016 01:,1467676800,0.03,30905
Jul 06 2016 01:,1467763200,0.03,32182
Jul 07 2016 01:,1467849600,0.03,28579
Jul 08 2016 01:,1467936000,0.03,29476
Jul 09 2016 01:,1468022400,0.03,31148
Jul 10 2016 01:,1468108800,0.03,37232
Jul 11 2016 01:,1468195200,0.03,26322
Jul 12 2016 01:,1468281600,0.03,28667
Jul 13 2016 01:,1468368000,0.03,25125
Jul 14 2016 01:,1468454400,0.03,29626
Jul 15 2016 01:,1468540800,0.03,29193
Jul 16 2016 01:,1468627200,0.03,39746
Jul 17 2016 01:,1468713600,0.03,28262
Jul 18 2016 01:,1468800000,0.03,29318
Jul 19 2016 01:,1468886400,0.03,26916
Jul 20 2016 01:,1468972800,0.03,24302
Jul 21 2016 01:,1469059200,0.03,20730
Jul 22 2016 01:,1469145600,0.03,27354
Jul 23 2016 01:,1469232000,0.03,24802
Jul 24 2016 01:,1469318400,0.03,23014
Jul 25 2016 01:,1469404800,0.03,24108
Jul 26 2016 01:,1469491200,0.03,22605
Jul 27 2016 01:,1469577600,0.03,30104
Jul 28 2016 01:,1469664000,0.03,34053
Jul 29 2016 01:,1469750400,0.03,28284
Jul 30 2016 01:,1469836800,0.03,29450
Jul 31 2016 01:,1469923200,0.03,30425
Aug 01 2016 01:,1470009600,0.03,26226
Aug 02 2016 01:,1470096000,0.03,26955
Aug 03 2016 01:,1470182400,0.03,28400
Aug 04 2016 01:,1470268800,0.03,24395
Aug 05 2016 01:,1470355200,0.03,22309
Aug 06 2016 01:,1470441600,0.03,26076
Aug 07 2016 01:,1470528000,0.03,23568
Aug 08 2016 01:,1470614400,0.03,22261
Aug 09 2016 01:,1470700800,0.03,23456
Aug 10 2016 01:,1470787200,0.03,23309
Aug 11 2016 01:,1470873600,0.03,22619
Aug 12 2016 01:,1470960000,0.03,20286
Aug 13 2016 01:,1471046400,0.03,22399
Aug 14 2016 01:,1471132800,0.03,23140
Aug 15 2016 01:,1471219200,0.03,22506
Aug 16 2016 01:,1471305600,0.03,26075
Aug 17 2016 01:,1471392000,0.03,22821
Aug 18 2016 01:,1471478400,0.03,20655
Aug 19 2016 01:,1471564800,0.03,27100
Aug 20 2016 01:,1471651200,0.03,27591
Aug 21 2016 01:,1471737600,0.03,28164
Aug 22 2016 01:,1471824000,0.03,29720
Aug 23 2016 01:,1471910400,0.03,25046
Aug 24 2016 01:,1471996800,0.03,24818
Aug 25 2016 01:,1472083200,0.03,26661
Aug 26 2016 01:,1472169600,0.03,24671
Aug 27 2016 01:,1472256000,0.03,27150
Aug 28 2016 01:,1472342400,0.03,27643
Aug 29 2016 01:,1472428800,0.03,26247
Aug 30 2016 01:,1472515200,0.03,24866
Aug 31 2016 01:,1472601600,0.03,26875
Sep 01 2016 01:,1472688000,0.03,25550
Sep 02 2016 01:,1472774400,0.03,22051
Sep 03 2016 01:,1472860800,0.03,27153
Sep 04 2016 01:,1472947200,0.03,27046
Sep 05 2016 01:,1473033600,0.03,24929
Sep 06 2016 01:,1473120000,0.03,21589
Sep 07 2016 01:,1473206400,0.03,22669
Sep 08 2016 01:,1473292800,0.03,23005
Sep 09 2016 01:,1473379200,0.03,26173
Sep 10 2016 01:,1473465600,0.03,27328
Sep 11 2016 01:,1473552000,0.03,29944
Sep 12 2016 01:,1473638400,0.03,22811
Sep 13 2016 01:,1473724800,0.03,25445
Sep 14 2016 01:,1473811200,0.03,21276
Sep 15 2016 01:,1473897600,0.03,22706
Sep 16 2016 01:,1473984000,0.03,26390
Sep 17 2016 01:,1474070400,0.03,28103
Sep 18 2016 01:,1474156800,0.03,32326
Sep 19 2016 01:,1474243200,0.03,23968
Sep 20 2016 01:,1474329600,0.03,25555
Sep 21 2016 01:,1474416000,0.03,24514
Sep 22 2016 01:,1474502400,0.03,25827
Sep 23 2016 01:,1474588800,0.03,26294
Sep 24 2016 01:,1474675200,0.03,28835
Sep 25 2016 01:,1474761600,0.03,29172
Sep 26 2016 01:,1474848000,0.03,22784
Sep 27 2016 01:,1474934400,0.03,24363
Sep 28 2016 01:,1475020800,0.03,21893
Sep 29 2016 01:,1475107200,0.03,22483
Sep 30 2016 01:,1475193600,0.03,23863
Oct 01 2016 01:,1475280000,0.03,28099
Oct 02 2016 01:,1475366400,0.03,28911
Oct 03 2016 01:,1475452800,0.03,25634
Oct 04 2016 01:,1475539200,0.03,28765
Oct 05 2016 01:,1475625600,0.03,26511
Oct 06 2016 01:,1475712000,0.03,26402
Oct 07 2016 01:,1475798400,0.03,32179
Oct 08 2016 01:,1475884800,0.03,26640
Oct 09 2016 01:,1475971200,0.03,29715
Oct 10 2016 01:,1476057600,0.03,22167
Oct 11 2016 01:,1476144000,0.03,28694
Oct 12 2016 01:,1476230400,0.03,22519
Oct 13 2016 01:,1476316800,0.03,22828
Oct 14 2016 01:,1476403200,0.03,25516
Oct 15 2016 01:,1476489600,0.03,26037
Oct 16 2016 01:,1476576000,0.03,32953
Oct 17 2016 01:,1476662400,0.03,22721
Oct 18 2016 01:,1476748800,0.03,21424
Oct 19 2016 01:,1476835200,0.03,23402
Oct 20 2016 01:,1476921600,0.03,25731
Oct 21 2016 01:,1477008000,0.03,26692
Oct 22 2016 01:,1477094400,0.03,26213
Oct 23 2016 01:,1477180800,0.03,30692
Oct 24 2016 01:,1477267200,0.03,26935
Oct 25 2016 01:,1477353600,0.03,22965
Oct 26 2016 01:,1477440000,0.03,26435
Oct 27 2016 01:,1477526400,0.03,22808
Oct 28 2016 01:,1477612800,0.03,26798
Oct 29 2016 01:,1477699200,0.03,29231
Oct 30 2016 01:,1477789200,0.03,32743
Oct 31 2016 01:,1477875600,0.03,32183
Nov 01 2016 01:,1477962000,0.03,31696
Nov 02 2016 01:,1478048400,0.03,27694
Nov 03 2016 01:,1478134800,0.03,22976
Nov 04 2016 01:,1478221200,0.03,26616
Nov 05 2016 01:,1478307600,0.03,31656
Nov 06 2016 01:,1478394000,0.03,28636
Nov 07 2016 01:,1478480400,0.03,31797
Nov 08 2016 01:,1478566800,0.03,26742
Nov 09 2016 01:,1478653200,0.03,39339
Nov 10 2016 01:,1478739600,0.03,37255
Nov 11 2016 01:,1478826000,0.03,39928
Nov 12 2016 01:,1478912400,0.03,44935
Nov 13 2016 01:,1478998800,0.03,41655
Nov 14 2016 01:,1479085200,0.03,37676
Nov 15 2016 01:,1479171600,0.03,32302
Nov 16 2016 01:,1479258000,0.03,30391
Nov 17 2016 01:,1479344400,0.03,34136
Nov 18 2016 01:,1479430800,0.03,31531
Nov 19 2016 01:,1479517200,0.03,35682
Nov 20 2016 01:,1479603600,0.03,41153
Nov 21 2016 01:,1479690000,0.03,33609
Nov 22 2016 01:,1479776400,0.03,33844
Nov 23 2016 01:,1479862800,0.03,30299
Nov 24 2016 01:,1479949200,0.03,31595
Nov 25 2016 01:,1480035600,0.03,35586
Nov 26 2016 01:,1480122000,0.03,38191
Nov 27 2016 01:,1480208400,0.03,40629
Nov 28 2016 01:,1480294800,0.03,35651
Nov 29 2016 01:,1480381200,0.03,39159
Nov 30 2016 01:,1480467600,0.03,33288
Dec 01 2016 01:,1480554000,0.03,39164
Dec 02 2016 01:,1480640400,0.03,38799
Dec 03 2016 01:,1480726800,0.03,36864
Dec 04 2016 01:,1480813200,0.03,38955
Dec 05 2016 01:,1480899600,0.03,36109
Dec 06 2016 01:,1480986000,0.03,36557
Dec 07 2016 01:,1481072400,0.03,31897
Dec 08 2016 01:,1481158800,0.03,34480
Dec 09 2016 01:,1481245200,0.03,23012
Dec 10 2016 01:,1481331600,0.03,27836
Dec 11 2016 01:,1481418000,0.03,31171
Dec 12 2016 01:,1481504400,0.03,28029
Dec 13 2016 01:,1481590800,0.03,26958
Dec 14 2016 01:,1481677200,0.03,27824
Dec 15 2016 01:,1481763600,0.03,34092
Dec 16 2016 01:,1481850000,0.03,24920
Dec 17 2016 01:,1481936400,0.03,38487
Dec 18 2016 01:,1482022800,0.03,30350
Dec 19 2016 01:,1482109200,0.03,27595
Dec 20 2016 01:,1482195600,0.03,32056
Dec 21 2016 01:,1482282000,0.03,21422
Dec 22 2016 01:,1482368400,0.03,27762
Dec 23 2016 01:,1482454800,0.03,21291
Dec 24 2016 01:,1482541200,0.03,30448
Dec 25 2016 01:,1482627600,0.03,31576
Dec 26 2016 01:,1482714000,0.03,35043
Dec 27 2016 01:,1482800400,0.03,33895
Dec 28 2016 01:,1482886800,0.03,27355
Dec 29 2016 01:,1482973200,0.03,26024
Dec 30 2016 01:,1483059600,0.03,30541
Dec 31 2016 01:,1483146000,0.03,23679
Jan 01 2017 01:,1483232400,0.03,24504
Jan 02 2017 01:,1483318800,0.03,35902
Jan 03 2017 01:,1483405200,0.03,24554
Jan 04 2017 01:,1483491600,0.03,22350
Jan 05 2017 01:,1483578000,0.03,23150
Jan 06 2017 01:,1483664400,0.03,22566
Jan 07 2017 01:,1483750800,0.03,28178
Jan 08 2017 01:,1483837200,0.03,31436
Jan 09 2017 01:,1483923600,0.03,27424
Jan 10 2017 01:,1484010000,0.03,25409
Jan 11 2017 01:,1484096400,0.03,22811
Jan 12 2017 01:,1484182800,0.03,22492
Jan 13 2017 01:,1484269200,0.03,24380
Jan 14 2017 01:,1484355600,0.03,30231
Jan 15 2017 01:,1484442000,0.03,24854
Jan 16 2017 01:,1484528400,0.03,23260
Jan 17 2017 01:,1484614800,0.03,24136
Jan 18 2017 01:,1484701200,0.03,25770
Jan 19 2017 01:,1484787600,0.03,26293
Jan 20 2017 01:,1484874000,0.03,18541
Jan 21 2017 01:,1484960400,0.03,23784
Jan 22 2017 01:,1485046800,0.03,23967
Jan 23 2017 01:,1485133200,0.03,18999
Jan 24 2017 01:,1485219600,0.03,20262
Jan 25 2017 01:,1485306000,0.03,24906
Jan 26 2017 01:,1485392400,0.03,21579
Jan 27 2017 01:,1485478800,0.03,21314
Jan 28 2017 01:,1485565200,0.03,22517
Jan 29 2017 01:,1485651600,0.03,24529
Jan 30 2017 01:,1485738000,0.03,24565
Jan 31 2017 01:,1485824400,0.03,20293
Feb 01 2017 01:,1485910800,0.03,18523
Feb 02 2017 01:,1485997200,0.03,21756
Feb 03 2017 01:,1486083600,0.03,20277
Feb 04 2017 01:,1486170000,0.03,25332
Feb 05 2017 01:,1486256400,0.03,26743
Feb 06 2017 01:,1486342800,0.03,23702
Feb 07 2017 01:,1486429200,0.03,24337
Feb 08 2017 01:,1486515600,0.03,21902
Feb 09 2017 01:,1486602000,0.03,20998
Feb 10 2017 01:,1486688400,0.03,25218
Feb 11 2017 01:,1486774800,0.03,25897
Feb 12 2017 01:,1486861200,0.03,28740
Feb 13 2017 01:,1486947600,0.03,24410
Feb 14 2017 01:,1487034000,0.03,20253
Feb 15 2017 01:,1487120400,0.03,18302
Feb 16 2017 01:,1487206800,0.03,17320
Feb 17 2017 01:,1487293200,0.03,18083
Feb 18 2017 01:,1487379600,0.03,23285
Feb 19 2017 01:,1487466000,0.03,28619
Feb 20 2017 01:,1487552400,0.03,18612
Feb 21 2017 01:,1487638800,0.03,19856
Feb 22 2017 01:,1487725200,0.03,17955
Feb 23 2017 01:,1487811600,0.03,21436
Feb 24 2017 01:,1487898000,0.03,20708
Feb 25 2017 01:,1487984400,0.03,24207
Feb 26 2017 01:,1488070800,0.03,22802
Feb 27 2017 01:,1488157200,0.03,17455
Feb 28 2017 01:,1488243600,0.03,20497
Mar 01 2017 01:,1488330000,0.03,24031
Mar 02 2017 01:,1488416400,0.03,18424
Mar 03 2017 01:,1488502800,0.03,19022
Mar 04 2017 01:,1488589200,0.03,17448
Mar 05 2017 01:,1488675600,0.03,19313
Mar 06 2017 01:,1488762000,0.03,15007
Mar 07 2017 01:,1488848400,0.03,16055
Mar 08 2017 01:,1488934800,0.03,20194
Mar 09 2017 01:,1489021200,0.03,13844
Mar 10 2017 01:,1489107600,0.03,14606
Mar 11 2017 01:,1489194000,0.03,38836
Mar 12 2017 01:,1489280400,0.03,18350
Mar 13 2017 01:,1489366800,0.03,14940
Mar 14 2017 01:,1489453200,0.03,13461
Mar 15 2017 01:,1489539600,0.03,15893
Mar 16 2017 01:,1489626000,0.03,14043
Mar 17 2017 01:,1489712400,0.03,16366
Mar 18 2017 01:,1489798800,0.03,21994
Mar 19 2017 01:,1489885200,0.03,19968
Mar 20 2017 01:,1489971600,0.03,19375
Mar 21 2017 01:,1490058000,0.03,25448
Mar 22 2017 01:,1490144400,0.03,19867
Mar 23 2017 01:,1490230800,0.03,13278
Mar 24 2017 01:,1490317200,0.03,16861
Mar 25 2017 01:,1490403600,0.03,21297
Mar 26 2017 01:,1490486400,0.03,21003
Mar 27 2017 01:,1490572800,0.03,18869
Mar 28 2017 01:,1490659200,0.03,18563
Mar 29 2017 01:,1490745600,0.03,17793
Mar 30 2017 01:,1490832000,0.03,17038
Mar 31 2017 01:,1490918400,0.03,16299
Apr 01 2017 01:,1491004800,0.03,14995
Apr 02 2017 01:,1491091200,0.03,17005
Apr 03 2017 01:,1491177600,0.03,14006
Apr 04 2017 01:,1491264000,0.03,14204
Apr 05 2017 01:,1491350400,0.03,13466
Apr 06 2017 01:,1491436800,0.03,14022
Apr 07 2017 01:,1491523200,0.03,15269
Apr 08 2017 01:,1491609600,0.03,17709
Apr 09 2017 01:,1491696000,0.03,21410
Apr 10 2017 01:,1491782400,0.03,16408
Apr 11 2017 01:,1491868800,0.03,15977
Apr 12 2017 01:,1491955200,0.03,15480
Apr 13 2017 01:,1492041600,0.03,15186
Apr 14 2017 01:,1492128000,0.03,15668
Apr 15 2017 01:,1492214400,0.03,16929
Apr 16 2017 01:,1492300800,0.03,18285
Apr 17 2017 01:,1492387200,0.03,20381
Apr 18 2017 01:,1492473600,0.03,16222
Apr 19 2017 01:,1492560000,0.03,16746
Apr 20 2017 01:,1492646400,0.03,17683
Apr 21 2017 01:,1492732800,0.03,15052
Apr 22 2017 01:,1492819200,0.03,19117
Apr 23 2017 01:,1492905600,0.03,20586
Apr 24 2017 01:,1492992000,0.03,16670
Apr 25 2017 01:,1493078400,0.03,15615
Apr 26 2017 01:,1493164800,0.03,17790
Apr 27 2017 01:,1493251200,0.03,15639
Apr 28 2017 01:,1493337600,0.03,15231
Apr 29 2017 01:,1493424000,0.03,14560
Apr 30 2017 01:,1493510400,0.03,16533
May 01 2017 01:,1493596800,0.03,14995
May 02 2017 01:,1493683200,0.03,16876
May 03 2017 01:,1493769600,0.03,15491
May 04 2017 01:,1493856000,0.03,14322
May 05 2017 01:,1493942400,0.03,22648
May 06 2017 01:,1494028800,0.03,18113
May 07 2017 01:,1494115200,0.03,15036
May 08 2017 01:,1494201600,0.03,15432
May 09 2017 01:,1494288000,0.03,15709
May 10 2017 01:,1494374400,0.03,12414
May 11 2017 01:,1494460800,0.03,14029
May 12 2017 01:,1494547200,0.03,15757
May 13 2017 01:,1494633600,0.03,17403
May 14 2017 01:,1494720000,0.03,16537
May 15 2017 01:,1494806400,0.03,12567
May 16 2017 01:,1494892800,0.03,10765
May 17 2017 01:,1494979200,0.03,9485
May 18 2017 01:,1495065600,0.03,10692
May 19 2017 01:,1495152000,0.03,10277
May 20 2017 01:,1495238400,0.03,12933
May 21 2017 01:,1495324800,0.03,11248
May 22 2017 01:,1495411200,0.03,12678
May 23 2017 01:,1495497600,0.03,13327
May 24 2017 01:,1495584000,0.03,13864
May 25 2017 01:,1495670400,0.03,12433
May 26 2017 01:,1495756800,0.03,14193
May 27 2017 01:,1495843200,0.03,13876
May 28 2017 01:,1495929600,0.03,13706
May 29 2017 01:,1496016000,0.03,14523
May 30 2017 01:,1496102400,0.03,11785
May 31 2017 01:,1496188800,0.03,11365
Jun 01 2017 01:,1496275200,0.03,11743
Jun 02 2017 01:,1496361600,0.03,12415
Jun 03 2017 01:,1496448000,0.03,15717
Jun 04 2017 01:,1496534400,0.03,17775
Jun 05 2017 01:,1496620800,0.03,13089
Jun 06 2017 01:,1496707200,0.03,14255
Jun 07 2017 01:,1496793600,0.03,13888
Jun 08 2017 01:,1496880000,0.03,11131
Jun 09 2017 01:,1496966400,0.03,12293
Jun 10 2017 01:,1497052800,0.03,11950
Jun 11 2017 01:,1497139200,0.03,14153
Jun 12 2017 01:,1497225600,0.03,10814
Jun 13 2017 01:,1497312000,0.03,9610
Jun 14 2017 01:,1497398400,0.03,9244
Jun 15 2017 01:,1497484800,0.03,13603
Jun 16 2017 01:,1497571200,0.03,11513
Jun 17 2017 01:,1497657600,0.03,13058
Jun 18 2017 01:,1497744000,0.03,10829
Jun 19 2017 01:,1497830400,0.03,10201
Jun 20 2017 01:,1497916800,0.03,9086
Jun 21 2017 01:,1498003200,0.03,10084
Jun 22 2017 01:,1498089600,0.03,9757
Jun 23 2017 01:,1498176000,0.03,10060
Jun 24 2017 01:,1498262400,0.03,11002
Jun 25 2017 01:,1498348800,0.03,10548
Jun 26 2017 01:,1498435200,0.03,9376
Jun 27 2017 01:,1498521600,0.03,10324
Jun 28 2017 01:,1498608000,0.03,9016
Jun 29 2017 01:,1498694400,0.03,9841
Jun 30 2017 01:,1498780800,0.03,9362
Jul 01 2017 01:,1498867200,0.03,10272
Jul 02 2017 01:,1498953600,0.03,12033
Jul 03 2017 01:,1499040000,0.03,10282
Jul 04 2017 01:,1499126400,0.03,11276
Jul 05 2017 01:,1499212800,0.03,8457
Jul 06 2017 01:,1499299200,0.03,10810
Jul 07 2017 01:,1499385600,0.03,9248
Jul 08 2017 01:,1499472000,0.03,8290
Jul 09 2017 01:,1499558400,0.03,9804
Jul 10 2017 01:,1499644800,0.03,10252
Jul 11 2017 01:,1499731200,0.03,9824
Jul 12 2017 01:,1499817600,0.03,11857
Jul 13 2017 01:,1499904000,0.03,9477
Jul 14 2017 01:,1499990400,0.03,13312
Jul 15 2017 01:,1500076800,0.03,11132
Jul 16 2017 01:,1500163200,0.03,10696
Jul 17 2017 01:,1500249600,0.03,11175
Jul 18 2017 01:,1500336000,0.03,12963
Jul 19 2017 01:,1500422400,0.03,11208
Jul 20 2017 01:,1500508800,0.03,13998
Jul 21 2017 01:,1500595200,0.03,13044
Jul 22 2017 01:,1500681600,0.03,10102
Jul 23 2017 01:,1500768000,0.03,16987
Jul 24 2017 01:,1500854400,0.03,9821
Jul 25 2017 01:,1500940800,0.03,12192
Jul 26 2017 01:,1501027200,0.03,11885
Jul 27 2017 01:,1501113600,0.03,14694
Jul 28 2017 01:,1501200000,0.03,12257
Jul 29 2017 01:,1501286400,0.03,12050
Jul 30 2017 01:,1501372800,0.03,10740
Jul 31 2017 01:,1501459200,0.03,15828
Aug 01 2017 01:,1501545600,0.03,17017
Aug 02 2017 01:,1501632000,0.03,12981
Aug 03 2017 01:,1501718400,0.03,14032
Aug 04 2017 01:,1501804800,0.03,12728
Aug 05 2017 01:,1501891200,0.03,10320
Aug 06 2017 01:,1501977600,0.03,13044
Aug 07 2017 01:,1502064000,0.03,13923
Aug 08 2017 01:,1502150400,0.03,12957
Aug 09 2017 01:,1502236800,0.03,20590
Aug 10 2017 01:,1502323200,0.03,14826
Aug 11 2017 01:,1502409600,0.03,14916
Aug 12 2017 01:,1502496000,0.03,12064
Aug 13 2017 01:,1502582400,0.03,13885
Aug 14 2017 01:,1502668800,0.03,10445
Aug 15 2017 01:,1502755200,0.03,10184
Aug 16 2017 01:,1502841600,0.03,11510
Aug 17 2017 01:,1502928000,0.03,10844
Aug 18 2017 01:,1503014400,0.03,11164
Aug 19 2017 01:,1503100800,0.03,14340
Aug 20 2017 01:,1503187200,0.03,9888
Aug 21 2017 01:,1503273600,0.03,11240
Aug 22 2017 01:,1503360000,0.03,9855
Aug 23 2017 01:,1503446400,0.03,8151
Aug 24 2017 01:,1503532800,0.03,11022
Aug 25 2017 01:,1503619200,0.03,8988
Aug 26 2017 01:,1503705600,0.03,9419
Aug 27 2017 01:,1503792000,0.03,8970
Aug 28 2017 01:,1503878400,0.03,7428
Aug 29 2017 01:,1503964800,0.03,9350
Aug 30 2017 01:,1504051200,0.03,8146
Aug 31 2017 01:,1504137600,0.03,6743
Sep 01 2017 01:,1504224000,0.03,10683
Sep 02 2017 01:,1504310400,0.03,10923
Sep 03 2017 01:,1504396800,0.03,8446
Sep 04 2017 01:,1504483200,0.03,8663
Sep 05 2017 01:,1504569600,0.03,6906
Sep 06 2017 01:,1504656000,0.03,7487
Sep 07 2017 01:,1504742400,0.03,6722
Sep 08 2017 01:,1504828800,0.03,8912
Sep 09 2017 01:,1504915200,0.03,8308
Sep 10 2017 01:,1505001600,0.03,7165
Sep 11 2017 01:,1505088000,0.03,6472
Sep 12 2017 01:,1505174400,0.03,7796
Sep 13 2017 01:,1505260800,0.03,6870
Sep 14 2017 01:,1505347200,0.03,8288
Sep 15 2017 01:,1505433600,0.03,7962
Sep 16 2017 01:,1505520000,0.03,11047
Sep 17 2017 01:,1505606400,0.03,10499
Sep 18 2017 01:,1505692800,0.03,8855
Sep 19 2017 01:,1505779200,0.03,6523
Sep 20 2017 01:,1505865600,0.03,8072
Sep 21 2017 01:,1505952000,0.03,6559
Sep 22 2017 01:,1506038400,0.03,7045
Sep 23 2017 01:,1506124800,0.03,8298
Sep 24 2017 01:,1506211200,0.03,8294
Sep 25 2017 01:,1506297600,0.03,6117
Sep 26 2017 01:,1506384000,0.03,5379
Sep 27 2017 01:,1506470400,0.03,8795
Sep 28 2017 01:,1506556800,0.03,10801
Sep 29 2017 01:,1506643200,0.03,6455
Sep 30 2017 01:,1506729600,0.03,10116
Oct 01 2017 01:,1506816000,0.03,7944
Oct 02 2017 01:,1506902400,0.03,8187
Oct 03 2017 01:,1506988800,0.03,8827
Oct 04 2017 01:,1507075200,0.03,6192
Oct 05 2017 01:,1507161600,0.03,8512
Oct 06 2017 01:,1507248000,0.03,11346
Oct 07 2017 01:,1507334400,0.03,7452
Oct 08 2017 01:,1507420800,0.03,7938
Oct 09 2017 01:,1507507200,0.03,6635
Oct 10 2017 01:,1507593600,0.03,6938
Oct 11 2017 01:,1507680000,0.03,7395
Oct 12 2017 01:,1507766400,0.03,6970
Oct 13 2017 01:,1507852800,0.03,9545
Oct 14 2017 01:,1507939200,0.03,6520
Oct 15 2017 01:,1508025600,0.03,10114
Oct 16 2017 01:,1508112000,0.03,8149
Oct 17 2017 01:,1508198400,0.03,7678
Oct 18 2017 01:,1508284800,0.03,6908
Oct 19 2017 01:,1508371200,0.03,7239
Oct 20 2017 01:,1508457600,0.03,6157
Oct 21 2017 01:,1508544000,0.03,9112
Oct 22 2017 01:,1508630400,0.03,8027
Oct 23 2017 01:,1508716800,0.03,7591
Oct 24 2017 01:,1508803200,0.03,6737
Oct 25 2017 01:,1508889600,0.03,7390
Oct 26 2017 01:,1508976000,0.03,5401
Oct 27 2017 01:,1509062400,0.03,9838
Oct 28 2017 01:,1509148800,0.03,5931
Oct 29 2017 01:,1509238800,0.03,12165
Oct 30 2017 01:,1509325200,0.03,7466
Oct 31 2017 01:,1509411600,0.03,6743
Nov 01 2017 01:,1509498000,0.03,6393
Nov 02 2017 01:,1509584400,0.03,7487
Nov 03 2017 01:,1509670800,0.03,5216
Nov 04 2017 01:,1509757200,0.03,7321
Nov 05 2017 01:,1509843600,0.03,7972
Nov 06 2017 01:,1509930000,0.03,7061
Nov 07 2017 01:,1510016400,0.03,8038
Nov 08 2017 01:,1510102800,0.03,4490
Nov 09 2017 01:,1510189200,0.03,5212
Nov 10 2017 01:,1510275600,0.03,10385
Nov 11 2017 01:,1510362000,0.03,6453
Nov 12 2017 01:,1510448400,0.03,9359
Nov 13 2017 01:,1510534800,0.03,7460
Nov 14 2017 01:,1510621200,0.03,7113
Nov 15 2017 01:,1510707600,0.03,11222
Nov 16 2017 01:,1510794000,0.03,6415
Nov 17 2017 01:,1510880400,0.03,6919
Nov 18 2017 01:,1510966800,0.03,7400
Nov 19 2017 01:,1511053200,0.03,14978
Nov 20 2017 01:,1511139600,0.03,10950
Nov 21 2017 01:,1511226000,0.03,9194
Nov 22 2017 01:,1511312400,0.03,10271
Nov 23 2017 01:,1511398800,0.03,8020
Nov 24 2017 01:,1511485200,0.03,6832
Nov 25 2017 01:,1511571600,0.03,7174
Nov 26 2017 01:,1511658000,0.03,5878
Nov 27 2017 01:,1511744400,0.03,5161
Nov 28 2017 01:,1511830800,0.03,4805
Nov 29 2017 01:,1511917200,0.03,4726
Nov 30 2017 01:,1512003600,0.03,5532
Dec 01 2017 01:,1512090000,0.03,5061
Dec 02 2017 01:,1512176400,0.03,5817
Dec 03 2017 01:,1512262800,0.03,7444
Dec 04 2017 01:,1512349200,0.03,5721
Dec 05 2017 01:,1512435600,0.03,8549
Dec 06 2017 01:,1512522000,0.03,9929
Dec 07 2017 01:,1512608400,0.03,14800
Dec 08 2017 01:,1512694800,0.03,16217
Dec 09 2017 01:,1512781200,0.03,11499
Dec 10 2017 01:,1512867600,0.03,5891
Dec 11 2017 01:,1512954000,0.03,10094
Dec 12 2017 01:,1513040400,0.03,8457
Dec 13 2017 01:,1513126800,0.03,11859
Dec 14 2017 01:,1513213200,0.03,7502
Dec 15 2017 01:,1513299600,0.03,7888
Dec 16 2017 01:,1513386000,0.03,6001
Dec 17 2017 01:,1513472400,0.03,6221
Dec 18 2017 01:,1513558800,0.03,4885
Dec 19 2017 01:,1513645200,0.03,4313
Dec 20 2017 01:,1513731600,0.03,4972
Dec 21 2017 01:,1513818000,0.03,5256
Dec 22 2017 01:,1513904400,0.03,5649
Dec 23 2017 01:,1513990800,0.03,5852
Dec 24 2017 01:,1514077200,0.03,7339
Dec 25 2017 01:,1514163600,0.03,7290
Dec 26 2017 01:,1514250000,0.03,5691
Dec 27 2017 01:,1514336400,0.03,5520
Dec 28 2017 01:,1514422800,0.03,6681
Dec 29 2017 01:,1514509200,0.03,5757
Dec 30 2017 01:,1514595600,0.03,8499
Dec 31 2017 01:,1514682000,0.03,7232
Jan 01 2018 01:,1514768400,0.03,7554
Jan 02 2018 01:,1514854800,0.03,6675
Jan 03 2018 01:,1514941200,0.03,6642
Jan 04 2018 01:,1515027600,0.03,7075
Jan 05 2018 01:,1515114000,0.03,6971
Jan 06 2018 01:,1515200400,0.03,6502
Jan 07 2018 01:,1515286800,0.03,5920
Jan 08 2018 01:,1515373200,0.03,9193
Jan 09 2018 01:,1515459600,0.03,7034
Jan 10 2018 01:,1515546000,0.03,5393
Jan 11 2018 01:,1515632400,0.03,5468
Jan 12 2018 01:,1515718800,0.03,8941
Jan 13 2018 01:,1515805200,0.03,6527
Jan 14 2018 01:,1515891600,0.03,7021
Jan 15 2018 01:,1515978000,0.03,5863
Jan 16 2018 01:,1516064400,0.03,5501
Jan 17 2018 01:,1516150800,0.03,5471
Jan 18 2018 01:,1516237200,0.03,6558
Jan 19 2018 01:,1516323600,0.03,8630
Jan 20 2018 01:,1516410000,0.03,11133
Jan 21 2018 01:,1516496400,0.03,6534
Jan 22 2018 01:,1516582800,0.03,9075
Jan 23 2018 01:,1516669200,0.03,5549
Jan 24 2018 01:,1516755600,0.03,7885
Jan 25 2018 01:,1516842000,0.03,4622
Jan 26 2018 01:,1516928400,0.03,7016
Jan 27 2018 01:,1517014800,0.03,5529
Jan 28 2018 01:,1517101200,0.03,7149
Jan 29 2018 01:,1517187600,0.03,6189
Jan 30 2018 01:,1517274000,0.03,6284
Jan 31 2018 01:,1517360400,0.03,7346
Feb 01 2018 01:,1517446800,0.03,7235
Feb 02 2018 01:,1517533200,0.03,8486
Feb 03 2018 01:,1517619600,0.03,8083
Feb 04 2018 01:,1517706000,0.03,7007
Feb 05 2018 01:,1517792400,0.03,5737
Feb 06 2018 01:,1517878800,0.03,6013
Feb 07 2018 01:,1517965200,0.03,10948
Feb 08 2018 01:,1518051600,0.03,8474
Feb 09 2018 01:,1518138000,0.03,13098
Feb 10 2018 01:,1518224400,0.03,6214
Feb 11 2018 01:,1518310800,0.03,6061
Feb 12 2018 01:,1518397200,0.03,5421
Feb 13 2018 01:,1518483600,0.03,4240
Feb 14 2018 01:,1518570000,0.03,5540
Feb 15 2018 01:,1518656400,0.03,6388
Feb 16 2018 01:,1518742800,0.03,5573
Feb 17 2018 01:,1518829200,0.03,6409
Feb 18 2018 01:,1518915600,0.03,7830
Feb 19 2018 01:,1519002000,0.03,5107
Feb 20 2018 01:,1519088400,0.03,8694
Feb 21 2018 01:,1519174800,0.03,7464
Feb 22 2018 01:,1519261200,0.03,10697
Feb 23 2018 01:,1519347600,0.03,8105
Feb 24 2018 01:,1519434000,0.03,6302
Feb 25 2018 01:,1519520400,0.03,7509
Feb 26 2018 01:,1519606800,0.03,8454
Feb 27 2018 01:,1519693200,0.03,8496
Feb 28 2018 01:,1519779600,0.03,6101
Mar 01 2018 01:,1519866000,0.03,10310
Mar 02 2018 01:,1519952400,0.03,12336
Mar 03 2018 01:,1520038800,0.03,7797
Mar 04 2018 01:,1520125200,0.03,7488
Mar 05 2018 01:,1520211600,0.03,6281
Mar 06 2018 01:,1520298000,0.03,5108
Mar 07 2018 01:,1520384400,0.03,5350
Mar 08 2018 01:,1520470800,0.03,5007
Mar 09 2018 01:,1520557200,0.03,6693
Mar 10 2018 01:,1520643600,0.03,6586
Mar 11 2018 01:,1520730000,0.03,7556
Mar 12 2018 01:,1520816400,0.03,6891
Mar 13 2018 01:,1520902800,0.03,4569
Mar 14 2018 01:,1520989200,0.03,4526
Mar 15 2018 01:,1521075600,0.03,5622
Mar 16 2018 01:,1521162000,0.03,5131
Mar 17 2018 01:,1521248400,0.03,6249
Mar 18 2018 01:,1521334800,0.03,5896
Mar 19 2018 01:,1521421200,0.03,3888
Mar 20 2018 01:,1521507600,0.03,3789
Mar 21 2018 01:,1521594000,0.03,2729
Mar 22 2018 01:,1521680400,0.03,4043
Mar 23 2018 01:,1521766800,0.03,4052
Mar 24 2018 01:,1521853200,0.03,4378
Mar 25 2018 01:,1521936000,0.03,3442
Mar 26 2018 01:,1522022400,0.03,3686
Mar 27 2018 01:,1522108800,0.03,5354
Mar 28 2018 01:,1522195200,0.03,7035
Mar 29 2018 01:,1522281600,0.03,6578
Mar 30 2018 01:,1522368000,0.03,6205
Mar 31 2018 01:,1522454400,0.03,3744
Apr 01 2018 01:,1522540800,0.03,3742
Apr 02 2018 01:,1522627200,0.03,3232
Apr 03 2018 01:,1522713600,0.03,3069
Apr 04 2018 01:,1522800000,0.03,2829
Apr 05 2018 01:,1522886400,0.03,3122
Apr 06 2018 01:,1522972800,0.03,3381
Apr 07 2018 01:,1523059200,0.03,3174
Apr 08 2018 01:,1523145600,0.03,3315
Apr 09 2018 01:,1523232000,0.03,4853
Apr 10 2018 01:,1523318400,0.03,2555
Apr 11 2018 01:,1523404800,0.03,3544
Apr 12 2018 01:,1523491200,0.03,4567
Apr 13 2018 01:,1523577600,0.03,3028
Apr 14 2018 01:,1523664000,0.03,3884
Apr 15 2018 01:,1523750400,0.03,3598
Apr 16 2018 01:,1523836800,0.03,2984
Apr 17 2018 01:,1523923200,0.03,2650
Apr 18 2018 01:,1524009600,0.03,2778
Apr 19 2018 01:,1524096000,0.03,2874
Apr 20 2018 01:,1524182400,0.03,2367
Apr 21 2018 01:,1524268800,0.03,2980
Apr 22 2018 01:,1524355200,0.03,3897
Apr 23 2018 01:,1524441600,0.03,2611
Apr 24 2018 01:,1524528000,0.03,2902
Apr 25 2018 01:,1524614400,0.03,2537
Apr 26 2018 01:,1524700800,0.03,3453
Apr 27 2018 01:,1524787200,0.03,7858
Apr 28 2018 01:,1524873600,0.03,4129
Apr 29 2018 01:,1524960000,0.03,3654
Apr 30 2018 01:,1525046400,0.03,3445
May 01 2018 01:,1525132800,0.03,2786
May 02 2018 01:,1525219200,0.03,3321
May 03 2018 01:,1525305600,0.03,2524
May 04 2018 01:,1525392000,0.03,2826
May 05 2018 01:,1525478400,0.03,2383
May 06 2018 01:,1525564800,0.03,3072
May 07 2018 01:,1525651200,0.03,3135
May 08 2018 01:,1525737600,0.03,4395
May 09 2018 01:,1525824000,0.03,3819
May 10 2018 01:,1525910400,0.03,4601
May 11 2018 01:,1525996800,0.03,5598
May 12 2018 01:,1526083200,0.03,3237
May 13 2018 01:,1526169600,0.03,4876
May 14 2018 01:,1526256000,0.03,3021
May 15 2018 01:,1526342400,0.03,2622
May 16 2018 01:,1526428800,0.03,3626
May 17 2018 01:,1526515200,0.03,3122
May 18 2018 01:,1526601600,0.03,3544
May 19 2018 01:,1526688000,0.03,2994
May 20 2018 01:,1526774400,0.03,2451
May 21 2018 01:,1526860800,0.03,2369
May 22 2018 01:,1526947200,0.03,1751
May 23 2018 01:,1527033600,0.03,2380
May 24 2018 01:,1527120000,0.03,2054
May 25 2018 01:,1527206400,0.03,3567
May 26 2018 01:,1527292800,0.03,2417
May 27 2018 01:,1527379200,0.03,3120
May 28 2018 01:,1527465600,0.03,2182
May 29 2018 01:,1527552000,0.03,3286
May 30 2018 01:,1527638400,0.03,2194
May 31 2018 01:,1527724800,0.03,2426
Jun 01 2018 01:,1527811200,0.03,2637
Jun 02 2018 01:,1527897600,0.03,3126
Jun 03 2018 01:,1527984000,0.03,2113
Jun 04 2018 01:,1528070400,0.03,3179
Jun 05 2018 01:,1528156800,0.03,2586
Jun 06 2018 01:,1528243200,0.03,1972
Jun 07 2018 01:,1528329600,0.03,2259
Jun 08 2018 01:,1528416000,0.03,2005
Jun 09 2018 01:,1528502400,0.03,2449
Jun 10 2018 01:,1528588800,0.03,2691
Jun 11 2018 01:,1528675200,0.03,3063
Jun 12 2018 01:,1528761600,0.03,4523
Jun 13 2018 01:,1528848000,0.03,1842
Jun 14 2018 01:,1528934400,0.03,1730
Jun 15 2018 01:,1529020800,0.03,2847
Jun 16 2018 01:,1529107200,0.03,2111
Jun 17 2018 01:,1529193600,0.03,2186
Jun 18 2018 01:,1529280000,0.03,2205
Jun 19 2018 01:,1529366400,0.03,6195
Jun 20 2018 01:,1529452800,0.03,2809
Jun 21 2018 01:,1529539200,0.03,2410
Jun 22 2018 01:,1529625600,0.03,2207
Jun 23 2018 01:,1529712000,0.03,3562
Jun 24 2018 01:,1529798400,0.03,4357
Jun 25 2018 01:,1529884800,0.03,3256
Jun 26 2018 01:,1529971200,0.03,12142
Jun 27 2018 01:,1530057600,0.03,4184
Jun 28 2018 01:,1530144000,0.03,2018
Jun 29 2018 01:,1530230400,0.03,4126
Jun 30 2018 01:,1530316800,0.03,4356
Jul 01 2018 01:,1530403200,0.03,2570
Jul 02 2018 01:,1530489600,0.03,2498
Jul 03 2018 01:,1530576000,0.03,1877
Jul 04 2018 01:,1530662400,0.03,2805
Jul 05 2018 01:,1530748800,0.03,3505
Jul 06 2018 01:,1530835200,0.03,1887
Jul 07 2018 01:,1530921600,0.03,2002
Jul 08 2018 01:,1531008000,0.03,3127
Jul 09 2018 01:,1531094400,0.03,2518
Jul 10 2018 01:,1531180800,0.03,3199
Jul 11 2018 01:,1531267200,0.03,2064
Jul 12 2018 01:,1531353600,0.03,2230
Jul 13 2018 01:,1531440000,0.03,2723
Jul 14 2018 01:,1531526400,0.03,3309
Jul 15 2018 01:,1531612800,0.03,2881
Jul 16 2018 01:,1531699200,0.03,2652
Jul 17 2018 01:,1531785600,0.03,2987
Jul 18 2018 01:,1531872000,0.03,2962
Jul 19 2018 01:,1531958400,0.03,1804
Jul 20 2018 01:,1532044800,0.03,2250
Jul 21 2018 01:,1532131200,0.03,3087
Jul 22 2018 01:,1532217600,0.03,2302
Jul 23 2018 01:,1532304000,0.03,2527
Jul 24 2018 01:,1532390400,0.03,2489
Jul 25 2018 01:,1532476800,0.03,2052
Jul 26 2018 01:,1532563200,0.03,2911
Jul 27 2018 01:,1532649600,0.03,11112
Jul 28 2018 01:,1532736000,0.03,20630
Jul 29 2018 01:,1532822400,0.03,16082
Jul 30 2018 01:,1532908800,0.03,17306
Jul 31 2018 01:,1532995200,0.03,17266
Aug 01 2018 01:,1533081600,0.03,13541
Aug 02 2018 01:,1533168000,0.03,32978
Aug 03 2018 01:,1533254400,0.03,34897
Aug 04 2018 01:,1533340800,0.03,36629
Aug 05 2018 01:,1533427200,0.03,29004
Aug 06 2018 01:,1533513600,0.03,27800
Aug 07 2018 01:,1533600000,0.03,14558
Aug 08 2018 01:,1533686400,0.03,29554
Aug 09 2018 01:,1533772800,0.03,8011
Aug 10 2018 01:,1533859200,0.03,6424
Aug 11 2018 01:,1533945600,0.03,4174
Aug 12 2018 01:,1534032000,0.03,4677
Aug 13 2018 01:,1534118400,0.03,3441
Aug 14 2018 01:,1534204800,0.03,4712
Aug 15 2018 01:,1534291200,0.03,6716
Aug 16 2018 01:,1534377600,0.03,2924
Aug 17 2018 01:,1534464000,0.03,6909
Aug 18 2018 01:,1534550400,0.03,4083
Aug 19 2018 01:,1534636800,0.03,5519
Aug 20 2018 01:,1534723200,0.03,4566
Aug 21 2018 01:,1534809600,0.03,3870
Aug 22 2018 01:,1534896000,0.03,6228
Aug 23 2018 01:,1534982400,0.03,4089
Aug 24 2018 01:,1535068800,0.03,4898
Aug 25 2018 01:,1535155200,0.03,3793
Aug 26 2018 01:,1535241600,0.03,4295
Aug 27 2018 01:,1535328000,0.03,3482
Aug 28 2018 01:,1535414400,0.03,4880
Aug 29 2018 01:,1535500800,0.03,4678
Aug 30 2018 01:,1535587200,0.03,4812
Aug 31 2018 01:,1535673600,0.03,4226
Sep 01 2018 01:,1535760000,0.03,4612
Sep 02 2018 01:,1535846400,0.03,4709
Sep 03 2018 01:,1535932800,0.03,3997
Sep 04 2018 01:,1536019200,0.03,3395
Sep 05 2018 01:,1536105600,0.03,4316
Sep 06 2018 01:,1536192000,0.03,4612
Sep 07 2018 01:,1536278400,0.03,6188
Sep 08 2018 01:,1536364800,0.03,6069
Sep 09 2018 01:,1536451200,0.03,3777
Sep 10 2018 01:,1536537600,0.03,4361
Sep 11 2018 01:,1536624000,0.03,4041
Sep 12 2018 01:,1536710400,0.03,4136
Sep 13 2018 01:,1536796800,0.03,3791
Sep 14 2018 01:,1536883200,0.03,3451
Sep 15 2018 01:,1536969600,0.03,6495
Sep 16 2018 01:,1537056000,0.03,3914
Sep 17 2018 01:,1537142400,0.03,2519
Sep 18 2018 01:,1537228800,0.03,3413
Sep 19 2018 01:,1537315200,0.03,3557
Sep 20 2018 01:,1537401600,0.03,2360
Sep 21 2018 01:,1537488000,0.03,3135
Sep 22 2018 01:,1537574400,0.03,4685
Sep 23 2018 01:,1537660800,0.03,6753
Sep 24 2018 01:,1537747200,0.03,3327
Sep 25 2018 01:,1537833600,0.03,4094
Sep 26 2018 01:,1537920000,0.03,3381
Sep 27 2018 01:,1538006400,0.03,3416
Sep 28 2018 01:,1538092800,0.03,4222
Sep 29 2018 01:,1538179200,0.03,3754
Sep 30 2018 01:,1538265600,0.03,4102
Oct 01 2018 01:,1538352000,0.03,4696
Oct 02 2018 01:,1538438400,0.03,2547
Oct 03 2018 01:,1538524800,0.03,2925
Oct 04 2018 01:,1538611200,0.03,4502
Oct 05 2018 01:,1538697600,0.03,4255
Oct 06 2018 01:,1538784000,0.03,4777
Oct 07 2018 01:,1538870400,0.03,4744
Oct 08 2018 01:,1538956800,0.03,4210
Oct 09 2018 01:,1539043200,0.03,4440
Oct 10 2018 01:,1539129600,0.03,4910
Oct 11 2018 01:,1539216000,0.03,4458
Oct 12 2018 01:,1539302400,0.03,5111
Oct 13 2018 01:,1539388800,0.03,4418
Oct 14 2018 01:,1539475200,0.03,4048
Oct 15 2018 01:,1539561600,0.03,4365
Oct 16 2018 01:,1539648000,0.03,8471
Oct 17 2018 01:,1539734400,0.03,7388
Oct 18 2018 01:,1539820800,0.03,6592
Oct 19 2018 01:,1539907200,0.03,3235
Oct 20 2018 01:,1539993600,0.03,4195
Oct 21 2018 01:,1540080000,0.03,4667
Oct 22 2018 01:,1540166400,0.03,3147
Oct 23 2018 01:,1540252800,0.03,7538
Oct 24 2018 01:,1540339200,0.03,3544
Oct 25 2018 01:,1540425600,0.03,3532
Oct 26 2018 01:,1540512000,0.03,5557
Oct 27 2018 01:,1540598400,0.03,8515
Oct 28 2018 01:,1540688400,0.03,4656
Oct 29 2018 01:,1540774800,0.03,3341
Oct 30 2018 01:,1540861200,0.03,5724
Oct 31 2018 01:,1540947600,0.03,6602
Nov 01 2018 01:,1541034000,0.03,5652
Nov 02 2018 01:,1541120400,0.03,6306
Nov 03 2018 01:,1541206800,0.03,4737
Nov 04 2018 01:,1541293200,0.03,4787
Nov 05 2018 01:,1541379600,0.03,4189
Nov 06 2018 01:,1541466000,0.03,2172
Nov 07 2018 01:,1541552400,0.03,5333
Nov 08 2018 01:,1541638800,0.03,4817
Nov 09 2018 01:,1541725200,0.03,4824
Nov 10 2018 01:,1541811600,0.03,5035
Nov 11 2018 01:,1541898000,0.03,5647
Nov 12 2018 01:,1541984400,0.03,4177
Nov 13 2018 01:,1542070800,0.03,4147
Nov 14 2018 01:,1542157200,0.03,5501
Nov 15 2018 01:,1542243600,0.03,5216
Nov 16 2018 01:,1542330000,0.03,7177
Nov 17 2018 01:,1542416400,0.03,4490
Nov 18 2018 01:,1542502800,0.03,4426
Nov 19 2018 01:,1542589200,0.03,4550
Nov 20 2018 01:,1542675600,0.03,4526
Nov 21 2018 01:,1542762000,0.03,4099
Nov 22 2018 01:,1542848400,0.03,4090
Nov 23 2018 01:,1542934800,0.03,4013
Nov 24 2018 01:,1543021200,0.03,3896
Nov 25 2018 01:,1543107600,0.03,4623
Nov 26 2018 01:,1543194000,0.03,3237
Nov 27 2018 01:,1543280400,0.03,2885
Nov 28 2018 01:,1543366800,0.03,4248
Nov 29 2018 01:,1543453200,0.03,4148
Nov 30 2018 01:,1543539600,0.03,25907
Dec 01 2018 01:,1543626000,0.03,6150
Dec 02 2018 01:,1543712400,0.03,3632
Dec 03 2018 01:,1543798800,0.03,6218
Dec 04 2018 01:,1543885200,0.03,4372
Dec 05 2018 01:,1543971600,0.03,4322
Dec 06 2018 01:,1544058000,0.03,2801
Dec 07 2018 01:,1544144400,0.03,3594
Dec 08 2018 01:,1544230800,0.03,6342
Dec 09 2018 01:,1544317200,0.03,7031
Dec 10 2018 01:,1544403600,0.03,2975
Dec 11 2018 01:,1544490000,0.03,3248
Dec 12 2018 01:,1544576400,0.03,6792
Dec 13 2018 01:,1544662800,0.03,6731
Dec 14 2018 01:,1544749200,0.03,3535
Dec 15 2018 01:,1544835600,0.03,5400
Dec 16 2018 01:,1544922000,0.03,5528
Dec 17 2018 01:,1545008400,0.03,2290
Dec 18 2018 01:,1545094800,0.03,3002
Dec 19 2018 01:,1545181200,0.03,4504
Dec 20 2018 01:,1545267600,0.03,2775
Dec 21 2018 01:,1545354000,0.03,3542
Dec 22 2018 01:,1545440400,0.03,4552
Dec 23 2018 01:,1545526800,0.03,4012
Dec 24 2018 01:,1545613200,0.03,4281
Dec 25 2018 01:,1545699600,0.03,5351
Dec 26 2018 01:,1545786000,0.03,3609
Dec 27 2018 01:,1545872400,0.03,8040
Dec 28 2018 01:,1545958800,0.03,3828
Dec 29 2018 01:,1546045200,0.03,7493
Dec 30 2018 01:,1546131600,0.03,4253
Dec 31 2018 01:,1546218000,0.03,3055
Jan 01 2019 01:,1546304400,0.03,4601
Jan 02 2019 01:,1546390800,0.03,5211
Jan 03 2019 01:,1546477200,0.03,4300
Jan 04 2019 01:,1546563600,0.03,7128
Jan 05 2019 01:,1546650000,0.03,4490
Jan 06 2019 01:,1546736400,0.03,5633
Jan 07 2019 01:,1546822800,0.03,3276
Jan 08 2019 01:,1546909200,0.03,5273
Jan 09 2019 01:,1546995600,0.03,4468
Jan 10 2019 01:,1547082000,0.03,3677
Jan 11 2019 01:,1547168400,0.03,5825
Jan 12 2019 01:,1547254800,0.03,5941
Jan 13 2019 01:,1547341200,0.03,3101
Jan 14 2019 01:,1547427600,0.03,7575
Jan 15 2019 01:,1547514000,0.03,3118
Jan 16 2019 01:,1547600400,0.03,3093
Jan 17 2019 01:,1547686800,0.03,4703
Jan 18 2019 01:,1547773200,0.03,3738
Jan 19 2019 01:,1547859600,0.03,5362
Jan 20 2019 01:,1547946000,0.03,9701
Jan 21 2019 01:,1548032400,0.03,3694
Jan 22 2019 01:,1548118800,0.03,5324
Jan 23 2019 01:,1548205200,0.03,9176
Jan 24 2019 01:,1548291600,0.03,5909
Jan 25 2019 01:,1548378000,0.03,7462
Jan 26 2019 01:,1548464400,0.03,6182
Jan 27 2019 01:,1548550800,0.03,5766
Jan 28 2019 01:,1548637200,0.03,3304
Jan 29 2019 01:,1548723600,0.03,3469
Jan 30 2019 01:,1548810000,0.03,9374
Jan 31 2019 01:,1548896400,0.03,3999
Feb 01 2019 01:,1548982800,0.03,4028
Feb 02 2019 01:,1549069200,0.03,8960
Feb 03 2019 01:,1549155600,0.03,15930
Feb 04 2019 01:,1549242000,0.03,12284
Feb 05 2019 01:,1549328400,0.03,11385
Feb 06 2019 01:,1549414800,0.03,17857
Feb 07 2019 01:,1549501200,0.03,6240
Feb 08 2019 01:,1549587600,0.03,4975
Feb 09 2019 01:,1549674000,0.03,5137
Feb 10 2019 01:,1549760400,0.03,5207
Feb 11 2019 01:,1549846800,0.03,3969
Feb 12 2019 01:,1549933200,0.03,2811
Feb 13 2019 01:,1550019600,0.03,3990
Feb 14 2019 01:,1550106000,0.03,3578
Feb 15 2019 01:,1550192400,0.03,3916
Feb 16 2019 01:,1550278800,0.03,4632
Feb 17 2019 01:,1550365200,0.03,4205
Feb 18 2019 01:,1550451600,0.03,3351
Feb 19 2019 01:,1550538000,0.03,4310
Feb 20 2019 01:,1550624400,0.03,2820
Feb 21 2019 01:,1550710800,0.03,3711
Feb 22 2019 01:,1550797200,0.03,3157
Feb 23 2019 01:,1550883600,0.03,4157
Feb 24 2019 01:,1550970000,0.03,4148
Feb 25 2019 01:,1551056400,0.03,3006
Feb 26 2019 01:,1551142800,0.03,3329
Feb 27 2019 01:,1551229200,0.03,3153
Feb 28 2019 01:,1551315600,0.03,4464
Mar 01 2019 01:,1551402000,0.03,4959
Mar 02 2019 01:,1551488400,0.03,7531
Mar 03 2019 01:,1551574800,0.03,5017
Mar 04 2019 01:,1551661200,0.03,5272
Mar 05 2019 01:,1551747600,0.03,3248
Mar 06 2019 01:,1551834000,0.03,3100
Mar 07 2019 01:,1551920400,0.03,2958
Mar 08 2019 01:,1552006800,0.03,3491
Mar 09 2019 01:,1552093200,0.03,6278
Mar 10 2019 01:,1552179600,0.03,4774
Mar 11 2019 01:,1552266000,0.03,3929
Mar 12 2019 01:,1552352400,0.03,4361
Mar 13 2019 01:,1552438800,0.03,3885
Mar 14 2019 01:,1552525200,0.03,4713
Mar 15 2019 01:,1552611600,0.03,4854
Mar 16 2019 01:,1552698000,0.03,4418
Mar 17 2019 01:,1552784400,0.03,5408
Mar 18 2019 01:,1552870800,0.03,4706
Mar 19 2019 01:,1552957200,0.03,5119
Mar 20 2019 01:,1553043600,0.03,3438
Mar 21 2019 01:,1553130000,0.03,4388
Mar 22 2019 01:,1553216400,0.03,5375
Mar 23 2019 01:,1553302800,0.03,4723
Mar 24 2019 01:,1553389200,0.03,4523
Mar 25 2019 01:,1553475600,0.03,6106
Mar 26 2019 01:,1553562000,0.03,4384
Mar 27 2019 01:,1553648400,0.03,4393
Mar 28 2019 01:,1553734800,0.03,6130
Mar 29 2019 01:,1553821200,0.03,8262
Mar 30 2019 01:,1553907600,0.03,6117
Mar 31 2019 01:,1553990400,0.03,7683
Apr 01 2019 01:,1554076800,0.03,5518
Apr 02 2019 01:,1554163200,0.03,5451
Apr 03 2019 01:,1554249600,0.03,4451
Apr 04 2019 01:,1554336000,0.03,5191
Apr 05 2019 01:,1554422400,0.031,5517
Apr 06 2019 01:,1554508800,0.03,23986
Apr 07 2019 01:,1554595200,0.03,8527
Apr 08 2019 01:,1554681600,0.03,31080
Apr 09 2019 01:,1554768000,0.031,19572
Apr 10 2019 01:,1554854400,0.032,10666
Apr 11 2019 01:,1554940800,0.031,17090
Apr 12 2019 01:,1555027200,0.033,20477
Apr 13 2019 01:,1555113600,0.033,21112
Apr 14 2019 01:,1555200000,0.054,80269
Apr 15 2019 01:,1555286400,0.06,16348
Apr 16 2019 01:,1555372800,0.058,9242
Apr 17 2019 01:,1555459200,0.056,8251
Apr 18 2019 01:,1555545600,0.054,7416
Apr 19 2019 01:,1555632000,0.056,7968
Apr 20 2019 01:,1555718400,0.058,7451
Apr 21 2019 01:,1555804800,0.059,6501
Apr 22 2019 01:,1555891200,0.057,6161
Apr 23 2019 01:,1555977600,0.053,6436
Apr 24 2019 01:,1556064000,0.051,6721
Apr 25 2019 01:,1556150400,0.043,10018
Apr 26 2019 01:,1556236800,0.044,4707
Apr 27 2019 01:,1556323200,0.039,5535
Apr 28 2019 01:,1556409600,0.038,5516
Apr 29 2019 01:,1556496000,0.039,4392
Apr 30 2019 01:,1556582400,0.038,5467
May 01 2019 01:,1556668800,0.037,4781
May 02 2019 01:,1556755200,0.036,7474
May 03 2019 01:,1556841600,0.037,5674
May 04 2019 01:,1556928000,0.035,8524
May 05 2019 01:,1557014400,0.038,5238
May 06 2019 01:,1557100800,0.037,6022
May 07 2019 01:,1557187200,0.03,4957
May 08 2019 01:,1557273600,0.032,7743
May 09 2019 01:,1557360000,0.03,6914
May 10 2019 01:,1557446400,0.033,5950
May 11 2019 01:,1557532800,0.037,5569
May 12 2019 01:,1557619200,0.035,7005
May 13 2019 01:,1557705600,0.034,4782
May 14 2019 01:,1557792000,0.037,8073
May 15 2019 01:,1557878400,0.037,5119
May 16 2019 01:,1557964800,0.035,7736
May 17 2019 01:,1558051200,0.035,6856
May 18 2019 01:,1558137600,0.034,5751
May 19 2019 01:,1558224000,0.036,5993
May 20 2019 01:,1558310400,0.039,26428
May 21 2019 01:,1558396800,0.038,14730
May 22 2019 01:,1558483200,0.039,6335
May 23 2019 01:,1558569600,0.041,5303
May 24 2019 01:,1558656000,0.042,3925
May 25 2019 01:,1558742400,0.045,5290
May 26 2019 01:,1558828800,0.04,4283
May 27 2019 01:,1558915200,0.041,5097
May 28 2019 01:,1559001600,0.043,4633
May 29 2019 01:,1559088000,0.045,3738
May 30 2019 01:,1559174400,0.04,4215
May 31 2019 01:,1559260800,0.041,6802
Jun 01 2019 01:,1559347200,0.046,5526
Jun 02 2019 01:,1559433600,0.04,6412
Jun 03 2019 01:,1559520000,0.042,4652
Jun 04 2019 01:,1559606400,0.042,5078
Jun 05 2019 01:,1559692800,0.04,5350
Jun 06 2019 01:,1559779200,0.043,10099
Jun 07 2019 01:,1559865600,0.044,7503
Jun 08 2019 01:,1559952000,0.043,7335
Jun 09 2019 01:,1560038400,0.047,8087
Jun 10 2019 01:,1560124800,0.043,9074
Jun 11 2019 01:,1560211200,0.042,5319
Jun 12 2019 01:,1560297600,0.049,6054
Jun 13 2019 01:,1560384000,0.049,4769
Jun 14 2019 01:,1560470400,0.046,9736
Jun 15 2019 01:,1560556800,0.05,5370
Jun 16 2019 01:,1560643200,0.047,6004
Jun 17 2019 01:,1560729600,0.049,5970
Jun 18 2019 01:,1560816000,0.054,12946
Jun 19 2019 01:,1560902400,0.055,20888
Jun 20 2019 01:,1560988800,0.065,27243
Jun 21 2019 01:,1561075200,0.076,9473
Jun 22 2019 01:,1561161600,0.079,8968
Jun 23 2019 01:,1561248000,0.076,11071
Jun 24 2019 01:,1561334400,0.065,6172
Jun 25 2019 01:,1561420800,0.057,7882
Jun 26 2019 01:,1561507200,0.05,13292
Jun 27 2019 01:,1561593600,0.055,10474
Jun 28 2019 01:,1561680000,0.05,6541
Jun 29 2019 01:,1561766400,0.051,8119
Jun 30 2019 01:,1561852800,0.053,7258
Jul 01 2019 01:,1561939200,0.051,6887
Jul 02 2019 01:,1562025600,0.05,6872
Jul 03 2019 01:,1562112000,0.056,6954
Jul 04 2019 01:,1562198400,0.054,5796
Jul 05 2019 01:,1562284800,0.055,5679
Jul 06 2019 01:,1562371200,0.055,4808
Jul 07 2019 01:,1562457600,0.053,5433
Jul 08 2019 01:,1562544000,0.05,6377
Jul 09 2019 01:,1562630400,0.051,5483
Jul 10 2019 01:,1562716800,0.056,3990
Jul 11 2019 01:,1562803200,0.058,5354
Jul 12 2019 01:,1562889600,0.058,5340
Jul 13 2019 01:,1562976000,0.06,5690
Jul 14 2019 01:,1563062400,0.06,4671
Jul 15 2019 01:,1563148800,0.056,5190
Jul 16 2019 01:,1563235200,0.055,4016
Jul 17 2019 01:,1563321600,0.056,6174
Jul 18 2019 01:,1563408000,0.053,6064
Jul 19 2019 01:,1563494400,0.056,4685
Jul 20 2019 01:,1563580800,0.058,4788
Jul 21 2019 01:,1563667200,0.055,5088
Jul 22 2019 01:,1563753600,0.056,8485
Jul 23 2019 01:,1563840000,0.053,5456
Jul 24 2019 01:,1563926400,0.05,6216
Jul 25 2019 01:,1564012800,0.05,7490
Jul 26 2019 01:,1564099200,0.053,4770
Jul 27 2019 01:,1564185600,0.06,6540
Jul 28 2019 01:,1564272000,0.056,4817
Jul 29 2019 01:,1564358400,0.051,5546
Jul 30 2019 01:,1564444800,0.05,5774
Jul 31 2019 01:,1564531200,0.052,5956
Aug 01 2019 01:,1564617600,0.052,5254
Aug 02 2019 01:,1564704000,0.054,4537
Aug 03 2019 01:,1564790400,0.057,6530
Aug 04 2019 01:,1564876800,0.056,5944
Aug 05 2019 01:,1564963200,0.049,6780
Aug 06 2019 01:,1565049600,0.055,6252
Aug 07 2019 01:,1565136000,0.051,5455
Aug 08 2019 01:,1565222400,0.057,6613
Aug 09 2019 01:,1565308800,0.051,5091
Aug 10 2019 01:,1565395200,0.051,7425
Aug 11 2019 01:,1565481600,0.057,10005
Aug 12 2019 01:,1565568000,0.048,6817
Aug 13 2019 01:,1565654400,0.047,6249
Aug 14 2019 01:,1565740800,0.043,8021
Aug 15 2019 01:,1565827200,0.045,5552
Aug 16 2019 01:,1565913600,0.044,7112
Aug 17 2019 01:,1566000000,0.044,7876
Aug 18 2019 01:,1566086400,0.043,8967
Aug 19 2019 01:,1566172800,0.043,5975
Aug 20 2019 01:,1566259200,0.047,5403
Aug 21 2019 01:,1566345600,0.047,6129
Aug 22 2019 01:,1566432000,0.047,4893
Aug 23 2019 01:,1566518400,0.045,5372
Aug 24 2019 01:,1566604800,0.043,5335
Aug 25 2019 01:,1566691200,0.046,4851
Aug 26 2019 01:,1566777600,0.046,4154
Aug 27 2019 01:,1566864000,0.043,5837
Aug 28 2019 01:,1566950400,0.042,5633
Aug 29 2019 01:,1567036800,0.041,5301
Aug 30 2019 01:,1567123200,0.044,5840
Aug 31 2019 01:,1567209600,0.046,5381
Sep 01 2019 01:,1567296000,0.044,6196
Sep 02 2019 01:,1567382400,0.042,5428
Sep 03 2019 01:,1567468800,0.043,5616
Sep 04 2019 01:,1567555200,0.042,5311
Sep 05 2019 01:,1567641600,0.042,5801
Sep 06 2019 01:,1567728000,0.045,6852
Sep 07 2019 01:,1567814400,0.047,9321
Sep 08 2019 01:,1567900800,0.037,8907
Sep 09 2019 01:,1567987200,0.037,5742
Sep 10 2019 01:,1568073600,0.037,9044
Sep 11 2019 01:,1568160000,0.038,8571
Sep 12 2019 01:,1568246400,0.036,6176
Sep 13 2019 01:,1568332800,0.035,11975
Sep 14 2019 01:,1568419200,0.041,11542
Sep 15 2019 01:,1568505600,0.046,9424
Sep 16 2019 01:,1568592000,0.047,7336
Sep 17 2019 01:,1568678400,0.049,9067
Sep 18 2019 01:,1568764800,0.042,4988
Sep 19 2019 01:,1568851200,0.048,4950
Sep 20 2019 01:,1568937600,0.051,9252
Sep 21 2019 01:,1569024000,0.056,7519
Sep 22 2019 01:,1569110400,0.055,5052
Sep 23 2019 01:,1569196800,0.051,7774
Sep 24 2019 01:,1569283200,0.05,10319
Sep 25 2019 01:,1569369600,0.052,5890
Sep 26 2019 01:,1569456000,0.053,5640
Sep 27 2019 01:,1569542400,0.056,6401
Sep 28 2019 01:,1569628800,0.056,7072
Sep 29 2019 01:,1569715200,0.053,7344
Sep 30 2019 01:,1569801600,0.057,9404
Oct 01 2019 01:,1569888000,0.059,7333
Oct 02 2019 01:,1569974400,0.057,8757
Oct 03 2019 01:,1570060800,0.061,11330
Oct 04 2019 01:,1570147200,0.061,11508
Oct 05 2019 01:,1570233600,0.068,10420
Oct 06 2019 01:,1570320000,0.061,9981
Oct 07 2019 01:,1570406400,0.061,7825
Oct 08 2019 01:,1570492800,0.064,7763
Oct 09 2019 01:,1570579200,0.067,7701
Oct 10 2019 01:,1570665600,0.068,10049
Oct 11 2019 01:,1570752000,0.085,61576
Oct 12 2019 01:,1570838400,0.121,32615
Oct 13 2019 01:,1570924800,0.123,20552
Oct 14 2019 01:,1571011200,0.108,11362
Oct 15 2019 01:,1571097600,0.108,12149
Oct 16 2019 01:,1571184000,0.1,12942
Oct 17 2019 01:,1571270400,0.096,8627
Oct 18 2019 01:,1571356800,0.097,12437
Oct 19 2019 01:,1571443200,0.093,15953
Oct 20 2019 01:,1571529600,0.082,16872
Oct 21 2019 01:,1571616000,0.08,10218
Oct 22 2019 01:,1571702400,0.089,10123
Oct 23 2019 01:,1571788800,0.077,10005
Oct 24 2019 01:,1571875200,0.07,10176
Oct 25 2019 01:,1571961600,0.071,7331
Oct 26 2019 01:,1572048000,0.069,9228
Oct 27 2019 01:,1572138000,0.074,10545
Oct 28 2019 01:,1572224400,0.078,7062
Oct 29 2019 01:,1572310800,0.072,8201
Oct 30 2019 01:,1572397200,0.063,16398
Oct 31 2019 01:,1572483600,0.056,10307
Nov 01 2019 01:,1572570000,0.05,7339
Nov 02 2019 01:,1572656400,0.055,12066
Nov 03 2019 01:,1572742800,0.066,7143
Nov 04 2019 01:,1572829200,0.064,5626
Nov 05 2019 01:,1572915600,0.06,8609
Nov 06 2019 01:,1573002000,0.057,4504
Nov 07 2019 01:,1573088400,0.06,4627
Nov 08 2019 01:,1573174800,0.058,4500
Nov 09 2019 01:,1573261200,0.066,4618
Nov 10 2019 01:,1573347600,0.058,5390
Nov 11 2019 01:,1573434000,0.066,5479
Nov 12 2019 01:,1573520400,0.06,4283
Nov 13 2019 01:,1573606800,0.063,3679
Nov 14 2019 01:,1573693200,0.062,5448
Nov 15 2019 01:,1573779600,0.059,6737
Nov 16 2019 01:,1573866000,0.064,6644
Nov 17 2019 01:,1573952400,0.065,5397
Nov 18 2019 01:,1574038800,0.062,6863
Nov 19 2019 01:,1574125200,0.044,14545
Nov 20 2019 01:,1574211600,0.043,6843
Nov 21 2019 01:,1574298000,0.049,6401
Nov 22 2019 01:,1574384400,0.048,7311
Nov 23 2019 01:,1574470800,0.045,10468
Nov 24 2019 01:,1574557200,0.054,6049
Nov 25 2019 01:,1574643600,0.051,11386
Nov 26 2019 01:,1574730000,0.051,5193
Nov 27 2019 01:,1574816400,0.045,5608
Nov 28 2019 01:,1574902800,0.048,4794
Nov 29 2019 01:,1574989200,0.046,5662
Nov 30 2019 01:,1575075600,0.045,7438
Dec 01 2019 01:,1575162000,0.05,8650
Dec 02 2019 01:,1575248400,0.045,4880
Dec 03 2019 01:,1575334800,0.051,4486
Dec 04 2019 01:,1575421200,0.058,4305
Dec 05 2019 01:,1575507600,0.062,6166
Dec 06 2019 01:,1575594000,0.055,5941
Dec 07 2019 01:,1575680400,0.061,5129
Dec 08 2019 01:,1575766800,0.056,6803
Dec 09 2019 01:,1575853200,0.054,3533
Dec 10 2019 01:,1575939600,0.059,4317
Dec 11 2019 01:,1576026000,0.06,4590
Dec 12 2019 01:,1576112400,0.064,5345
Dec 13 2019 01:,1576198800,0.063,10962
Dec 14 2019 01:,1576285200,0.065,4064
Dec 15 2019 01:,1576371600,0.063,4462
Dec 16 2019 01:,1576458000,0.061,6642
Dec 17 2019 01:,1576544400,0.063,3446
Dec 18 2019 01:,1576630800,0.064,5741
Dec 19 2019 01:,1576717200,0.063,3928
Dec 20 2019 01:,1576803600,0.058,5598
Dec 21 2019 01:,1576890000,0.065,7727
Dec 22 2019 01:,1576976400,0.066,6389
Dec 23 2019 01:,1577062800,0.063,6658
Dec 24 2019 01:,1577149200,0.076,16152
Dec 25 2019 01:,1577235600,0.081,7297
Dec 26 2019 01:,1577322000,0.085,10372
Dec 27 2019 01:,1577408400,0.086,9323
Dec 28 2019 01:,1577494800,0.081,8440
Dec 29 2019 01:,1577581200,0.082,8048
Dec 30 2019 01:,1577667600,0.084,8193
Dec 31 2019 01:,1577754000,0.08,5481
Jan 01 2020 01:,1577840400,0.083,6249
Jan 02 2020 01:,1577926800,0.074,7522
Jan 03 2020 01:,1578013200,0.079,5470
Jan 04 2020 01:,1578099600,0.081,7870
Jan 05 2020 01:,1578186000,0.085,7375
Jan 06 2020 01:,1578272400,0.09,5534
Jan 07 2020 01:,1578358800,0.091,5408
Jan 08 2020 01:,1578445200,0.095,5275
Jan 09 2020 01:,1578531600,0.097,5908
Jan 10 2020 01:,1578618000,0.098,10198
Jan 11 2020 01:,1578704400,0.108,10655
Jan 12 2020 01:,1578790800,0.111,11585
Jan 13 2020 01:,1578877200,0.105,5323
Jan 14 2020 01:,1578963600,0.109,12667
Jan 15 2020 01:,1579050000,0.111,6456
Jan 16 2020 01:,1579136400,0.112,7285
Jan 17 2020 01:,1579222800,0.113,8271
Jan 18 2020 01:,1579309200,0.11,9610
Jan 19 2020 01:,1579395600,0.108,8033
Jan 20 2020 01:,1579482000,0.106,6153
Jan 21 2020 01:,1579568400,0.11,8294
Jan 22 2020 01:,1579654800,0.105,7107
Jan 23 2020 01:,1579741200,0.102,6901
Jan 24 2020 01:,1579827600,0.097,8491
Jan 25 2020 01:,1579914000,0.1,8200
Jan 26 2020 01:,1580000400,0.099,9402
Jan 27 2020 01:,1580086800,0.1,6360
Jan 28 2020 01:,1580173200,0.101,6022
Jan 29 2020 01:,1580259600,0.104,9096
Jan 30 2020 01:,1580346000,0.111,7535
Jan 31 2020 01:,1580432400,0.114,8899
Feb 01 2020 01:,1580518800,0.116,8914
Feb 02 2020 01:,1580605200,0.113,7147
Feb 03 2020 01:,1580691600,0.116,6773
Feb 04 2020 01:,1580778000,0.111,6698
Feb 05 2020 01:,1580864400,0.114,8388
Feb 06 2020 01:,1580950800,0.114,10675
Feb 07 2020 01:,1581037200,0.112,7795
Feb 08 2020 01:,1581123600,0.111,7816
Feb 09 2020 01:,1581210000,0.103,8074
Feb 10 2020 01:,1581296400,0.103,6698
Feb 11 2020 01:,1581382800,0.102,6239
Feb 12 2020 01:,1581469200,0.107,6515
Feb 13 2020 01:,1581555600,0.105,6546
Feb 14 2020 01:,1581642000,0.105,8148
Feb 15 2020 01:,1581728400,0.11,8866
Feb 16 2020 01:,1581814800,0.114,11909
Feb 17 2020 01:,1581901200,0.112,8514
Feb 18 2020 01:,1581987600,0.114,7726
Feb 19 2020 01:,1582074000,0.109,6875
Feb 20 2020 01:,1582160400,0.107,6101
Feb 21 2020 01:,1582246800,0.116,10459
Feb 22 2020 01:,1582333200,0.114,11046
Feb 23 2020 01:,1582419600,0.121,17915
Feb 24 2020 01:,1582506000,0.127,13455
Feb 25 2020 01:,1582592400,0.121,12095
Feb 26 2020 01:,1582678800,0.123,8578
Feb 27 2020 01:,1582765200,0.126,10219
Feb 28 2020 01:,1582851600,0.128,9652
Feb 29 2020 01:,1582938000,0.13,10724
Mar 01 2020 01:,1583024400,0.125,11403
Mar 02 2020 01:,1583110800,0.13,9897
Mar 03 2020 01:,1583197200,0.134,11458
Mar 04 2020 01:,1583283600,0.138,10986
Mar 05 2020 01:,1583370000,0.148,15571
Mar 06 2020 01:,1583456400,0.16,16092
Mar 07 2020 01:,1583542800,0.169,14806
Mar 08 2020 01:,1583629200,0.157,9437
Mar 09 2020 01:,1583715600,0.146,9343
Mar 10 2020 01:,1583802000,0.138,7418
Mar 11 2020 01:,1583888400,0.131,7123
Mar 12 2020 01:,1583974800,0.128,7327
Mar 13 2020 01:,1584061200,0.116,7273
Mar 14 2020 01:,1584147600,0.116,9023
Mar 15 2020 01:,1584234000,0.121,8623
Mar 16 2020 01:,1584320400,0.112,8238
Mar 17 2020 01:,1584406800,0.107,7195
Mar 18 2020 01:,1584493200,0.1,7279
Mar 19 2020 01:,1584579600,0.097,8298
Mar 20 2020 01:,1584666000,0.094,7690
Mar 21 2020 01:,1584752400,0.095,8725
Mar 22 2020 01:,1584838800,0.088,7422
Mar 23 2020 01:,1584925200,0.084,9357
Mar 24 2020 01:,1585011600,0.083,8759
Mar 25 2020 01:,1585098000,0.082,8380
Mar 26 2020 01:,1585184400,0.092,9351
Mar 27 2020 01:,1585270800,0.102,9134
Mar 28 2020 01:,1585357200,0.109,9531
Mar 29 2020 01:,1585440000,0.108,8634
Mar 30 2020 01:,1585526400,0.098,9191
Mar 31 2020 01:,1585612800,0.083,8396
Apr 01 2020 01:,1585699200,0.091,13453
Apr 02 2020 01:,1585785600,0.095,12150
Apr 03 2020 01:,1585872000,0.101,12435
Apr 04 2020 01:,1585958400,0.093,11275
Apr 05 2020 01:,1586044800,0.092,11009
Apr 06 2020 01:,1586131200,0.087,11611
Apr 07 2020 01:,1586217600,0.087,11995
Apr 08 2020 01:,1586304000,0.091,10888
Apr 09 2020 01:,1586390400,0.094,9638
Apr 10 2020 01:,1586476800,0.094,11407
Apr 11 2020 01:,1586563200,0.094,10656
Apr 12 2020 01:,1586649600,0.097,11133
Apr 13 2020 01:,1586736000,0.097,11719
Apr 14 2020 01:,1586822400,0.089,12477
Apr 15 2020 01:,1586908800,0.092,12123
Apr 16 2020 01:,1586995200,0.098,12587
Apr 17 2020 01:,1587081600,0.099,10783
Apr 18 2020 01:,1587168000,0.104,9534
Apr 19 2020 01:,1587254400,0.106,11550
Apr 20 2020 01:,1587340800,0.107,10968
Apr 21 2020 01:,1587427200,0.104,9144
Apr 22 2020 01:,1587513600,0.098,9666
Apr 23 2020 01:,1587600000,0.1,10051
Apr 24 2020 01:,1587686400,0.107,10601
Apr 25 2020 01:,1587772800,0.108,11335
Apr 26 2020 01:,1587859200,0.111,13341
Apr 27 2020 01:,1587945600,0.106,9278
Apr 28 2020 01:,1588032000,0.106,9507
Apr 29 2020 01:,1588118400,0.105,6166
Apr 29 2020 15:,1588168800,0.102,381
Apr 29 2020 16:,1588172400,0.103,600
Apr 29 2020 17:,1588176000,0.102,559
Apr 29 2020 18:,1588179600,0.107,605
Apr 29 2020 19:,1588183200,0.109,516
Apr 29 2020 20:,1588186800,0.109,438
Apr 29 2020 21:,1588190400,0.101,527
Apr 29 2020 22:,1588194000,0.108,613
Apr 29 2020 23:,1588197600,0.119,829
Apr 30 2020 00:,1588201200,0.11,411
Apr 30 2020 01:,1588204800,0.11,255
Apr 30 2020 02:,1588208400,0.099,226
Apr 30 2020 03:,1588212000,0.092,206
Apr 30 2020 04:,1588215600,0.098,189
Apr 30 2020 05:,1588219200,0.1,216
Apr 30 2020 06:,1588222800,0.095,67
Apr 30 2020 07:,1588226400,0.099,222
Apr 30 2020 08:,1588230000,0.103,287
Apr 30 2020 09:,1588233600,0.093,415
Apr 30 2020 10:,1588237200,0.097,407
Apr 30 2020 11:,1588240800,0.092,276
Apr 30 2020 12:,1588244400,0.112,393
Apr 30 2020 13:,1588248000,0.1,826
Apr 30 2020 14:,1588251600,0.108,507
Apr 30 2020 15:,1588255200,0.101,279
Apr 30 2020 16:,1588258800,0.102,484
Apr 30 2020 17:,1588262400,0.102,540
Apr 30 2020 18:,1588266000,0.098,517
Apr 30 2020 19:,1588269600,0.099,1070
Apr 30 2020 20:,1588273200,0.099,1078
Apr 30 2020 21:,1588276800,0.108,715
Apr 30 2020 22:,1588280400,0.1,413
Apr 30 2020 23:,1588284000,0.1,324
May 01 2020 00:,1588287600,0.1,468
May 01 2020 01:,1588291200,0.1,276
May 01 2020 02:,1588294800,0.108,189
May 01 2020 03:,1588298400,0.11,232
May 01 2020 04:,1588302000,0.108,283
May 01 2020 05:,1588305600,0.103,155
May 01 2020 06:,1588309200,0.102,416
May 01 2020 07:,1588312800,0.108,221
May 01 2020 08:,1588316400,0.105,404
May 01 2020 09:,1588320000,0.108,261
May 01 2020 10:,1588323600,0.108,290
May 01 2020 11:,1588327200,0.108,536
May 01 2020 12:,1588330800,0.1,707
May 01 2020 13:,1588334400,0.1,755
May 01 2020 14:,1588338000,0.101,632
May 01 2020 15:,1588341600,0.119,1377
May 01 2020 16:,1588345200,0.115,706
May 01 2020 17:,1588348800,0.115,639
May 01 2020 18:,1588352400,0.115,594
May 01 2020 19:,1588356000,0.13,1429
May 01 2020 20:,1588359600,0.112,688
May 01 2020 21:,1588363200,0.114,456
May 01 2020 22:,1588366800,0.121,743
May 01 2020 23:,1588370400,0.125,892
May 02 2020 00:,1588374000,0.116,455
May 02 2020 01:,1588377600,0.11,263
May 02 2020 02:,1588381200,0.109,285
May 02 2020 03:,1588384800,0.12,232
May 02 2020 04:,1588388400,0.115,276
May 02 2020 05:,1588392000,0.12,334
May 02 2020 06:,1588395600,0.12,252
May 02 2020 07:,1588399200,0.116,213
May 02 2020 08:,1588402800,0.115,339
May 02 2020 09:,1588406400,0.109,250
May 02 2020 10:,1588410000,0.115,262
May 02 2020 11:,1588413600,0.114,439
May 02 2020 12:,1588417200,0.113,370
May 02 2020 13:,1588420800,0.109,404
May 02 2020 14:,1588424400,0.118,922
May 02 2020 15:,1588428000,0.118,1261
May 02 2020 16:,1588431600,0.12,1629
May 02 2020 17:,1588435200,0.121,1150
May 02 2020 18:,1588438800,0.121,869
May 02 2020 19:,1588442400,0.119,926
May 02 2020 20:,1588446000,0.117,722
May 02 2020 21:,1588449600,0.116,524
May 02 2020 22:,1588453200,0.113,584
May 02 2020 23:,1588456800,0.12,642
May 03 2020 00:,1588460400,0.114,382
May 03 2020 01:,1588464000,0.121,384
May 03 2020 02:,1588467600,0.115,303
May 03 2020 03:,1588471200,0.115,247
May 03 2020 04:,1588474800,0.117,280
May 03 2020 05:,1588478400,0.117,208
May 03 2020 06:,1588482000,0.12,132
May 03 2020 07:,1588485600,0.114,230
May 03 2020 08:,1588489200,0.118,391
May 03 2020 09:,1588492800,0.116,268
May 03 2020 10:,1588496400,0.117,241
May 03 2020 11:,1588500000,0.119,385
May 03 2020 12:,1588503600,0.117,459
May 03 2020 13:,1588507200,0.118,594
May 03 2020 14:,1588510800,0.115,419
May 03 2020 15:,1588514400,0.116,1061
May 03 2020 16:,1588518000,0.118,715
May 03 2020 17:,1588521600,0.119,453
May 03 2020 18:,1588525200,0.132,1250
May 03 2020 19:,1588528800,0.132,1190
May 03 2020 20:,1588532400,0.121,1277
May 03 2020 21:,1588536000,0.122,664
May 03 2020 22:,1588539600,0.129,976
May 03 2020 23:,1588543200,0.127,792
May 04 2020 00:,1588546800,0.132,522
May 04 2020 01:,1588550400,0.132,229
May 04 2020 02:,1588554000,0.121,242
May 04 2020 03:,1588557600,0.127,259
May 04 2020 04:,1588561200,0.128,186
May 04 2020 05:,1588564800,0.122,252
May 04 2020 06:,1588568400,0.121,180
May 04 2020 07:,1588572000,0.12,210
May 04 2020 08:,1588575600,0.126,355
May 04 2020 09:,1588579200,0.132,526
May 04 2020 10:,1588582800,0.124,577
May 04 2020 11:,1588586400,0.124,519
May 04 2020 12:,1588590000,0.125,539
May 04 2020 13:,1588593600,0.127,525
May 04 2020 14:,1588597200,0.129,817
May 04 2020 15:,1588600800,0.124,439
May 04 2020 16:,1588604400,0.132,502
May 04 2020 17:,1588608000,0.143,787
May 04 2020 18:,1588611600,0.13,648
May 04 2020 19:,1588615200,0.128,701
May 04 2020 20:,1588618800,0.126,877
May 04 2020 21:,1588622400,0.127,688
May 04 2020 22:,1588626000,0.123,479
May 04 2020 23:,1588629600,0.13,413
May 05 2020 00:,1588633200,0.128,542
May 05 2020 01:,1588636800,0.131,275
May 05 2020 02:,1588640400,0.142,554
May 05 2020 03:,1588644000,0.14,291
May 05 2020 04:,1588647600,0.136,377
May 05 2020 05:,1588651200,0.126,481
May 05 2020 06:,1588654800,0.128,418
May 05 2020 07:,1588658400,0.14,432
May 05 2020 08:,1588662000,0.135,608
May 05 2020 09:,1588665600,0.152,992
May 05 2020 10:,1588669200,0.141,897
May 05 2020 11:,1588672800,0.14,589
May 05 2020 12:,1588676400,0.136,515
May 05 2020 13:,1588680000,0.137,558
May 05 2020 14:,1588683600,0.136,505
May 05 2020 15:,1588687200,0.137,492
May 05 2020 16:,1588690800,0.142,513
May 05 2020 17:,1588694400,0.142,702
May 05 2020 18:,1588698000,0.142,523
May 05 2020 19:,1588701600,0.141,440
May 05 2020 20:,1588705200,0.142,497
May 05 2020 21:,1588708800,0.145,815
May 05 2020 22:,1588712400,0.141,432
May 05 2020 23:,1588716000,0.13,254
May 06 2020 00:,1588719600,0.139,244
May 06 2020 01:,1588723200,0.14,218
May 06 2020 02:,1588726800,0.135,194
May 06 2020 03:,1588730400,0.136,204
May 06 2020 04:,1588734000,0.14,186
May 06 2020 05:,1588737600,0.138,218
May 06 2020 06:,1588741200,0.132,220
May 06 2020 07:,1588744800,0.138,375
May 06 2020 08:,1588748400,0.139,537
May 06 2020 09:,1588752000,0.142,415
May 06 2020 10:,1588755600,0.152,760
May 06 2020 11:,1588759200,0.141,1125
May 06 2020 12:,1588762800,0.14,684
May 06 2020 13:,1588766400,0.14,520
May 06 2020 14:,1588770000,0.141,980
May 06 2020 15:,1588773600,0.141,691
May 06 2020 16:,1588777200,0.139,646
May 06 2020 17:,1588780800,0.141,814
May 06 2020 18:,1588784400,0.139,554
May 06 2020 19:,1588788000,0.141,885
May 06 2020 20:,1588791600,0.141,629
May 06 2020 21:,1588795200,0.145,758
May 06 2020 22:,1588798800,0.147,594
May 06 2020 23:,1588802400,0.151,1186
May 07 2020 00:,1588806000,0.148,477
May 07 2020 01:,1588809600,0.141,461
May 07 2020 02:,1588813200,0.141,277
May 07 2020 03:,1588816800,0.151,534
May 07 2020 04:,1588820400,0.15,308
May 07 2020 05:,1588824000,0.15,235
May 07 2020 06:,1588827600,0.15,281
May 07 2020 07:,1588831200,0.149,437
May 07 2020 08:,1588834800,0.153,752
May 07 2020 09:,1588838400,0.15,801
May 07 2020 10:,1588842000,0.162,1297
May 07 2020 11:,1588845600,0.149,586
May 07 2020 12:,1588849200,0.151,658
May 07 2020 13:,1588852800,0.151,487
May 07 2020 14:,1588856400,0.147,415
May 07 2020 15:,1588860000,0.149,792
May 07 2020 16:,1588863600,0.151,618
May 07 2020 17:,1588867200,0.149,1196
May 07 2020 18:,1588870800,0.151,792
May 07 2020 19:,1588874400,0.149,581
May 07 2020 20:,1588878000,0.149,462
May 07 2020 21:,1588881600,0.151,518
May 07 2020 22:,1588885200,0.151,612
May 07 2020 23:,1588888800,0.145,412
May 08 2020 00:,1588892400,0.16,1255
May 08 2020 01:,1588896000,0.15,674
May 08 2020 02:,1588899600,0.151,387
May 08 2020 03:,1588903200,0.149,229
May 08 2020 04:,1588906800,0.15,212
May 08 2020 05:,1588910400,0.149,201
May 08 2020 06:,1588914000,0.149,174
May 08 2020 07:,1588917600,0.145,344
May 08 2020 08:,1588921200,0.149,420
May 08 2020 09:,1588924800,0.15,269
May 08 2020 10:,1588928400,0.148,391
May 08 2020 11:,1588932000,0.144,235
May 08 2020 12:,1588935600,0.148,513
May 08 2020 13:,1588939200,0.139,482
May 08 2020 14:,1588942800,0.148,719
May 08 2020 15:,1588946400,0.151,605
May 08 2020 16:,1588950000,0.14,472
May 08 2020 17:,1588953600,0.151,773
May 08 2020 18:,1588957200,0.151,570
May 08 2020 19:,1588960800,0.14,670
May 08 2020 20:,1588964400,0.139,763
May 08 2020 21:,1588968000,0.138,834
May 08 2020 22:,1588971600,0.141,660
May 08 2020 23:,1588975200,0.138,404
May 09 2020 00:,1588978800,0.14,316
May 09 2020 01:,1588982400,0.138,545
May 09 2020 02:,1588986000,0.141,359
May 09 2020 03:,1588989600,0.139,188
May 09 2020 04:,1588993200,0.15,210
May 09 2020 05:,1588996800,0.138,313
May 09 2020 06:,1589000400,0.14,230
May 09 2020 07:,1589004000,0.14,221
May 09 2020 08:,1589007600,0.14,540
May 09 2020 09:,1589011200,0.129,913
May 09 2020 10:,1589014800,0.136,863
May 09 2020 11:,1589018400,0.136,398
May 09 2020 12:,1589022000,0.136,378
May 09 2020 13:,1589025600,0.138,313
May 09 2020 14:,1589029200,0.151,1698
May 09 2020 15:,1589032800,0.14,849
May 09 2020 16:,1589036400,0.141,659
May 09 2020 17:,1589040000,0.139,465
May 09 2020 18:,1589043600,0.138,639
May 09 2020 19:,1589047200,0.14,747
May 09 2020 20:,1589050800,0.133,558
May 09 2020 21:,1589054400,0.134,468
May 09 2020 22:,1589058000,0.135,476
May 09 2020 23:,1589061600,0.13,668
May 10 2020 00:,1589065200,0.133,326
May 10 2020 01:,1589068800,0.133,253
May 10 2020 02:,1589072400,0.134,183
May 10 2020 03:,1589076000,0.14,220
May 10 2020 04:,1589079600,0.131,168
May 10 2020 05:,1589083200,0.135,232
May 10 2020 06:,1589086800,0.136,248
May 10 2020 07:,1589090400,0.136,133
May 10 2020 08:,1589094000,0.13,150
May 10 2020 09:,1589097600,0.137,280
May 10 2020 10:,1589101200,0.138,333
May 10 2020 11:,1589104800,0.138,468
May 10 2020 12:,1589108400,0.138,344
May 10 2020 13:,1589112000,0.136,368
May 10 2020 14:,1589115600,0.131,413
May 10 2020 15:,1589119200,0.137,479
May 10 2020 16:,1589122800,0.141,383
May 10 2020 17:,1589126400,0.137,403
May 10 2020 18:,1589130000,0.129,626
May 10 2020 19:,1589133600,0.13,693
May 10 2020 20:,1589137200,0.126,509
May 10 2020 21:,1589140800,0.13,548
May 10 2020 22:,1589144400,0.125,354
May 10 2020 23:,1589148000,0.125,438
May 11 2020 00:,1589151600,0.13,263
May 11 2020 01:,1589155200,0.13,327
May 11 2020 02:,1589158800,0.13,228
May 11 2020 03:,1589162400,0.14,172
May 11 2020 04:,1589166000,0.129,145
May 11 2020 05:,1589169600,0.13,171
May 11 2020 06:,1589173200,0.13,215
May 11 2020 07:,1589176800,0.129,169
May 11 2020 08:,1589180400,0.13,282
May 11 2020 09:,1589184000,0.126,343
May 11 2020 10:,1589187600,0.13,493
May 11 2020 11:,1589191200,0.128,357
May 11 2020 12:,1589194800,0.126,417
May 11 2020 13:,1589198400,0.122,482
May 11 2020 14:,1589202000,0.121,382
May 11 2020 15:,1589205600,0.122,695
May 11 2020 16:,1589209200,0.124,876
May 11 2020 17:,1589212800,0.13,530
May 11 2020 18:,1589216400,0.141,1029
May 11 2020 19:,1589220000,0.136,823
May 11 2020 20:,1589223600,0.138,862
May 11 2020 21:,1589227200,0.132,995
May 11 2020 22:,1589230800,0.13,631
May 11 2020 23:,1589234400,0.13,566
May 12 2020 00:,1589238000,0.13,444
May 12 2020 01:,1589241600,0.13,305
May 12 2020 02:,1589245200,0.13,157
May 12 2020 03:,1589248800,0.14,332
May 12 2020 04:,1589252400,0.132,168
May 12 2020 05:,1589256000,0.13,133
May 12 2020 06:,1589259600,0.13,177
May 12 2020 07:,1589263200,0.136,345
May 12 2020 08:,1589266800,0.138,386
May 12 2020 09:,1589270400,0.151,532
May 12 2020 10:,1589274000,0.134,270
May 12 2020 11:,1589277600,0.141,457
May 12 2020 12:,1589281200,0.14,1044
May 12 2020 13:,1589284800,0.136,340
May 12 2020 14:,1589288400,0.138,383
May 12 2020 15:,1589292000,0.14,536
May 12 2020 16:,1589295600,0.14,422
May 12 2020 17:,1589299200,0.141,1179
May 12 2020 18:,1589302800,0.141,1488
May 12 2020 19:,1589306400,0.141,576
May 12 2020 20:,1589310000,0.149,756
May 12 2020 21:,1589313600,0.15,786
May 12 2020 22:,1589317200,0.148,597
May 12 2020 23:,1589320800,0.15,356
May 13 2020 00:,1589324400,0.151,629
May 13 2020 01:,1589328000,0.152,304
May 13 2020 02:,1589331600,0.15,313
May 13 2020 03:,1589335200,0.15,206
May 13 2020 04:,1589338800,0.15,120
May 13 2020 05:,1589342400,0.139,169
May 13 2020 06:,1589346000,0.148,265
May 13 2020 07:,1589349600,0.148,458
May 13 2020 08:,1589353200,0.143,257
May 13 2020 09:,1589356800,0.142,234
May 13 2020 10:,1589360400,0.142,271
May 13 2020 11:,1589364000,0.148,404
May 13 2020 12:,1589367600,0.143,486
May 13 2020 13:,1589371200,0.141,341
May 13 2020 14:,1589374800,0.141,671
May 13 2020 15:,1589378400,0.142,655
May 13 2020 16:,1589382000,0.141,552
May 13 2020 17:,1589385600,0.141,437
May 13 2020 18:,1589389200,0.141,503
May 13 2020 19:,1589392800,0.141,375
May 13 2020 20:,1589396400,0.141,638
May 13 2020 21:,1589400000,0.141,415
May 13 2020 22:,1589403600,0.141,446
May 13 2020 23:,1589407200,0.141,489
May 14 2020 00:,1589410800,0.141,295
May 14 2020 01:,1589414400,0.141,288
May 14 2020 02:,1589418000,0.15,368
May 14 2020 03:,1589421600,0.138,164
May 14 2020 04:,1589425200,0.141,220
May 14 2020 05:,1589428800,0.147,250
May 14 2020 06:,1589432400,0.148,194
May 14 2020 07:,1589436000,0.141,151
May 14 2020 08:,1589439600,0.141,193
May 14 2020 09:,1589443200,0.143,369
May 14 2020 10:,1589446800,0.141,457
May 14 2020 11:,1589450400,0.145,383
May 14 2020 12:,1589454000,0.152,504
May 14 2020 13:,1589457600,0.145,306
May 14 2020 14:,1589461200,0.141,433
May 14 2020 15:,1589464800,0.141,397
May 14 2020 16:,1589468400,0.141,387
May 14 2020 17:,1589472000,0.141,441
May 14 2020 18:,1589475600,0.141,573
May 14 2020 19:,1589479200,0.141,606
May 14 2020 20:,1589482800,0.141,999
May 14 2020 21:,1589486400,0.144,456
May 14 2020 22:,1589490000,0.14,529
May 14 2020 23:,1589493600,0.15,563
May 15 2020 00:,1589497200,0.14,436
May 15 2020 01:,1589500800,0.149,223
May 15 2020 02:,1589504400,0.148,197
May 15 2020 03:,1589508000,0.14,267
May 15 2020 04:,1589511600,0.131,105
May 15 2020 05:,1589515200,0.14,160
May 15 2020 06:,1589518800,0.136,168
May 15 2020 07:,1589522400,0.14,173
May 15 2020 08:,1589526000,0.14,291
May 15 2020 09:,1589529600,0.14,182
May 15 2020 10:,1589533200,0.131,305
May 15 2020 11:,1589536800,0.14,397
May 15 2020 12:,1589540400,0.14,529
May 15 2020 13:,1589544000,0.14,513
May 15 2020 14:,1589547600,0.149,462
May 15 2020 15:,1589551200,0.14,485
May 15 2020 16:,1589554800,0.142,515
May 15 2020 17:,1589558400,0.156,1925
May 15 2020 18:,1589562000,0.156,928
May 15 2020 19:,1589565600,0.156,890
May 15 2020 20:,1589569200,0.153,584
May 15 2020 21:,1589572800,0.149,733
May 15 2020 22:,1589576400,0.16,773
May 15 2020 23:,1589580000,0.162,1063
May 16 2020 00:,1589583600,0.16,503
May 16 2020 01:,1589587200,0.16,434
May 16 2020 02:,1589590800,0.153,203
May 16 2020 03:,1589594400,0.151,159
May 16 2020 04:,1589598000,0.156,185
May 16 2020 05:,1589601600,0.156,206
May 16 2020 06:,1589605200,0.149,135
May 16 2020 07:,1589608800,0.154,243
May 16 2020 08:,1589612400,0.149,226
May 16 2020 09:,1589616000,0.162,888
May 16 2020 10:,1589619600,0.16,490
May 16 2020 11:,1589623200,0.15,278
May 16 2020 12:,1589626800,0.148,302
May 16 2020 13:,1589630400,0.141,314
May 16 2020 14:,1589634000,0.148,380
May 16 2020 15:,1589637600,0.143,434
May 16 2020 16:,1589641200,0.147,499
May 16 2020 17:,1589644800,0.149,387
May 16 2020 18:,1589648400,0.162,1172
May 16 2020 19:,1589652000,0.144,472
May 16 2020 20:,1589655600,0.152,376
May 16 2020 21:,1589659200,0.142,478
May 16 2020 22:,1589662800,0.15,605
May 16 2020 23:,1589666400,0.152,502
May 17 2020 00:,1589670000,0.152,443
May 17 2020 01:,1589673600,0.15,291
May 17 2020 02:,1589677200,0.149,361
May 17 2020 03:,1589680800,0.15,226
May 17 2020 04:,1589684400,0.149,205
May 17 2020 05:,1589688000,0.149,206
May 17 2020 06:,1589691600,0.159,230
May 17 2020 07:,1589695200,0.154,383
May 17 2020 08:,1589698800,0.15,209
May 17 2020 09:,1589702400,0.149,258
May 17 2020 10:,1589706000,0.149,286
May 17 2020 11:,1589709600,0.148,345
May 17 2020 12:,1589713200,0.146,398
May 17 2020 13:,1589716800,0.15,487
May 17 2020 14:,1589720400,0.146,362
May 17 2020 15:,1589724000,0.15,639
May 17 2020 16:,1589727600,0.149,394
May 17 2020 17:,1589731200,0.149,406
May 17 2020 18:,1589734800,0.152,647
May 17 2020 19:,1589738400,0.152,454
May 17 2020 20:,1589742000,0.158,459
May 17 2020 21:,1589745600,0.151,449
May 17 2020 22:,1589749200,0.152,412
May 17 2020 23:,1589752800,0.152,364
May 18 2020 00:,1589756400,0.154,330
May 18 2020 01:,1589760000,0.152,211
May 18 2020 02:,1589763600,0.152,195
May 18 2020 03:,1589767200,0.152,128
May 18 2020 04:,1589770800,0.149,144
May 18 2020 05:,1589774400,0.15,223
May 18 2020 06:,1589778000,0.15,199
May 18 2020 07:,1589781600,0.149,222
May 18 2020 08:,1589785200,0.16,670
May 18 2020 09:,1589788800,0.156,432
May 18 2020 10:,1589792400,0.152,207
May 18 2020 11:,1589796000,0.149,368
May 18 2020 12:,1589799600,0.144,443
May 18 2020 13:,1589803200,0.141,524
May 18 2020 14:,1589806800,0.142,428
May 18 2020 15:,1589810400,0.152,600
May 18 2020 16:,1589814000,0.15,687
May 18 2020 17:,1589817600,0.152,681
May 18 2020 18:,1589821200,0.149,501
May 18 2020 19:,1589824800,0.143,569
May 18 2020 20:,1589828400,0.144,565
May 18 2020 21:,1589832000,0.144,549
May 18 2020 22:,1589835600,0.141,371
May 18 2020 23:,1589839200,0.145,439
May 19 2020 00:,1589842800,0.141,241
May 19 2020 01:,1589846400,0.15,227
May 19 2020 02:,1589850000,0.15,256
May 19 2020 03:,1589853600,0.15,127
May 19 2020 04:,1589857200,0.149,161
May 19 2020 05:,1589860800,0.142,141
May 19 2020 06:,1589864400,0.15,188
May 19 2020 07:,1589868000,0.15,131
May 19 2020 08:,1589871600,0.142,229
May 19 2020 09:,1589875200,0.15,288
May 19 2020 10:,1589878800,0.145,308
May 19 2020 11:,1589882400,0.141,470
May 19 2020 12:,1589886000,0.141,574
May 19 2020 13:,1589889600,0.14,667
May 19 2020 14:,1589893200,0.145,315
May 19 2020 15:,1589896800,0.141,501
May 19 2020 16:,1589900400,0.141,290
May 19 2020 17:,1589904000,0.141,389
May 19 2020 18:,1589907600,0.14,760
May 19 2020 19:,1589911200,0.14,784
May 19 2020 20:,1589914800,0.139,297
May 19 2020 21:,1589918400,0.142,316
May 19 2020 22:,1589922000,0.15,545
May 19 2020 23:,1589925600,0.142,318
May 20 2020 00:,1589929200,0.142,147
May 20 2020 01:,1589932800,0.15,453
May 20 2020 02:,1589936400,0.147,296
May 20 2020 03:,1589940000,0.142,267
May 20 2020 04:,1589943600,0.142,207
May 20 2020 05:,1589947200,0.142,113
May 20 2020 06:,1589950800,0.148,181
May 20 2020 07:,1589954400,0.15,114
May 20 2020 08:,1589958000,0.142,180
May 20 2020 09:,1589961600,0.142,294
May 20 2020 10:,1589965200,0.153,953
May 20 2020 11:,1589968800,0.149,455
May 20 2020 12:,1589972400,0.142,332
May 20 2020 13:,1589976000,0.141,303
May 20 2020 14:,1589979600,0.141,477
May 20 2020 15:,1589983200,0.14,352
May 20 2020 16:,1589986800,0.138,367
May 20 2020 17:,1589990400,0.14,490
May 20 2020 18:,1589994000,0.138,327
May 20 2020 19:,1589997600,0.132,360
May 20 2020 20:,1590001200,0.136,622
May 20 2020 21:,1590004800,0.138,623
May 20 2020 22:,1590008400,0.142,431
May 20 2020 23:,1590012000,0.141,367
May 21 2020 00:,1590015600,0.14,357
May 21 2020 01:,1590019200,0.14,307
May 21 2020 02:,1590022800,0.15,382
May 21 2020 03:,1590026400,0.146,155
May 21 2020 04:,1590030000,0.15,163
May 21 2020 05:,1590033600,0.15,120
May 21 2020 06:,1590037200,0.15,141
May 21 2020 07:,1590040800,0.149,234
May 21 2020 08:,1590044400,0.148,190
May 21 2020 09:,1590048000,0.14,221
May 21 2020 10:,1590051600,0.138,435
May 21 2020 11:,1590055200,0.143,292
May 21 2020 12:,1590058800,0.145,305
May 21 2020 13:,1590062400,0.154,1250
May 21 2020 14:,1590066000,0.155,815
May 21 2020 15:,1590069600,0.152,501
May 21 2020 16:,1590073200,0.152,480
May 21 2020 17:,1590076800,0.143,341
May 21 2020 18:,1590080400,0.141,283
May 21 2020 19:,1590084000,0.143,330
May 21 2020 20:,1590087600,0.138,308
May 21 2020 21:,1590091200,0.15,506
May 21 2020 22:,1590094800,0.143,281
May 21 2020 23:,1590098400,0.14,234
May 22 2020 00:,1590102000,0.143,274
May 22 2020 01:,1590105600,0.141,98
May 22 2020 02:,1590109200,0.15,163
May 22 2020 03:,1590112800,0.15,150
May 22 2020 04:,1590116400,0.15,120
May 22 2020 05:,1590120000,0.144,88
May 22 2020 06:,1590123600,0.151,123
May 22 2020 07:,1590127200,0.149,290
May 22 2020 08:,1590130800,0.154,313
May 22 2020 09:,1590134400,0.154,397
May 22 2020 10:,1590138000,0.152,429
May 22 2020 11:,1590141600,0.153,1056
May 22 2020 12:,1590145200,0.153,774
May 22 2020 13:,1590148800,0.157,2091
May 22 2020 14:,1590152400,0.161,1519
May 22 2020 15:,1590156000,0.158,656
May 22 2020 16:,1590159600,0.154,721
May 22 2020 17:,1590163200,0.143,561
May 22 2020 18:,1590166800,0.159,657
May 22 2020 19:,1590170400,0.143,414
May 22 2020 20:,1590174000,0.154,414
May 22 2020 21:,1590177600,0.156,525
May 22 2020 22:,1590181200,0.16,653
May 22 2020 23:,1590184800,0.148,226
May 23 2020 00:,1590188400,0.145,235
May 23 2020 01:,1590192000,0.144,233
May 23 2020 02:,1590195600,0.152,174
May 23 2020 03:,1590199200,0.16,246
May 23 2020 04:,1590202800,0.161,205
May 23 2020 05:,1590206400,0.16,119
May 23 2020 06:,1590210000,0.157,146
May 23 2020 07:,1590213600,0.15,225
May 23 2020 08:,1590217200,0.158,315
May 23 2020 09:,1590220800,0.154,167
May 23 2020 10:,1590224400,0.162,440
May 23 2020 11:,1590228000,0.154,526
May 23 2020 12:,1590231600,0.154,514
May 23 2020 13:,1590235200,0.154,358
May 23 2020 14:,1590238800,0.154,494
May 23 2020 15:,1590242400,0.154,701
May 23 2020 16:,1590246000,0.155,458
May 23 2020 17:,1590249600,0.154,587
May 23 2020 18:,1590253200,0.154,955
May 23 2020 19:,1590256800,0.154,548
May 23 2020 20:,1590260400,0.151,614
May 23 2020 21:,1590264000,0.153,388
May 23 2020 22:,1590267600,0.148,553
May 23 2020 23:,1590271200,0.15,335
May 24 2020 00:,1590274800,0.154,373
May 24 2020 01:,1590278400,0.154,540
May 24 2020 02:,1590282000,0.154,259
May 24 2020 03:,1590285600,0.152,173
May 24 2020 04:,1590289200,0.154,378
May 24 2020 05:,1590292800,0.155,392
May 24 2020 06:,1590296400,0.16,246
May 24 2020 07:,1590300000,0.156,297
May 24 2020 08:,1590303600,0.154,250
May 24 2020 09:,1590307200,0.132,434
May 24 2020 10:,1590310800,0.149,383
May 24 2020 11:,1590314400,0.151,547
May 24 2020 12:,1590318000,0.154,1171
May 24 2020 13:,1590321600,0.165,1813
May 24 2020 14:,1590325200,0.165,2260
May 24 2020 15:,1590328800,0.156,699
May 24 2020 16:,1590332400,0.162,1158
May 24 2020 17:,1590336000,0.157,792
May 24 2020 18:,1590339600,0.154,549
May 24 2020 19:,1590343200,0.139,949
May 24 2020 20:,1590346800,0.15,491
May 24 2020 21:,1590350400,0.15,494
May 24 2020 22:,1590354000,0.154,641
May 24 2020 23:,1590357600,0.152,702
May 25 2020 00:,1590361200,0.159,462
May 25 2020 01:,1590364800,0.155,153
May 25 2020 02:,1590368400,0.154,150
May 25 2020 03:,1590372000,0.16,185
May 25 2020 04:,1590375600,0.154,330
May 25 2020 05:,1590379200,0.158,292
May 25 2020 06:,1590382800,0.154,278
May 25 2020 07:,1590386400,0.155,220
May 25 2020 08:,1590390000,0.154,179
May 25 2020 09:,1590393600,0.154,171
May 25 2020 10:,1590397200,0.154,309
May 25 2020 11:,1590400800,0.154,456
May 25 2020 12:,1590404400,0.154,340
May 25 2020 13:,1590408000,0.154,411
May 25 2020 14:,1590411600,0.152,589
May 25 2020 15:,1590415200,0.155,509
May 25 2020 16:,1590418800,0.154,520
May 25 2020 17:,1590422400,0.154,499
May 25 2020 18:,1590426000,0.154,653
May 25 2020 19:,1590429600,0.154,783
May 25 2020 20:,1590433200,0.154,598
May 25 2020 21:,1590436800,0.16,70
May 25 2020 22:,1590440400,0.154,503
May 25 2020 23:,1590444000,0.154,619
May 26 2020 00:,1590447600,0.151,615
May 26 2020 01:,1590451200,0.144,194
May 26 2020 02:,1590454800,0.144,291
May 26 2020 03:,1590458400,0.15,382
May 26 2020 04:,1590462000,0.144,327
May 26 2020 05:,1590465600,0.147,254
May 26 2020 06:,1590469200,0.144,236
May 26 2020 07:,1590472800,0.144,359
May 26 2020 08:,1590476400,0.144,603
May 26 2020 09:,1590480000,0.143,586
May 26 2020 10:,1590483600,0.143,557
May 26 2020 11:,1590487200,0.139,527
May 26 2020 12:,1590490800,0.143,723
May 26 2020 13:,1590494400,0.143,640
May 26 2020 14:,1590498000,0.141,407
May 26 2020 15:,1590501600,0.141,379
May 26 2020 16:,1590505200,0.143,390
May 26 2020 17:,1590508800,0.143,401
May 26 2020 18:,1590512400,0.139,470
May 26 2020 19:,1590516000,0.141,392
May 26 2020 20:,1590519600,0.14,390
May 26 2020 21:,1590523200,0.142,306
May 26 2020 22:,1590526800,0.134,274
May 26 2020 23:,1590530400,0.135,188
May 27 2020 00:,1590534000,0.135,200
May 27 2020 01:,1590537600,0.135,211
May 27 2020 02:,1590541200,0.136,363
May 27 2020 03:,1590544800,0.136,149
May 27 2020 04:,1590548400,0.14,290
May 27 2020 05:,1590552000,0.139,380
May 27 2020 06:,1590555600,0.142,216
May 27 2020 07:,1590559200,0.144,237
May 27 2020 08:,1590562800,0.137,325
May 27 2020 09:,1590566400,0.139,199
May 27 2020 10:,1590570000,0.14,207
May 27 2020 11:,1590573600,0.14,317
May 27 2020 12:,1590577200,0.136,175
May 27 2020 13:,1590580800,0.133,491
May 27 2020 14:,1590584400,0.131,305
May 27 2020 15:,1590588000,0.142,468
May 27 2020 16:,1590591600,0.142,415
May 27 2020 17:,1590595200,0.139,378
May 27 2020 18:,1590598800,0.135,273
May 27 2020 19:,1590602400,0.131,349
May 27 2020 20:,1590606000,0.131,376
May 27 2020 21:,1590609600,0.141,585
May 27 2020 22:,1590613200,0.143,359
May 27 2020 23:,1590616800,0.143,333
May 28 2020 00:,1590620400,0.143,249
May 28 2020 01:,1590624000,0.132,193
May 28 2020 02:,1590627600,0.138,174
May 28 2020 03:,1590631200,0.138,151
May 28 2020 04:,1590634800,0.139,234
May 28 2020 05:,1590638400,0.14,189
May 28 2020 06:,1590642000,0.14,214
May 28 2020 07:,1590645600,0.127,215
May 28 2020 08:,1590649200,0.132,397
May 28 2020 09:,1590652800,0.135,364
May 28 2020 10:,1590656400,0.139,433
May 28 2020 11:,1590660000,0.129,186
May 28 2020 12:,1590663600,0.137,226
May 28 2020 13:,1590667200,0.138,623
May 28 2020 14:,1590670800,0.128,259
May 28 2020 15:,1590674400,0.131,268
May 28 2020 16:,1590678000,0.125,299
May 28 2020 17:,1590681600,0.138,398
May 28 2020 18:,1590685200,0.14,287
May 28 2020 19:,1590688800,0.139,322
May 28 2020 20:,1590692400,0.143,553
May 28 2020 21:,1590696000,0.139,266
May 28 2020 22:,1590699600,0.134,293
May 28 2020 23:,1590703200,0.126,598
May 29 2020 00:,1590706800,0.133,559
May 29 2020 01:,1590710400,0.138,314
May 29 2020 02:,1590714000,0.141,307
May 29 2020 03:,1590717600,0.14,235
May 29 2020 04:,1590721200,0.15,284
May 29 2020 05:,1590724800,0.132,176
May 29 2020 06:,1590728400,0.14,139
May 29 2020 07:,1590732000,0.14,138
May 29 2020 08:,1590735600,0.134,139
May 29 2020 09:,1590739200,0.132,181
May 29 2020 10:,1590742800,0.13,276
May 29 2020 11:,1590746400,0.138,320
May 29 2020 12:,1590750000,0.14,428
May 29 2020 13:,1590753600,0.143,562
May 29 2020 14:,1590757200.0,0.14299999999999999,609.0
May 29 2020 15:,1590760800.0,0.154,785.0
May 29 2020 16:,1590764400.0,0.154,1148.0
May 29 2020 17:,1590768000.0,0.154,579.0
May 29 2020 18:,1590771600.0,0.14699999999999999,452.0
May 29 2020 19:,1590775200.0,0.154,587.0
May 29 2020 20:,1590778800.0,0.14000000000000001,378.0
May 29 2020 21:,1590782400.0,0.14399999999999999,353.0
May 29 2020 22:,1590786000.0,0.155,523.0
May 29 2020 23:,1590789600.0,0.14399999999999999,267.0
May 30 2020 00:,1590793200.0,0.14999999999999999,221.0
May 30 2020 01:,1590796800.0,0.14999999999999999,272.0
May 30 2020 02:,1590800400.0,0.14799999999999999,227.0
May 30 2020 03:,1590804000.0,0.14799999999999999,137.0
May 30 2020 04:,1590807600.0,0.151,141.0
May 30 2020 05:,1590811200.0,0.14099999999999999,126.0
May 30 2020 06:,1590814800.0,0.14199999999999999,221.0
May 30 2020 07:,1590818400.0,0.14099999999999999,168.0
May 30 2020 08:,1590822000.0,0.14799999999999999,158.0
May 30 2020 09:,1590825600.0,0.14199999999999999,203.0
May 30 2020 10:,1590829200.0,0.14999999999999999,254.0
May 30 2020 11:,1590832800.0,0.14899999999999999,366.0
May 30 2020 12:,1590836400.0,0.14399999999999999,281.0
May 30 2020 13:,1590840000.0,0.14499999999999999,336.0
May 30 2020 14:,1590843600.0,0.14399999999999999,285.0
May 30 2020 15:,1590847200.0,0.16600000000000001,820.0
May 30 2020 16:,1590850800.0,0.152,386.0
May 30 2020 17:,1590854400.0,0.14499999999999999,442.0
May 30 2020 18:,1590858000.0,0.155,658.0
May 30 2020 19:,1590861600.0,0.14399999999999999,400.0
May 30 2020 20:,1590865200.0,0.14399999999999999,466.0
May 30 2020 21:,1590868800.0,0.14399999999999999,272.0
May 30 2020 22:,1590872400.0,0.14999999999999999,378.0
May 30 2020 23:,1590876000.0,0.14399999999999999,229.0
May 31 2020 00:,1590879600.0,0.14399999999999999,268.0
May 31 2020 01:,1590883200.0,0.14399999999999999,424.0
May 31 2020 02:,1590886800.0,0.14399999999999999,208.0
May 31 2020 03:,1590890400.0,0.14099999999999999,248.0
May 31 2020 04:,1590894000.0,0.14799999999999999,250.0
May 31 2020 05:,1590897600.0,0.14999999999999999,119.0
May 31 2020 06:,1590901200.0,0.14999999999999999,148.0
May 31 2020 07:,1590904800.0,0.14499999999999999,158.0
May 31 2020 08:,1590908400.0,0.14999999999999999,243.0
May 31 2020 09:,1590912000.0,0.14499999999999999,269.0
May 31 2020 10:,1590915600.0,0.14999999999999999,212.0
May 31 2020 11:,1590919200.0,0.155,537.0
May 31 2020 12:,1590922800.0,0.14599999999999999,335.0
May 31 2020 13:,1590926400.0,0.152,583.0
May 31 2020 14:,1590930000.0,0.155,641.0
May 31 2020 15:,1590933600.0,0.154,548.0
May 31 2020 16:,1590937200.0,0.151,487.0
May 31 2020 17:,1590940800.0,0.155,398.0
May 31 2020 18:,1590944400.0,0.14399999999999999,301.0
May 31 2020 19:,1590948000.0,0.155,418.0
May 31 2020 20:,1590951600.0,0.14099999999999999,292.0
May 31 2020 21:,1590955200.0,0.13900000000000001,389.0
May 31 2020 22:,1590958800.0,0.14099999999999999,264.0
May 31 2020 23:,1590962400.0,0.155,397.0
Jun 01 2020 00:,1590966000.0,0.14799999999999999,239.0
Jun 01 2020 01:,1590969600.0,0.14799999999999999,184.0
Jun 01 2020 02:,1590973200.0,0.13700000000000001,268.0
Jun 01 2020 03:,1590976800.0,0.14499999999999999,158.0
Jun 01 2020 04:,1590980400.0,0.14999999999999999,102.0
Jun 01 2020 05:,1590984000.0,0.152,240.0
Jun 01 2020 06:,1590987600.0,0.13300000000000001,434.0
Jun 01 2020 07:,1590991200.0,0.13900000000000001,135.0
Jun 01 2020 08:,1590994800.0,0.14199999999999999,130.0
Jun 01 2020 09:,1590998400.0,0.14000000000000001,210.0
Jun 01 2020 10:,1591002000.0,0.14099999999999999,158.0
Jun 01 2020 11:,1591005600.0,0.14000000000000001,240.0
Jun 01 2020 12:,1591009200.0,0.14000000000000001,465.0
Jun 01 2020 13:,1591012800.0,0.14000000000000001,377.0
Jun 01 2020 14:,1591016400.0,0.14099999999999999,348.0
Jun 01 2020 15:,1591020000.0,0.13700000000000001,295.0
Jun 01 2020 16:,1591023600.0,0.14000000000000001,263.0
Jun 01 2020 17:,1591027200.0,0.14399999999999999,603.0
Jun 01 2020 18:,1591030800.0,0.13800000000000001,341.0
Jun 01 2020 19:,1591034400.0,0.14399999999999999,502.0
Jun 01 2020 20:,1591038000.0,0.14000000000000001,636.0
Jun 01 2020 21:,1591041600.0,0.14999999999999999,461.0
Jun 01 2020 22:,1591045200.0,0.14999999999999999,258.0
Jun 01 2020 23:,1591048800.0,0.14000000000000001,344.0
Jun 02 2020 00:,1591052400.0,0.14000000000000001,155.0
Jun 02 2020 01:,1591056000.0,0.14000000000000001,212.0
Jun 02 2020 02:,1591059600.0,0.14399999999999999,96.0
Jun 02 2020 03:,1591063200.0,0.14399999999999999,130.0
Jun 02 2020 04:,1591066800.0,0.14599999999999999,170.0
Jun 02 2020 05:,1591070400.0,0.14399999999999999,129.0
Jun 02 2020 06:,1591074000.0,0.14199999999999999,122.0
Jun 02 2020 07:,1591077600.0,0.14399999999999999,150.0
Jun 02 2020 08:,1591081200.0,0.14399999999999999,239.0
Jun 02 2020 09:,1591084800.0,0.14399999999999999,175.0
Jun 02 2020 10:,1591088400.0,0.14499999999999999,510.0
Jun 02 2020 11:,1591092000.0,0.14599999999999999,443.0
Jun 02 2020 12:,1591095600.0,0.14699999999999999,445.0
Jun 02 2020 13:,1591099200.0,0.14799999999999999,274.0
Jun 02 2020 14:,1591102800.0,0.14999999999999999,221.0
Jun 02 2020 15:,1591106400.0,0.155,398.0
Jun 02 2020 16:,1591110000.0,0.154,449.0
Jun 02 2020 17:,1591113600.0,0.14299999999999999,344.0
Jun 02 2020 18:,1591117200.0,0.14399999999999999,282.0
Jun 02 2020 19:,1591120800.0,0.14299999999999999,301.0
Jun 02 2020 20:,1591124400.0,0.14499999999999999,360.0
Jun 02 2020 21:,1591128000.0,0.14499999999999999,295.0
Jun 02 2020 22:,1591131600.0,0.14699999999999999,302.0
Jun 02 2020 23:,1591135200.0,0.14999999999999999,421.0
Jun 03 2020 00:,1591138800.0,0.14499999999999999,186.0
Jun 03 2020 01:,1591142400.0,0.14899999999999999,340.0
Jun 03 2020 02:,1591146000.0,0.156,156.0
Jun 03 2020 03:,1591149600.0,0.14999999999999999,135.0
Jun 03 2020 04:,1591153200.0,0.14499999999999999,139.0
Jun 03 2020 05:,1591156800.0,0.14499999999999999,335.0
Jun 03 2020 06:,1591160400.0,0.14799999999999999,227.0
Jun 03 2020 07:,1591164000.0,0.152,198.0
Jun 03 2020 08:,1591167600.0,0.155,204.0
Jun 03 2020 09:,1591171200.0,0.152,179.0
Jun 03 2020 10:,1591174800.0,0.153,393.0
Jun 03 2020 11:,1591178400.0,0.154,393.0
Jun 03 2020 12:,1591182000.0,0.14899999999999999,321.0
Jun 03 2020 13:,1591185600.0,0.153,307.0
Jun 03 2020 14:,1591189200.0,0.156,243.0
Jun 03 2020 15:,1591192800.0,0.156,410.0
Jun 03 2020 16:,1591196400.0,0.14499999999999999,221.0
Jun 03 2020 17:,1591200000.0,0.156,280.0
Jun 03 2020 18:,1591203600.0,0.156,357.0
Jun 03 2020 19:,1591207200.0,0.156,350.0
Jun 03 2020 20:,1591210800.0,0.156,277.0
Jun 03 2020 21:,1591214400.0,0.14999999999999999,274.0
Jun 03 2020 22:,1591218000.0,0.152,315.0
Jun 03 2020 23:,1591221600.0,0.14999999999999999,287.0
Jun 04 2020 00:,1591225200.0,0.14899999999999999,222.0
Jun 04 2020 01:,1591228800.0,0.14999999999999999,184.0
Jun 04 2020 02:,1591232400.0,0.153,478.0
Jun 04 2020 03:,1591236000.0,0.14599999999999999,276.0
Jun 04 2020 04:,1591239600.0,0.14999999999999999,122.0
Jun 04 2020 05:,1591243200.0,0.14999999999999999,146.0
Jun 04 2020 06:,1591246800.0,0.154,291.0
Jun 04 2020 07:,1591250400.0,0.157,204.0
Jun 04 2020 08:,1591254000.0,0.14999999999999999,122.0
Jun 04 2020 09:,1591257600.0,0.14699999999999999,160.0
Jun 04 2020 10:,1591261200.0,0.14699999999999999,181.0
Jun 04 2020 11:,1591264800.0,0.14799999999999999,178.0
Jun 04 2020 12:,1591268400.0,0.14599999999999999,264.0
Jun 04 2020 13:,1591272000.0,0.14899999999999999,275.0
Jun 04 2020 14:,1591275600.0,0.14199999999999999,592.0
Jun 04 2020 15:,1591279200.0,0.14499999999999999,350.0
Jun 04 2020 16:,1591282800.0,0.155,367.0
Jun 04 2020 17:,1591286400.0,0.153,384.0
Jun 04 2020 18:,1591290000.0,0.14699999999999999,415.0
Jun 04 2020 19:,1591293600.0,0.14199999999999999,924.0
Jun 04 2020 20:,1591297200.0,0.16,1213.0
Jun 04 2020 21:,1591300800.0,0.14999999999999999,372.0
Jun 04 2020 22:,1591304400.0,0.157,414.0
Jun 04 2020 23:,1591308000.0,0.152,328.0
Jun 05 2020 00:,1591311600.0,0.14999999999999999,258.0
Jun 05 2020 01:,1591315200.0,0.14599999999999999,283.0
Jun 05 2020 02:,1591318800.0,0.152,147.0
Jun 05 2020 03:,1591322400.0,0.14499999999999999,128.0
Jun 05 2020 04:,1591326000.0,0.154,326.0
Jun 05 2020 05:,1591329600.0,0.14599999999999999,202.0
Jun 05 2020 06:,1591333200.0,0.14999999999999999,135.0
Jun 05 2020 07:,1591336800.0,0.14599999999999999,189.0
Jun 05 2020 08:,1591340400.0,0.14399999999999999,125.0
Jun 05 2020 09:,1591344000.0,0.14799999999999999,214.0
Jun 05 2020 10:,1591347600.0,0.14399999999999999,97.0
Jun 05 2020 11:,1591351200.0,0.14299999999999999,149.0
Jun 05 2020 12:,1591354800.0,0.14499999999999999,234.0
Jun 05 2020 13:,1591358400.0,0.14899999999999999,241.0
Jun 05 2020 14:,1591362000.0,0.152,430.0
Jun 05 2020 15:,1591365600.0,0.14399999999999999,233.0
Jun 05 2020 16:,1591369200.0,0.152,311.0
Jun 05 2020 17:,1591372800.0,0.14799999999999999,282.0
Jun 05 2020 18:,1591376400.0,0.14899999999999999,245.0
Jun 05 2020 19:,1591380000.0,0.14499999999999999,397.0
Jun 05 2020 20:,1591383600.0,0.155,673.0
Jun 05 2020 21:,1591387200.0,0.158,740.0
Jun 05 2020 22:,1591390800.0,0.158,514.0
Jun 05 2020 23:,1591394400.0,0.155,414.0
Jun 06 2020 00:,1591398000.0,0.155,233.0
Jun 06 2020 01:,1591401600.0,0.156,195.0
Jun 06 2020 02:,1591405200.0,0.158,210.0
Jun 06 2020 03:,1591408800.0,0.151,145.0
Jun 06 2020 04:,1591412400.0,0.14699999999999999,121.0
Jun 06 2020 05:,1591416000.0,0.156,128.0
Jun 06 2020 06:,1591419600.0,0.14599999999999999,92.0
Jun 06 2020 07:,1591423200.0,0.14999999999999999,177.0
Jun 06 2020 08:,1591426800.0,0.155,77.0
Jun 06 2020 09:,1591430400.0,0.14799999999999999,175.0
Jun 06 2020 10:,1591434000.0,0.14199999999999999,527.0
Jun 06 2020 11:,1591437600.0,0.14399999999999999,241.0
Jun 06 2020 12:,1591441200.0,0.14599999999999999,219.0
Jun 06 2020 13:,1591444800.0,0.14499999999999999,407.0
Jun 06 2020 14:,1591448400.0,0.14499999999999999,326.0
Jun 06 2020 15:,1591452000.0,0.158,404.0
Jun 06 2020 16:,1591455600.0,0.14699999999999999,694.0
Jun 06 2020 17:,1591459200.0,0.14999999999999999,454.0
Jun 06 2020 18:,1591462800.0,0.14899999999999999,295.0
Jun 06 2020 19:,1591466400.0,0.14599999999999999,181.0
Jun 06 2020 20:,1591470000.0,0.14599999999999999,281.0
Jun 06 2020 21:,1591473600.0,0.14699999999999999,430.0
Jun 06 2020 22:,1591477200.0,0.14699999999999999,331.0
Jun 06 2020 23:,1591480800.0,0.158,506.0
Jun 07 2020 00:,1591484400.0,0.14899999999999999,225.0
Jun 07 2020 01:,1591488000.0,0.14999999999999999,188.0
Jun 07 2020 02:,1591491600.0,0.14999999999999999,253.0
Jun 07 2020 03:,1591495200.0,0.14999999999999999,175.0
Jun 07 2020 04:,1591498800.0,0.14999999999999999,203.0
Jun 07 2020 05:,1591502400.0,0.14999999999999999,261.0
Jun 07 2020 06:,1591506000.0,0.14999999999999999,129.0
Jun 07 2020 07:,1591509600.0,0.14899999999999999,91.0
Jun 07 2020 08:,1591513200.0,0.151,212.0
Jun 07 2020 09:,1591516800.0,0.14699999999999999,128.0
Jun 07 2020 10:,1591520400.0,0.152,301.0
Jun 07 2020 11:,1591524000.0,0.14699999999999999,247.0
Jun 07 2020 12:,1591527600.0,0.14599999999999999,332.0
Jun 07 2020 13:,1591531200.0,0.14499999999999999,306.0
Jun 07 2020 14:,1591534800.0,0.158,693.0
Jun 07 2020 15:,1591538400.0,0.14199999999999999,941.0
Jun 07 2020 16:,1591542000.0,0.17000000000000001,1490.0
Jun 07 2020 17:,1591545600.0,0.158,451.0
Jun 07 2020 18:,1591549200.0,0.14599999999999999,220.0
Jun 07 2020 19:,1591552800.0,0.14399999999999999,279.0
Jun 07 2020 20:,1591556400.0,0.14499999999999999,292.0
Jun 07 2020 21:,1591560000.0,0.14699999999999999,367.0
Jun 07 2020 22:,1591563600.0,0.14999999999999999,347.0
Jun 07 2020 23:,1591567200.0,0.14999999999999999,230.0
Jun 08 2020 00:,1591570800.0,0.14799999999999999,243.0
Jun 08 2020 01:,1591574400.0,0.14899999999999999,148.0
Jun 08 2020 02:,1591578000.0,0.151,175.0
Jun 08 2020 03:,1591581600.0,0.155,142.0
Jun 08 2020 04:,1591585200.0,0.14699999999999999,130.0
Jun 08 2020 05:,1591588800.0,0.14699999999999999,235.0
Jun 08 2020 06:,1591592400.0,0.14899999999999999,108.0
Jun 08 2020 07:,1591596000.0,0.158,232.0
Jun 08 2020 08:,1591599600.0,0.14699999999999999,149.0
Jun 08 2020 09:,1591603200.0,0.14699999999999999,166.0
Jun 08 2020 10:,1591606800.0,0.14699999999999999,252.0
Jun 08 2020 11:,1591610400.0,0.14699999999999999,146.0
Jun 08 2020 12:,1591614000.0,0.14999999999999999,373.0
Jun 08 2020 13:,1591617600.0,0.14999999999999999,260.0
