Mar 16 2017 01:,1489626000,9.959,58571
Mar 17 2017 01:,1489712400,6.416,58383
Mar 18 2017 01:,1489798800,4.624,71172
Mar 19 2017 01:,1489885200,3.723,70474
Mar 20 2017 01:,1489971600,4.166,50443
Mar 21 2017 01:,1490058000,4.322,47382
Mar 22 2017 01:,1490144400,3.935,45106
Mar 23 2017 01:,1490230800,3.523,47111
Mar 24 2017 01:,1490317200,3.309,57631
Mar 25 2017 01:,1490403600,2.795,66350
Mar 26 2017 01:,1490486400,2.398,65801
Mar 27 2017 01:,1490572800,2.343,51333
Mar 28 2017 01:,1490659200,2.368,46645
Mar 29 2017 01:,1490745600,2.298,44795
Mar 30 2017 01:,1490832000,2.222,47452
Mar 31 2017 01:,1490918400,2.246,54821
Apr 01 2017 01:,1491004800,1.959,62732
Apr 02 2017 01:,1491091200,1.736,62853
Apr 03 2017 01:,1491177600,1.732,51479
Apr 04 2017 01:,1491264000,1.788,48038
Apr 05 2017 01:,1491350400,1.754,46023
Apr 06 2017 01:,1491436800,1.649,46067
Apr 07 2017 01:,1491523200,1.605,53228
Apr 08 2017 01:,1491609600,1.444,63524
Apr 09 2017 01:,1491696000,1.263,61927
Apr 10 2017 01:,1491782400,1.26,55742
Apr 11 2017 01:,1491868800,1.317,50613
Apr 12 2017 01:,1491955200,1.256,47554
Apr 13 2017 01:,1492041600,1.23,53870
Apr 14 2017 01:,1492128000,1.305,55757
Apr 15 2017 01:,1492214400,1.153,56065
Apr 16 2017 01:,1492300800,1.066,60984
Apr 17 2017 01:,1492387200,1.089,55727
Apr 18 2017 01:,1492473600,1.081,52757
Apr 19 2017 01:,1492560000,1.11,47651
Apr 20 2017 01:,1492646400,1.127,48890
Apr 21 2017 01:,1492732800,1.124,52804
Apr 22 2017 01:,1492819200,1.017,59115
Apr 23 2017 01:,1492905600,0.962,57768
Apr 24 2017 01:,1492992000,0.895,49821
Apr 25 2017 01:,1493078400,0.981,50638
Apr 26 2017 01:,1493164800,1.018,47542
Apr 27 2017 01:,1493251200,1.029,46292
Apr 28 2017 01:,1493337600,1.036,55778
Apr 29 2017 01:,1493424000,0.991,58843
Apr 30 2017 01:,1493510400,0.909,56627
May 01 2017 01:,1493596800,0.875,54045
May 02 2017 01:,1493683200,0.871,47908
May 03 2017 01:,1493769600,0.888,46677
May 04 2017 01:,1493856000,0.892,45223
May 05 2017 01:,1493942400,0.885,52160
May 06 2017 01:,1494028800,0.828,58429
May 07 2017 01:,1494115200,0.821,58087
May 08 2017 01:,1494201600,0.773,49417
May 09 2017 01:,1494288000,0.723,49033
May 10 2017 01:,1494374400,0.757,45456
May 11 2017 01:,1494460800,0.783,45245
May 12 2017 01:,1494547200,0.792,52610
May 13 2017 01:,1494633600,0.77,57875
May 14 2017 01:,1494720000,0.728,55015
May 15 2017 01:,1494806400,0.752,47194
May 16 2017 01:,1494892800,0.765,44033
May 17 2017 01:,1494979200,0.787,43264
May 18 2017 01:,1495065600,0.788,44292
May 19 2017 01:,1495152000,0.789,49692
May 20 2017 01:,1495238400,0.734,54045
May 21 2017 01:,1495324800,0.657,52182
May 22 2017 01:,1495411200,0.649,44502
May 23 2017 01:,1495497600,0.667,44434
May 24 2017 01:,1495584000,0.393,68237
May 25 2017 01:,1495670400,0.39,62618
May 26 2017 01:,1495756800,0.38,58955
May 27 2017 01:,1495843200,0.415,59064
May 28 2017 01:,1495929600,0.36,55255
May 29 2017 01:,1496016000,0.38,54889
May 30 2017 01:,1496102400,0.442,54067
May 31 2017 01:,1496188800,0.468,55089
Jun 01 2017 01:,1496275200,0.467,53383
Jun 02 2017 01:,1496361600,0.482,55191
Jun 03 2017 01:,1496448000,0.502,55168
Jun 04 2017 01:,1496534400,0.474,54611
Jun 05 2017 01:,1496620800,0.463,51622
Jun 06 2017 01:,1496707200,0.458,50897
Jun 07 2017 01:,1496793600,0.43,42623
Jun 08 2017 01:,1496880000,0.35,44669
Jun 09 2017 01:,1496966400,0.361,53437
Jun 10 2017 01:,1497052800,0.389,52803
Jun 11 2017 01:,1497139200,0.369,46567
Jun 12 2017 01:,1497225600,0.348,45885
Jun 13 2017 01:,1497312000,0.364,53480
Jun 14 2017 01:,1497398400,0.384,46475
Jun 15 2017 01:,1497484800,0.396,53428
Jun 16 2017 01:,1497571200,0.418,51237
Jun 17 2017 01:,1497657600,0.412,54002
Jun 18 2017 01:,1497744000,0.403,45351
Jun 19 2017 01:,1497830400,0.382,46616
Jun 20 2017 01:,1497916800,0.358,41890
Jun 21 2017 01:,1498003200,0.328,41128
Jun 22 2017 01:,1498089600,0.285,46945
Jun 23 2017 01:,1498176000,0.282,50483
Jun 24 2017 01:,1498262400,0.269,44424
Jun 25 2017 01:,1498348800,0.248,47423
Jun 26 2017 01:,1498435200,0.256,47242
Jun 27 2017 01:,1498521600,0.269,48938
Jun 28 2017 01:,1498608000,0.272,47412
Jun 29 2017 01:,1498694400,0.277,47378
Jun 30 2017 01:,1498780800,0.293,51892
Jul 01 2017 01:,1498867200,0.319,49578
Jul 02 2017 01:,1498953600,0.299,45547
Jul 03 2017 01:,1499040000,0.293,51758
Jul 04 2017 01:,1499126400,0.319,52182
Jul 05 2017 01:,1499212800,0.302,43698
Jul 06 2017 01:,1499299200,0.303,45017
Jul 07 2017 01:,1499385600,0.315,49657
Jul 08 2017 01:,1499472000,0.317,52274
Jul 09 2017 01:,1499558400,0.317,51599
Jul 10 2017 01:,1499644800,0.313,51415
Jul 11 2017 01:,1499731200,0.302,46588
Jul 12 2017 01:,1499817600,0.285,44741
Jul 13 2017 01:,1499904000,0.285,45523
Jul 14 2017 01:,1499990400,0.297,49002
Jul 15 2017 01:,1500076800,0.307,49237
Jul 16 2017 01:,1500163200,0.283,46594
Jul 17 2017 01:,1500249600,0.272,45864
Jul 18 2017 01:,1500336000,0.273,48026
Jul 19 2017 01:,1500422400,0.265,44147
Jul 20 2017 01:,1500508800,0.245,42424
Jul 21 2017 01:,1500595200,0.246,47489
Jul 22 2017 01:,1500681600,0.258,48505
Jul 23 2017 01:,1500768000,0.253,48996
Jul 24 2017 01:,1500854400,0.236,47434
Jul 25 2017 01:,1500940800,0.256,49527
Jul 26 2017 01:,1501027200,0.269,49520
Jul 27 2017 01:,1501113600,0.278,57150
Jul 28 2017 01:,1501200000,0.289,55316
Jul 29 2017 01:,1501286400,0.304,57452
Jul 30 2017 01:,1501372800,0.312,56075
Jul 31 2017 01:,1501459200,0.321,58504
Aug 01 2017 01:,1501545600,0.336,58341
Aug 02 2017 01:,1501632000,0.317,54041
Aug 03 2017 01:,1501718400,0.304,53162
Aug 04 2017 01:,1501804800,0.308,59847
Aug 05 2017 01:,1501891200,0.32,59371
Aug 06 2017 01:,1501977600,0.318,55529
Aug 07 2017 01:,1502064000,0.297,56237
Aug 08 2017 01:,1502150400,0.298,53882
Aug 09 2017 01:,1502236800,0.287,48516
Aug 10 2017 01:,1502323200,0.266,50041
Aug 11 2017 01:,1502409600,0.254,52944
Aug 12 2017 01:,1502496000,0.262,52471
Aug 13 2017 01:,1502582400,0.256,49182
Aug 14 2017 01:,1502668800,0.254,48064
Aug 15 2017 01:,1502755200,0.254,46746
Aug 16 2017 01:,1502841600,0.243,46101
Aug 17 2017 01:,1502928000,0.237,48550
Aug 18 2017 01:,1503014400,0.231,56525
Aug 19 2017 01:,1503100800,0.245,52800
Aug 20 2017 01:,1503187200,0.244,51472
Aug 21 2017 01:,1503273600,0.24,49758
Aug 22 2017 01:,1503360000,0.239,47889
Aug 23 2017 01:,1503446400,0.229,47785
Aug 24 2017 01:,1503532800,0.22,47883
Aug 25 2017 01:,1503619200,0.235,55599
Aug 26 2017 01:,1503705600,0.242,52655
Aug 27 2017 01:,1503792000,0.238,51505
Aug 28 2017 01:,1503878400,0.234,51580
Aug 29 2017 01:,1503964800,0.233,47265
Aug 30 2017 01:,1504051200,0.217,46620
Aug 31 2017 01:,1504137600,0.22,46329
Sep 01 2017 01:,1504224000,0.234,57710
Sep 02 2017 01:,1504310400,0.244,55897
Sep 03 2017 01:,1504396800,0.235,50967
Sep 04 2017 01:,1504483200,0.231,49692
Sep 05 2017 01:,1504569600,0.233,43183
Sep 06 2017 01:,1504656000,0.229,42123
Sep 07 2017 01:,1504742400,0.219,42327
Sep 08 2017 01:,1504828800,0.22,48968
Sep 09 2017 01:,1504915200,0.221,53215
Sep 10 2017 01:,1505001600,0.22,51243
Sep 11 2017 01:,1505088000,0.222,43261
Sep 12 2017 01:,1505174400,0.223,42623
Sep 13 2017 01:,1505260800,0.213,39239
Sep 14 2017 01:,1505347200,0.209,43835
Sep 15 2017 01:,1505433600,0.18,58301
Sep 16 2017 01:,1505520000,0.166,60374
Sep 17 2017 01:,1505606400,0.13,49907
Sep 18 2017 01:,1505692800,0.122,40178
Sep 19 2017 01:,1505779200,0.124,39924
Sep 20 2017 01:,1505865600,0.108,39419
Sep 21 2017 01:,1505952000,0.094,38245
Sep 22 2017 01:,1506038400,0.091,45279
Sep 23 2017 01:,1506124800,0.075,43491
Sep 24 2017 01:,1506211200,0.057,39013
Sep 25 2017 01:,1506297600,0.053,32965
Sep 26 2017 01:,1506384000,0.067,39724
Sep 27 2017 01:,1506470400,0.067,35871
Sep 28 2017 01:,1506556800,0.068,35383
Sep 29 2017 01:,1506643200,0.071,41987
Sep 30 2017 01:,1506729600,0.076,46898
Oct 01 2017 01:,1506816000,0.063,39668
Oct 02 2017 01:,1506902400,0.059,33692
Oct 03 2017 01:,1506988800,0.06,32762
Oct 04 2017 01:,1507075200,0.058,30914
Oct 05 2017 01:,1507161600,0.058,33339
Oct 06 2017 01:,1507248000,0.059,36273
Oct 07 2017 01:,1507334400,0.055,43825
Oct 08 2017 01:,1507420800,0.045,35274
Oct 09 2017 01:,1507507200,0.041,27332
Oct 10 2017 01:,1507593600,0.04,24516
Oct 11 2017 01:,1507680000,0.03,28012
Oct 12 2017 01:,1507766400,0.03,29115
Oct 13 2017 01:,1507852800,0.033,29940
Oct 14 2017 01:,1507939200,0.033,32463
Oct 15 2017 01:,1508025600,0.031,32514
Oct 16 2017 01:,1508112000,0.03,28691
Oct 17 2017 01:,1508198400,0.03,23393
Oct 18 2017 01:,1508284800,0.03,21207
Oct 19 2017 01:,1508371200,0.03,27267
Oct 20 2017 01:,1508457600,0.03,26254
Oct 21 2017 01:,1508544000,0.03,30182
Oct 22 2017 01:,1508630400,0.03,28096
Oct 23 2017 01:,1508716800,0.03,27693
Oct 24 2017 01:,1508803200,0.03,27314
Oct 25 2017 01:,1508889600,0.03,19110
Oct 26 2017 01:,1508976000,0.03,20708
Oct 27 2017 01:,1509062400,0.03,19716
Oct 28 2017 01:,1509148800,0.03,27551
Oct 29 2017 01:,1509238800,0.03,23777
Oct 30 2017 01:,1509325200,0.03,40075
Oct 31 2017 01:,1509411600,0.03,20509
Nov 01 2017 01:,1509498000,0.03,23943
Nov 02 2017 01:,1509584400,0.03,22269
Nov 03 2017 01:,1509670800,0.03,20077
Nov 04 2017 01:,1509757200,0.03,25015
Nov 05 2017 01:,1509843600,0.03,21936
Nov 06 2017 01:,1509930000,0.03,22425
Nov 07 2017 01:,1510016400,0.03,19069
Nov 08 2017 01:,1510102800,0.03,18354
Nov 09 2017 01:,1510189200,0.03,14372
Nov 10 2017 01:,1510275600,0.03,20214
Nov 11 2017 01:,1510362000,0.03,21719
Nov 12 2017 01:,1510448400,0.03,20345
Nov 13 2017 01:,1510534800,0.03,17997
Nov 14 2017 01:,1510621200,0.03,22004
Nov 15 2017 01:,1510707600,0.03,19668
Nov 16 2017 01:,1510794000,0.03,19894
Nov 17 2017 01:,1510880400,0.03,21865
Nov 18 2017 01:,1510966800,0.03,26290
Nov 19 2017 01:,1511053200,0.03,23668
Nov 20 2017 01:,1511139600,0.03,20156
Nov 21 2017 01:,1511226000,0.03,17948
Nov 22 2017 01:,1511312400,0.03,18212
Nov 23 2017 01:,1511398800,0.03,22924
Nov 24 2017 01:,1511485200,0.03,22927
Nov 25 2017 01:,1511571600,0.03,24409
Nov 26 2017 01:,1511658000,0.03,24158
Nov 27 2017 01:,1511744400,0.03,17328
Nov 28 2017 01:,1511830800,0.03,22216
Nov 29 2017 01:,1511917200,0.03,21539
Nov 30 2017 01:,1512003600,0.03,23450
Dec 01 2017 01:,1512090000,0.03,22917
Dec 02 2017 01:,1512176400,0.03,24920
Dec 03 2017 01:,1512262800,0.03,24880
Dec 04 2017 01:,1512349200,0.03,28801
Dec 05 2017 01:,1512435600,0.03,19299
Dec 06 2017 01:,1512522000,0.03,21077
Dec 07 2017 01:,1512608400,0.03,20259
Dec 08 2017 01:,1512694800,0.03,21584
Dec 09 2017 01:,1512781200,0.03,25133
Dec 10 2017 01:,1512867600,0.03,24947
Dec 11 2017 01:,1512954000,0.03,19554
Dec 12 2017 01:,1513040400,0.03,21063
Dec 13 2017 01:,1513126800,0.03,19113
Dec 14 2017 01:,1513213200,0.03,18875
Dec 15 2017 01:,1513299600,0.03,25439
Dec 16 2017 01:,1513386000,0.03,22792
Dec 17 2017 01:,1513472400,0.03,24070
Dec 18 2017 01:,1513558800,0.03,25200
Dec 19 2017 01:,1513645200,0.03,21445
Dec 20 2017 01:,1513731600,0.03,23362
Dec 21 2017 01:,1513818000,0.03,19772
Dec 22 2017 01:,1513904400,0.03,28011
Dec 23 2017 01:,1513990800,0.03,29447
Dec 24 2017 01:,1514077200,0.03,28024
Dec 25 2017 01:,1514163600,0.03,28778
Dec 26 2017 01:,1514250000,0.03,27407
Dec 27 2017 01:,1514336400,0.03,30930
Dec 28 2017 01:,1514422800,0.03,30336
Dec 29 2017 01:,1514509200,0.03,31416
Dec 30 2017 01:,1514595600,0.03,30449
Dec 31 2017 01:,1514682000,0.03,26349
Jan 01 2018 01:,1514768400,0.03,31348
Jan 02 2018 01:,1514854800,0.03,29587
Jan 03 2018 01:,1514941200,0.03,28376
Jan 04 2018 01:,1515027600,0.03,33152
Jan 05 2018 01:,1515114000,0.03,30187
Jan 06 2018 01:,1515200400,0.03,29641
Jan 07 2018 01:,1515286800,0.03,35283
Jan 08 2018 01:,1515373200,0.03,27711
Jan 09 2018 01:,1515459600,0.03,26199
Jan 10 2018 01:,1515546000,0.03,29058
Jan 11 2018 01:,1515632400,0.03,29343
Jan 12 2018 01:,1515718800,0.03,34446
Jan 13 2018 01:,1515805200,0.03,39459
Jan 14 2018 01:,1515891600,0.03,29387
Jan 15 2018 01:,1515978000,0.03,26489
Jan 16 2018 01:,1516064400,0.03,25872
Jan 17 2018 01:,1516150800,0.03,27550
Jan 18 2018 01:,1516237200,0.03,26654
Jan 19 2018 01:,1516323600,0.03,24225
Jan 20 2018 01:,1516410000,0.03,28606
Jan 21 2018 01:,1516496400,0.03,48153
Jan 22 2018 01:,1516582800,0.03,55168
Jan 23 2018 01:,1516669200,0.03,26068
Jan 24 2018 01:,1516755600,0.03,25597
Jan 25 2018 01:,1516842000,0.03,32809
Jan 26 2018 01:,1516928400,0.03,31710
Jan 27 2018 01:,1517014800,0.03,31341
Jan 28 2018 01:,1517101200,0.03,30762
Jan 29 2018 01:,1517187600,0.03,26762
Jan 30 2018 01:,1517274000,0.03,26343
Jan 31 2018 01:,1517360400,0.03,39369
Feb 01 2018 01:,1517446800,0.03,24285
Feb 02 2018 01:,1517533200,0.03,42010
Feb 03 2018 01:,1517619600,0.03,42412
Feb 04 2018 01:,1517706000,0.03,37435
Feb 05 2018 01:,1517792400,0.03,31130
Feb 06 2018 01:,1517878800,0.03,31321
Feb 07 2018 01:,1517965200,0.03,29568
Feb 08 2018 01:,1518051600,0.03,26108
Feb 09 2018 01:,1518138000,0.03,27895
Feb 10 2018 01:,1518224400,0.03,31753
Feb 11 2018 01:,1518310800,0.03,30359
Feb 12 2018 01:,1518397200,0.03,26722
Feb 13 2018 01:,1518483600,0.03,31021
Feb 14 2018 01:,1518570000,0.03,24436
Feb 15 2018 01:,1518656400,0.03,27163
Feb 16 2018 01:,1518742800,0.03,33003
Feb 17 2018 01:,1518829200,0.03,38175
Feb 18 2018 01:,1518915600,0.03,41043
Feb 19 2018 01:,1519002000,0.03,36946
Feb 20 2018 01:,1519088400,0.03,30872
Feb 21 2018 01:,1519174800,0.03,34537
Feb 22 2018 01:,1519261200,0.03,32298
Feb 23 2018 01:,1519347600,0.03,36550
Feb 24 2018 01:,1519434000,0.03,35267
Feb 25 2018 01:,1519520400,0.03,31134
Feb 26 2018 01:,1519606800,0.03,27129
Feb 27 2018 01:,1519693200,0.03,55345
Feb 28 2018 01:,1519779600,0.03,40776
Mar 01 2018 01:,1519866000,0.03,33105
Mar 02 2018 01:,1519952400,0.03,36236
Mar 03 2018 01:,1520038800,0.03,37378
Mar 04 2018 01:,1520125200,0.03,35585
Mar 05 2018 01:,1520211600,0.03,29332
Mar 06 2018 01:,1520298000,0.03,24296
Mar 07 2018 01:,1520384400,0.03,32637
Mar 08 2018 01:,1520470800,0.03,29433
Mar 09 2018 01:,1520557200,0.03,33987
Mar 10 2018 01:,1520643600,0.03,36999
Mar 11 2018 01:,1520730000,0.03,38580
Mar 12 2018 01:,1520816400,0.03,33047
Mar 13 2018 01:,1520902800,0.03,26635
Mar 14 2018 01:,1520989200,0.03,21738
Mar 15 2018 01:,1521075600,0.03,24000
Mar 16 2018 01:,1521162000,0.03,31566
Mar 17 2018 01:,1521248400,0.03,28851
Mar 18 2018 01:,1521334800,0.03,24812
Mar 19 2018 01:,1521421200,0.03,25229
Mar 20 2018 01:,1521507600,0.03,20081
Mar 21 2018 01:,1521594000,0.03,19407
Mar 22 2018 01:,1521680400,0.03,21745
Mar 23 2018 01:,1521766800,0.03,21345
Mar 24 2018 01:,1521853200,0.03,23166
Mar 25 2018 01:,1521936000,0.03,24629
Mar 26 2018 01:,1522022400,0.03,22205
Mar 27 2018 01:,1522108800,0.03,22718
Mar 28 2018 01:,1522195200,0.03,21716
Mar 29 2018 01:,1522281600,0.03,28848
Mar 30 2018 01:,1522368000,0.03,24865
Mar 31 2018 01:,1522454400,0.03,18049
Apr 01 2018 01:,1522540800,0.03,19310
Apr 02 2018 01:,1522627200,0.03,17838
Apr 03 2018 01:,1522713600,0.03,17536
Apr 04 2018 01:,1522800000,0.03,17500
Apr 05 2018 01:,1522886400,0.03,16376
Apr 06 2018 01:,1522972800,0.03,21688
Apr 07 2018 01:,1523059200,0.03,24327
Apr 08 2018 01:,1523145600,0.03,29561
Apr 09 2018 01:,1523232000,0.03,20258
Apr 10 2018 01:,1523318400,0.03,20692
Apr 11 2018 01:,1523404800,0.03,19100
Apr 12 2018 01:,1523491200,0.03,19380
Apr 13 2018 01:,1523577600,0.03,20517
Apr 14 2018 01:,1523664000,0.03,21366
Apr 15 2018 01:,1523750400,0.03,21846
Apr 16 2018 01:,1523836800,0.03,20150
Apr 17 2018 01:,1523923200,0.03,16683
Apr 18 2018 01:,1524009600,0.03,18051
Apr 19 2018 01:,1524096000,0.03,17351
Apr 20 2018 01:,1524182400,0.03,17914
Apr 21 2018 01:,1524268800,0.03,21302
Apr 22 2018 01:,1524355200,0.03,21303
Apr 23 2018 01:,1524441600,0.03,18098
Apr 24 2018 01:,1524528000,0.03,18482
Apr 25 2018 01:,1524614400,0.03,16661
Apr 26 2018 01:,1524700800,0.03,16806
Apr 27 2018 01:,1524787200,0.03,18585
Apr 28 2018 01:,1524873600,0.03,23226
Apr 29 2018 01:,1524960000,0.03,21940
Apr 30 2018 01:,1525046400,0.03,22213
May 01 2018 01:,1525132800,0.03,18988
May 02 2018 01:,1525219200,0.03,19118
May 03 2018 01:,1525305600,0.03,21164
May 04 2018 01:,1525392000,0.03,19785
May 05 2018 01:,1525478400,0.03,36358
May 06 2018 01:,1525564800,0.03,34108
May 07 2018 01:,1525651200,0.03,23795
May 08 2018 01:,1525737600,0.03,33760
May 09 2018 01:,1525824000,0.03,32879
May 10 2018 01:,1525910400,0.03,32273
May 11 2018 01:,1525996800,0.03,22613
May 12 2018 01:,1526083200,0.03,22686
May 13 2018 01:,1526169600,0.03,35949
May 14 2018 01:,1526256000,0.03,31852
May 15 2018 01:,1526342400,0.03,20137
May 16 2018 01:,1526428800,0.03,18001
May 17 2018 01:,1526515200,0.03,19551
May 18 2018 01:,1526601600,0.03,14277
May 19 2018 01:,1526688000,0.03,48258
May 20 2018 01:,1526774400,0.03,29928
May 21 2018 01:,1526860800,0.03,49249
May 22 2018 01:,1526947200,0.03,54340
May 23 2018 01:,1527033600,0.03,48177
May 24 2018 01:,1527120000,0.03,52192
May 25 2018 01:,1527206400,0.03,33587
May 26 2018 01:,1527292800,0.03,93589
May 27 2018 01:,1527379200,0.03,67745
May 28 2018 01:,1527465600,0.03,64537
May 29 2018 01:,1527552000,0.03,38686
May 30 2018 01:,1527638400,0.03,44294
May 31 2018 01:,1527724800,0.03,63242
Jun 01 2018 01:,1527811200,0.03,58445
Jun 02 2018 01:,1527897600,0.03,32622
Jun 03 2018 01:,1527984000,0.03,46480
Jun 04 2018 01:,1528070400,0.03,66086
Jun 05 2018 01:,1528156800,0.03,39298
Jun 06 2018 01:,1528243200,0.03,36982
Jun 07 2018 01:,1528329600,0.03,38354
Jun 08 2018 01:,1528416000,0.03,47459
Jun 09 2018 01:,1528502400,0.03,54833
Jun 10 2018 01:,1528588800,0.03,56547
Jun 11 2018 01:,1528675200,0.03,40271
Jun 12 2018 01:,1528761600,0.03,48916
Jun 13 2018 01:,1528848000,0.03,62754
Jun 14 2018 01:,1528934400,0.03,34843
Jun 15 2018 01:,1529020800,0.03,40629
Jun 16 2018 01:,1529107200,0.03,30974
Jun 17 2018 01:,1529193600,0.03,37959
Jun 18 2018 01:,1529280000,0.03,36815
Jun 19 2018 01:,1529366400,0.03,32233
Jun 20 2018 01:,1529452800,0.03,42558
Jun 21 2018 01:,1529539200,0.03,42390
Jun 22 2018 01:,1529625600,0.03,40596
Jun 23 2018 01:,1529712000,0.03,41937
Jun 24 2018 01:,1529798400,0.03,42133
Jun 25 2018 01:,1529884800,0.03,49995
Jun 26 2018 01:,1529971200,0.03,46586
Jun 27 2018 01:,1530057600,0.03,32654
Jun 28 2018 01:,1530144000,0.03,60885
Jun 29 2018 01:,1530230400,0.03,49687
Jun 30 2018 01:,1530316800,0.03,39895
Jul 01 2018 01:,1530403200,0.03,35593
Jul 02 2018 01:,1530489600,0.03,15096
Jul 03 2018 01:,1530576000,0.03,30036
Jul 04 2018 01:,1530662400,0.03,22412
Jul 05 2018 01:,1530748800,0.03,85243
Jul 06 2018 01:,1530835200,0.03,105102
Jul 07 2018 01:,1530921600,0.03,49468
Jul 08 2018 01:,1531008000,0.03,18900
Jul 09 2018 01:,1531094400,0.03,20579
Jul 10 2018 01:,1531180800,0.03,14847
Jul 11 2018 01:,1531267200,0.03,15957
Jul 12 2018 01:,1531353600,0.03,15847
Jul 13 2018 01:,1531440000,0.03,14456
Jul 14 2018 01:,1531526400,0.03,24697
Jul 15 2018 01:,1531612800,0.03,38842
Jul 16 2018 01:,1531699200,0.03,31423
Jul 17 2018 01:,1531785600,0.03,48147
Jul 18 2018 01:,1531872000,0.03,68766
Jul 19 2018 01:,1531958400,0.03,85369
Jul 20 2018 01:,1532044800,0.03,26522
Jul 21 2018 01:,1532131200,0.03,20130
Jul 22 2018 01:,1532217600,0.03,14823
Jul 23 2018 01:,1532304000,0.03,15288
Jul 24 2018 01:,1532390400,0.03,14855
Jul 25 2018 01:,1532476800,0.03,15332
Jul 26 2018 01:,1532563200,0.03,15181
Jul 27 2018 01:,1532649600,0.03,53623
Jul 28 2018 01:,1532736000,0.03,95495
Jul 29 2018 01:,1532822400,0.03,84980
Jul 30 2018 01:,1532908800,0.03,49822
Jul 31 2018 01:,1532995200,0.03,21653
Aug 01 2018 01:,1533081600,0.03,19593
Aug 02 2018 01:,1533168000,0.03,20495
Aug 03 2018 01:,1533254400,0.03,20630
Aug 04 2018 01:,1533340800,0.03,22329
Aug 05 2018 01:,1533427200,0.03,21124
Aug 06 2018 01:,1533513600,0.03,19975
Aug 07 2018 01:,1533600000,0.03,21842
Aug 08 2018 01:,1533686400,0.03,21354
Aug 09 2018 01:,1533772800,0.03,20322
Aug 10 2018 01:,1533859200,0.03,25709
Aug 11 2018 01:,1533945600,0.03,18716
Aug 12 2018 01:,1534032000,0.03,21185
Aug 13 2018 01:,1534118400,0.03,22335
Aug 14 2018 01:,1534204800,0.03,18554
Aug 15 2018 01:,1534291200,0.03,20914
Aug 16 2018 01:,1534377600,0.03,18602
Aug 17 2018 01:,1534464000,0.03,18615
Aug 18 2018 01:,1534550400,0.03,21001
Aug 19 2018 01:,1534636800,0.03,19217
Aug 20 2018 01:,1534723200,0.03,23772
Aug 21 2018 01:,1534809600,0.03,17669
Aug 22 2018 01:,1534896000,0.03,20932
Aug 23 2018 01:,1534982400,0.03,18271
Aug 24 2018 01:,1535068800,0.03,22123
Aug 25 2018 01:,1535155200,0.03,20190
Aug 26 2018 01:,1535241600,0.03,19025
Aug 27 2018 01:,1535328000,0.03,21938
Aug 28 2018 01:,1535414400,0.03,18380
Aug 29 2018 01:,1535500800,0.03,22210
Aug 30 2018 01:,1535587200,0.03,23192
Aug 31 2018 01:,1535673600,0.03,25394
Sep 01 2018 01:,1535760000,0.03,24428
Sep 02 2018 01:,1535846400,0.03,23740
Sep 03 2018 01:,1535932800,0.03,20606
Sep 04 2018 01:,1536019200,0.03,22919
Sep 05 2018 01:,1536105600,0.03,23189
Sep 06 2018 01:,1536192000,0.03,19286
Sep 07 2018 01:,1536278400,0.03,20098
Sep 08 2018 01:,1536364800,0.03,23362
Sep 09 2018 01:,1536451200,0.03,22118
Sep 10 2018 01:,1536537600,0.03,22721
Sep 11 2018 01:,1536624000,0.03,17184
Sep 12 2018 01:,1536710400,0.03,20053
Sep 13 2018 01:,1536796800,0.03,19063
Sep 14 2018 01:,1536883200,0.03,22679
Sep 15 2018 01:,1536969600,0.03,25246
Sep 16 2018 01:,1537056000,0.03,22087
Sep 17 2018 01:,1537142400,0.03,18672
Sep 18 2018 01:,1537228800,0.03,17299
Sep 19 2018 01:,1537315200,0.03,17402
Sep 20 2018 01:,1537401600,0.03,17275
Sep 21 2018 01:,1537488000,0.03,20503
Sep 22 2018 01:,1537574400,0.03,24992
Sep 23 2018 01:,1537660800,0.03,26015
Sep 24 2018 01:,1537747200,0.03,21335
Sep 25 2018 01:,1537833600,0.03,18520
Sep 26 2018 01:,1537920000,0.03,18615
Sep 27 2018 01:,1538006400,0.03,20161
Sep 28 2018 01:,1538092800,0.03,24066
Sep 29 2018 01:,1538179200,0.03,25454
Sep 30 2018 01:,1538265600,0.03,24487
Oct 01 2018 01:,1538352000,0.03,20395
Oct 02 2018 01:,1538438400,0.03,20353
Oct 03 2018 01:,1538524800,0.03,24488
Oct 04 2018 01:,1538611200,0.03,22805
Oct 05 2018 01:,1538697600,0.03,24806
Oct 06 2018 01:,1538784000,0.03,28106
Oct 07 2018 01:,1538870400,0.03,25426
Oct 08 2018 01:,1538956800,0.03,23069
Oct 09 2018 01:,1539043200,0.03,23550
Oct 10 2018 01:,1539129600,0.03,26545
Oct 11 2018 01:,1539216000,0.03,25016
Oct 12 2018 01:,1539302400,0.03,28245
Oct 13 2018 01:,1539388800,0.03,31112
Oct 14 2018 01:,1539475200,0.03,25483
Oct 15 2018 01:,1539561600,0.03,27083
Oct 16 2018 01:,1539648000,0.03,23929
Oct 17 2018 01:,1539734400,0.03,24497
Oct 18 2018 01:,1539820800,0.03,22011
Oct 19 2018 01:,1539907200,0.03,23437
Oct 20 2018 01:,1539993600,0.03,24113
Oct 21 2018 01:,1540080000,0.03,25565
Oct 22 2018 01:,1540166400,0.03,21132
Oct 23 2018 01:,1540252800,0.03,20010
Oct 24 2018 01:,1540339200,0.03,19617
Oct 25 2018 01:,1540425600,0.03,18394
Oct 26 2018 01:,1540512000,0.03,26142
Oct 27 2018 01:,1540598400,0.03,24561
Oct 28 2018 01:,1540688400,0.03,20613
Oct 29 2018 01:,1540774800,0.03,22923
Oct 30 2018 01:,1540861200,0.03,23153
Oct 31 2018 01:,1540947600,0.03,22373
Nov 01 2018 01:,1541034000,0.03,22620
Nov 02 2018 01:,1541120400,0.03,20667
Nov 03 2018 01:,1541206800,0.03,22821
Nov 04 2018 01:,1541293200,0.03,31493
Nov 05 2018 01:,1541379600,0.03,18892
Nov 06 2018 01:,1541466000,0.03,19107
Nov 07 2018 01:,1541552400,0.03,17399
Nov 08 2018 01:,1541638800,0.03,19800
Nov 09 2018 01:,1541725200,0.03,19237
Nov 10 2018 01:,1541811600,0.03,23165
Nov 11 2018 01:,1541898000,0.03,20434
Nov 12 2018 01:,1541984400,0.03,23364
Nov 13 2018 01:,1542070800,0.03,20367
Nov 14 2018 01:,1542157200,0.03,24001
Nov 15 2018 01:,1542243600,0.03,25004
Nov 16 2018 01:,1542330000,0.03,17990
Nov 17 2018 01:,1542416400,0.03,21248
Nov 18 2018 01:,1542502800,0.03,20268
Nov 19 2018 01:,1542589200,0.03,15814
Nov 20 2018 01:,1542675600,0.03,19370
Nov 21 2018 01:,1542762000,0.03,18247
Nov 22 2018 01:,1542848400,0.03,20027
Nov 23 2018 01:,1542934800,0.03,19194
Nov 24 2018 01:,1543021200,0.03,19846
Nov 25 2018 01:,1543107600,0.03,19568
Nov 26 2018 01:,1543194000,0.03,16262
Nov 27 2018 01:,1543280400,0.03,16083
Nov 28 2018 01:,1543366800,0.03,16287
Nov 29 2018 01:,1543453200,0.03,17333
Nov 30 2018 01:,1543539600,0.03,20816
Dec 01 2018 01:,1543626000,0.03,22093
Dec 02 2018 01:,1543712400,0.03,23359
Dec 03 2018 01:,1543798800,0.03,19865
Dec 04 2018 01:,1543885200,0.03,24751
Dec 05 2018 01:,1543971600,0.03,24690
Dec 06 2018 01:,1544058000,0.03,22897
Dec 07 2018 01:,1544144400,0.03,31250
Dec 08 2018 01:,1544230800,0.03,32885
Dec 09 2018 01:,1544317200,0.03,29482
Dec 10 2018 01:,1544403600,0.03,32162
Dec 11 2018 01:,1544490000,0.03,28327
Dec 12 2018 01:,1544576400,0.03,26697
Dec 13 2018 01:,1544662800,0.03,27741
Dec 14 2018 01:,1544749200,0.03,35476
Dec 15 2018 01:,1544835600,0.03,31295
Dec 16 2018 01:,1544922000,0.03,28379
Dec 17 2018 01:,1545008400,0.03,27159
Dec 18 2018 01:,1545094800,0.03,23346
Dec 19 2018 01:,1545181200,0.03,22133
Dec 20 2018 01:,1545267600,0.03,24451
Dec 21 2018 01:,1545354000,0.03,29033
Dec 22 2018 01:,1545440400,0.03,29477
Dec 23 2018 01:,1545526800,0.03,25402
Dec 24 2018 01:,1545613200,0.03,29318
Dec 25 2018 01:,1545699600,0.03,32695
Dec 26 2018 01:,1545786000,0.03,26454
Dec 27 2018 01:,1545872400,0.03,29700
Dec 28 2018 01:,1545958800,0.03,30293
Dec 29 2018 01:,1546045200,0.03,27663
Dec 30 2018 01:,1546131600,0.03,26784
Dec 31 2018 01:,1546218000,0.03,26159
Jan 01 2019 01:,1546304400,0.03,25101
Jan 02 2019 01:,1546390800,0.03,26586
Jan 03 2019 01:,1546477200,0.03,26140
Jan 04 2019 01:,1546563600,0.03,28713
Jan 05 2019 01:,1546650000,0.03,34678
Jan 06 2019 01:,1546736400,0.03,28345
Jan 07 2019 01:,1546822800,0.03,30417
Jan 08 2019 01:,1546909200,0.03,28486
Jan 09 2019 01:,1546995600,0.03,34535
Jan 10 2019 01:,1547082000,0.03,35805
Jan 11 2019 01:,1547168400,0.03,37661
Jan 12 2019 01:,1547254800,0.03,30219
Jan 13 2019 01:,1547341200,0.03,30887
Jan 14 2019 01:,1547427600,0.03,25881
Jan 15 2019 01:,1547514000,0.03,28898
Jan 16 2019 01:,1547600400,0.03,24169
Jan 17 2019 01:,1547686800,0.03,26692
Jan 18 2019 01:,1547773200,0.03,25539
Jan 19 2019 01:,1547859600,0.03,35402
Jan 20 2019 01:,1547946000,0.03,45152
Jan 21 2019 01:,1548032400,0.03,30522
Jan 22 2019 01:,1548118800,0.03,27924
Jan 23 2019 01:,1548205200,0.03,33955
Jan 24 2019 01:,1548291600,0.03,33448
Jan 25 2019 01:,1548378000,0.03,32988
Jan 26 2019 01:,1548464400,0.03,36661
Jan 27 2019 01:,1548550800,0.03,39208
Jan 28 2019 01:,1548637200,0.03,34565
Jan 29 2019 01:,1548723600,0.03,34128
Jan 30 2019 01:,1548810000,0.03,43521
Jan 31 2019 01:,1548896400,0.03,36032
Feb 01 2019 01:,1548982800,0.03,38129
Feb 02 2019 01:,1549069200,0.03,42684
Feb 03 2019 01:,1549155600,0.03,42873
Feb 04 2019 01:,1549242000,0.03,41126
Feb 05 2019 01:,1549328400,0.03,30168
Feb 06 2019 01:,1549414800,0.03,35754
Feb 07 2019 01:,1549501200,0.03,38300
Feb 08 2019 01:,1549587600,0.03,45906
Feb 09 2019 01:,1549674000,0.03,45067
Feb 10 2019 01:,1549760400,0.03,43166
Feb 11 2019 01:,1549846800,0.03,40984
Feb 12 2019 01:,1549933200,0.03,33104
Feb 13 2019 01:,1550019600,0.03,38556
Feb 14 2019 01:,1550106000,0.03,35523
Feb 15 2019 01:,1550192400,0.03,34952
Feb 16 2019 01:,1550278800,0.03,35369
Feb 17 2019 01:,1550365200,0.03,32824
Feb 18 2019 01:,1550451600,0.03,28653
Feb 19 2019 01:,1550538000,0.03,35537
Feb 20 2019 01:,1550624400,0.03,51618
Feb 21 2019 01:,1550710800,0.03,41126
Feb 22 2019 01:,1550797200,0.03,36959
Feb 23 2019 01:,1550883600,0.03,39810
Feb 24 2019 01:,1550970000,0.03,40762
Feb 25 2019 01:,1551056400,0.03,32389
Feb 26 2019 01:,1551142800,0.03,32448
Feb 27 2019 01:,1551229200,0.03,28647
Feb 28 2019 01:,1551315600,0.03,33067
Mar 01 2019 01:,1551402000,0.03,31136
Mar 02 2019 01:,1551488400,0.03,46565
Mar 03 2019 01:,1551574800,0.03,44144
Mar 04 2019 01:,1551661200,0.03,40263
Mar 05 2019 01:,1551747600,0.03,33854
Mar 06 2019 01:,1551834000,0.03,27744
Mar 07 2019 01:,1551920400,0.03,27315
Mar 08 2019 01:,1552006800,0.03,31172
Mar 09 2019 01:,1552093200,0.03,46377
Mar 10 2019 01:,1552179600,0.03,38415
Mar 11 2019 01:,1552266000,0.03,31771
Mar 12 2019 01:,1552352400,0.03,28198
Mar 13 2019 01:,1552438800,0.03,33780
Mar 14 2019 01:,1552525200,0.03,37606
Mar 15 2019 01:,1552611600,0.03,40233
Mar 16 2019 01:,1552698000,0.03,43531
Mar 17 2019 01:,1552784400,0.03,40955
Mar 18 2019 01:,1552870800,0.03,42712
Mar 19 2019 01:,1552957200,0.03,35444
Mar 20 2019 01:,1553043600,0.03,34014
Mar 21 2019 01:,1553130000,0.03,38109
Mar 22 2019 01:,1553216400,0.03,35406
Mar 23 2019 01:,1553302800,0.03,37281
Mar 24 2019 01:,1553389200,0.03,45903
Mar 25 2019 01:,1553475600,0.03,41832
Mar 26 2019 01:,1553562000,0.03,42162
Mar 27 2019 01:,1553648400,0.03,42427
Mar 28 2019 01:,1553734800,0.03,37948
Mar 29 2019 01:,1553821200,0.03,41562
Mar 30 2019 01:,1553907600,0.03,37282
Mar 31 2019 01:,1553990400,0.03,35836
Apr 01 2019 01:,1554076800,0.03,27336
Apr 02 2019 01:,1554163200,0.03,31921
Apr 03 2019 01:,1554249600,0.03,31194
Apr 04 2019 01:,1554336000,0.03,43908
Apr 05 2019 01:,1554422400,0.03,47364
Apr 06 2019 01:,1554508800,0.03,32775
Apr 07 2019 01:,1554595200,0.03,33424
Apr 08 2019 01:,1554681600,0.03,31131
Apr 09 2019 01:,1554768000,0.03,29557
Apr 10 2019 01:,1554854400,0.03,31744
Apr 11 2019 01:,1554940800,0.03,31252
Apr 12 2019 01:,1555027200,0.03,42560
Apr 13 2019 01:,1555113600,0.03,43801
Apr 14 2019 01:,1555200000,0.03,38094
Apr 15 2019 01:,1555286400,0.03,38907
Apr 16 2019 01:,1555372800,0.03,36125
Apr 17 2019 01:,1555459200,0.03,27894
Apr 18 2019 01:,1555545600,0.03,36224
Apr 19 2019 01:,1555632000,0.03,31340
Apr 20 2019 01:,1555718400,0.03,30840
Apr 21 2019 01:,1555804800,0.03,34524
Apr 22 2019 01:,1555891200,0.03,31162
Apr 23 2019 01:,1555977600,0.03,30109
Apr 24 2019 01:,1556064000,0.03,25562
Apr 25 2019 01:,1556150400,0.03,23706
Apr 26 2019 01:,1556236800,0.03,26411
Apr 27 2019 01:,1556323200,0.03,36300
Apr 28 2019 01:,1556409600,0.03,27910
Apr 29 2019 01:,1556496000,0.03,22104
Apr 30 2019 01:,1556582400,0.03,27918
May 01 2019 01:,1556668800,0.03,24801
May 02 2019 01:,1556755200,0.03,28105
May 03 2019 01:,1556841600,0.03,27000
May 04 2019 01:,1556928000,0.03,27355
May 05 2019 01:,1557014400,0.03,28075
May 06 2019 01:,1557100800,0.03,23917
May 07 2019 01:,1557187200,0.03,28828
May 08 2019 01:,1557273600,0.03,33332
May 09 2019 01:,1557360000,0.03,24210
May 10 2019 01:,1557446400,0.03,34574
May 11 2019 01:,1557532800,0.03,31080
May 12 2019 01:,1557619200,0.03,26010
May 13 2019 01:,1557705600,0.03,33127
May 14 2019 01:,1557792000,0.03,31369
May 15 2019 01:,1557878400,0.03,34196
May 16 2019 01:,1557964800,0.03,30513
May 17 2019 01:,1558051200,0.03,35624
May 18 2019 01:,1558137600,0.03,41540
May 19 2019 01:,1558224000,0.03,35011
May 20 2019 01:,1558310400,0.03,26783
May 21 2019 01:,1558396800,0.03,28957
May 22 2019 01:,1558483200,0.03,31675
May 23 2019 01:,1558569600,0.03,34472
May 24 2019 01:,1558656000,0.03,31531
May 25 2019 01:,1558742400,0.03,33752
May 26 2019 01:,1558828800,0.03,28767
May 27 2019 01:,1558915200,0.03,26556
May 28 2019 01:,1559001600,0.03,26002
May 29 2019 01:,1559088000,0.03,26637
May 30 2019 01:,1559174400,0.03,27424
May 31 2019 01:,1559260800,0.03,28534
Jun 01 2019 01:,1559347200,0.03,30887
Jun 02 2019 01:,1559433600,0.03,32231
Jun 03 2019 01:,1559520000,0.03,26544
Jun 04 2019 01:,1559606400,0.03,28124
Jun 05 2019 01:,1559692800,0.03,30237
Jun 06 2019 01:,1559779200,0.03,30456
Jun 07 2019 01:,1559865600,0.03,31430
Jun 08 2019 01:,1559952000,0.03,31316
Jun 09 2019 01:,1560038400,0.03,31517
Jun 10 2019 01:,1560124800,0.03,31868
Jun 11 2019 01:,1560211200,0.03,28965
Jun 12 2019 01:,1560297600,0.03,26403
Jun 13 2019 01:,1560384000,0.03,31709
Jun 14 2019 01:,1560470400,0.03,28536
Jun 15 2019 01:,1560556800,0.03,31822
Jun 16 2019 01:,1560643200,0.03,30134
Jun 17 2019 01:,1560729600,0.03,27586
Jun 18 2019 01:,1560816000,0.03,28972
Jun 19 2019 01:,1560902400,0.03,28585
Jun 20 2019 01:,1560988800,0.03,45532
Jun 21 2019 01:,1561075200,0.03,31761
Jun 22 2019 01:,1561161600,0.03,31459
Jun 23 2019 01:,1561248000,0.03,32158
Jun 24 2019 01:,1561334400,0.03,27550
Jun 25 2019 01:,1561420800,0.03,46453
Jun 26 2019 01:,1561507200,0.03,51525
Jun 27 2019 01:,1561593600,0.03,38679
Jun 28 2019 01:,1561680000,0.03,38635
Jun 29 2019 01:,1561766400,0.03,38318
Jun 30 2019 01:,1561852800,0.03,44688
Jul 01 2019 01:,1561939200,0.03,34955
Jul 02 2019 01:,1562025600,0.03,29228
Jul 03 2019 01:,1562112000,0.03,33114
Jul 04 2019 01:,1562198400,0.03,36664
Jul 05 2019 01:,1562284800,0.03,29039
Jul 06 2019 01:,1562371200,0.03,27826
Jul 07 2019 01:,1562457600,0.03,29179
Jul 08 2019 01:,1562544000,0.03,29413
Jul 09 2019 01:,1562630400,0.03,32171
Jul 10 2019 01:,1562716800,0.03,33889
Jul 11 2019 01:,1562803200,0.03,36050
Jul 12 2019 01:,1562889600,0.03,30811
Jul 13 2019 01:,1562976000,0.03,32690
Jul 14 2019 01:,1563062400,0.03,38628
Jul 15 2019 01:,1563148800,0.03,31479
Jul 16 2019 01:,1563235200,0.03,32272
Jul 17 2019 01:,1563321600,0.03,31348
Jul 18 2019 01:,1563408000,0.03,31418
Jul 19 2019 01:,1563494400,0.03,30603
Jul 20 2019 01:,1563580800,0.03,36393
Jul 21 2019 01:,1563667200,0.03,259857
Jul 22 2019 01:,1563753600,0.03,43731
Jul 23 2019 01:,1563840000,0.03,56562
Jul 24 2019 01:,1563926400,0.03,47104
Jul 25 2019 01:,1564012800,0.03,40124
Jul 26 2019 01:,1564099200,0.03,47313
Jul 27 2019 01:,1564185600,0.03,102916
Jul 28 2019 01:,1564272000,0.03,287447
Jul 29 2019 01:,1564358400,0.03,42874
Jul 30 2019 01:,1564444800,0.03,37854
Jul 31 2019 01:,1564531200,0.03,42702
Aug 01 2019 01:,1564617600,0.03,41521
Aug 02 2019 01:,1564704000,0.03,37923
Aug 03 2019 01:,1564790400,0.03,44961
Aug 04 2019 01:,1564876800,0.032,43605
Aug 05 2019 01:,1564963200,0.031,38021
Aug 06 2019 01:,1565049600,0.033,46506
Aug 07 2019 01:,1565136000,0.031,65506
Aug 08 2019 01:,1565222400,0.034,53423
Aug 09 2019 01:,1565308800,0.041,71040
Aug 10 2019 01:,1565395200,0.051,47679
Aug 11 2019 01:,1565481600,0.053,49653
Aug 12 2019 01:,1565568000,0.046,44520
Aug 13 2019 01:,1565654400,0.044,44697
Aug 14 2019 01:,1565740800,0.038,44792
Aug 15 2019 01:,1565827200,0.035,36912
Aug 16 2019 01:,1565913600,0.033,40554
Aug 17 2019 01:,1566000000,0.034,41352
Aug 18 2019 01:,1566086400,0.036,45864
Aug 19 2019 01:,1566172800,0.036,38285
Aug 20 2019 01:,1566259200,0.035,35625
Aug 21 2019 01:,1566345600,0.035,36152
Aug 22 2019 01:,1566432000,0.036,37995
Aug 23 2019 01:,1566518400,0.037,42427
Aug 24 2019 01:,1566604800,0.037,38678
Aug 25 2019 01:,1566691200,0.036,39855
Aug 26 2019 01:,1566777600,0.034,34070
Aug 27 2019 01:,1566864000,0.034,37587
Aug 28 2019 01:,1566950400,0.035,31244
Aug 29 2019 01:,1567036800,0.033,36708
Aug 30 2019 01:,1567123200,0.034,45627
Aug 31 2019 01:,1567209600,0.038,52099
Sep 01 2019 01:,1567296000,0.033,42957
Sep 02 2019 01:,1567382400,0.033,42098
Sep 03 2019 01:,1567468800,0.033,41978
Sep 04 2019 01:,1567555200,0.034,42648
Sep 05 2019 01:,1567641600,0.036,47078
Sep 06 2019 01:,1567728000,0.038,52058
Sep 07 2019 01:,1567814400,0.04,61724
Sep 08 2019 01:,1567900800,0.032,59652
Sep 09 2019 01:,1567987200,0.032,44056
Sep 10 2019 01:,1568073600,0.033,46797
Sep 11 2019 01:,1568160000,0.034,42999
Sep 12 2019 01:,1568246400,0.037,49463
Sep 13 2019 01:,1568332800,0.041,54744
Sep 14 2019 01:,1568419200,0.039,52543
Sep 15 2019 01:,1568505600,0.037,45773
Sep 16 2019 01:,1568592000,0.037,44096
Sep 17 2019 01:,1568678400,0.036,37384
Sep 18 2019 01:,1568764800,0.037,39455
Sep 19 2019 01:,1568851200,0.038,38801
Sep 20 2019 01:,1568937600,0.039,48642
Sep 21 2019 01:,1569024000,0.037,47255
Sep 22 2019 01:,1569110400,0.037,44699
Sep 23 2019 01:,1569196800,0.038,35271
Sep 24 2019 01:,1569283200,0.039,37983
Sep 25 2019 01:,1569369600,0.038,38669
Sep 26 2019 01:,1569456000,0.039,40445
Sep 27 2019 01:,1569542400,0.04,42960
Sep 28 2019 01:,1569628800,0.041,47773
Sep 29 2019 01:,1569715200,0.041,50236
Sep 30 2019 01:,1569801600,0.044,42651
Oct 01 2019 01:,1569888000,0.049,54210
Oct 02 2019 01:,1569974400,0.055,62314
Oct 03 2019 01:,1570060800,0.056,60176
Oct 04 2019 01:,1570147200,0.057,62209
Oct 05 2019 01:,1570233600,0.058,69237
Oct 06 2019 01:,1570320000,0.055,64144
Oct 07 2019 01:,1570406400,0.054,47798
Oct 08 2019 01:,1570492800,0.055,49411
Oct 09 2019 01:,1570579200,0.053,51755
Oct 10 2019 01:,1570665600,0.055,47895
Oct 11 2019 01:,1570752000,0.055,49731
Oct 12 2019 01:,1570838400,0.055,60287
Oct 13 2019 01:,1570924800,0.054,53886
Oct 14 2019 01:,1571011200,0.054,46218
Oct 15 2019 01:,1571097600,0.054,42842
Oct 16 2019 01:,1571184000,0.054,42185
Oct 17 2019 01:,1571270400,0.056,40443
Oct 18 2019 01:,1571356800,0.054,51646
Oct 19 2019 01:,1571443200,0.051,74162
Oct 20 2019 01:,1571529600,0.044,63799
Oct 21 2019 01:,1571616000,0.042,48392
Oct 22 2019 01:,1571702400,0.04,42879
Oct 23 2019 01:,1571788800,0.037,40705
Oct 24 2019 01:,1571875200,0.033,33823
Oct 25 2019 01:,1571961600,0.035,40411
Oct 26 2019 01:,1572048000,0.035,45167
Oct 27 2019 01:,1572138000,0.033,37371
Oct 28 2019 01:,1572224400,0.032,34958
Oct 29 2019 01:,1572310800,0.031,39064
Oct 30 2019 01:,1572397200,0.03,30773
Oct 31 2019 01:,1572483600,0.03,29879
Nov 01 2019 01:,1572570000,0.03,31144
Nov 02 2019 01:,1572656400,0.03,29716
Nov 03 2019 01:,1572742800,0.03,31610
Nov 04 2019 01:,1572829200,0.03,21698
Nov 05 2019 01:,1572915600,0.03,22906
Nov 06 2019 01:,1573002000,0.03,22729
Nov 07 2019 01:,1573088400,0.03,22858
Nov 08 2019 01:,1573174800,0.03,24570
Nov 09 2019 01:,1573261200,0.03,28208
Nov 10 2019 01:,1573347600,0.03,27600
Nov 11 2019 01:,1573434000,0.03,24831
Nov 12 2019 01:,1573520400,0.03,21981
Nov 13 2019 01:,1573606800,0.03,18464
Nov 14 2019 01:,1573693200,0.03,19346
Nov 15 2019 01:,1573779600,0.03,21697
Nov 16 2019 01:,1573866000,0.03,22973
Nov 17 2019 01:,1573952400,0.03,20909
Nov 18 2019 01:,1574038800,0.03,16980
Nov 19 2019 01:,1574125200,0.03,25313
Nov 20 2019 01:,1574211600,0.03,16012
Nov 21 2019 01:,1574298000,0.03,16466
Nov 22 2019 01:,1574384400,0.03,17815
Nov 23 2019 01:,1574470800,0.03,31945
Nov 24 2019 01:,1574557200,0.03,26520
Nov 25 2019 01:,1574643600,0.03,21395
Nov 26 2019 01:,1574730000,0.03,19511
Nov 27 2019 01:,1574816400,0.03,24146
Nov 28 2019 01:,1574902800,0.03,27127
Nov 29 2019 01:,1574989200,0.03,24926
Nov 30 2019 01:,1575075600,0.03,25849
Dec 01 2019 01:,1575162000,0.03,26233
Dec 02 2019 01:,1575248400,0.03,24581
Dec 03 2019 01:,1575334800,0.03,20139
Dec 04 2019 01:,1575421200,0.03,20766
Dec 05 2019 01:,1575507600,0.03,19703
Dec 06 2019 01:,1575594000,0.03,23802
Dec 07 2019 01:,1575680400,0.03,23471
Dec 08 2019 01:,1575766800,0.03,21037
Dec 09 2019 01:,1575853200,0.03,22798
Dec 10 2019 01:,1575939600,0.03,20852
Dec 11 2019 01:,1576026000,0.03,20383
Dec 12 2019 01:,1576112400,0.03,25884
Dec 13 2019 01:,1576198800,0.03,20980
Dec 14 2019 01:,1576285200,0.03,25262
Dec 15 2019 01:,1576371600,0.03,25604
Dec 16 2019 01:,1576458000,0.03,20980
Dec 17 2019 01:,1576544400,0.03,18884
Dec 18 2019 01:,1576630800,0.031,21947
Dec 19 2019 01:,1576717200,0.031,25298
Dec 20 2019 01:,1576803600,0.03,27867
Dec 21 2019 01:,1576890000,0.03,30284
Dec 22 2019 01:,1576976400,0.03,26538
Dec 23 2019 01:,1577062800,0.03,24965
Dec 24 2019 01:,1577149200,0.03,23977
Dec 25 2019 01:,1577235600,0.031,28914
Dec 26 2019 01:,1577322000,0.03,28766
Dec 27 2019 01:,1577408400,0.03,31281
Dec 28 2019 01:,1577494800,0.031,30434
Dec 29 2019 01:,1577581200,0.03,31767
Dec 30 2019 01:,1577667600,0.03,30291
Dec 31 2019 01:,1577754000,0.036,27601
Jan 01 2020 01:,1577840400,0.037,25713
Jan 02 2020 01:,1577926800,0.032,29650
Jan 03 2020 01:,1578013200,0.034,27308
Jan 04 2020 01:,1578099600,0.04,27415
Jan 05 2020 01:,1578186000,0.036,28254
Jan 06 2020 01:,1578272400,0.039,26646
Jan 07 2020 01:,1578358800,0.041,32472
Jan 08 2020 01:,1578445200,0.044,28518
Jan 09 2020 01:,1578531600,0.041,28612
Jan 10 2020 01:,1578618000,0.042,32942
Jan 11 2020 01:,1578704400,0.047,34541
Jan 12 2020 01:,1578790800,0.053,37581
Jan 13 2020 01:,1578877200,0.057,33889
Jan 14 2020 01:,1578963600,0.056,25132
Jan 15 2020 01:,1579050000,0.059,35075
Jan 16 2020 01:,1579136400,0.063,30812
Jan 17 2020 01:,1579222800,0.063,36725
Jan 18 2020 01:,1579309200,0.064,46251
Jan 19 2020 01:,1579395600,0.062,42582
Jan 20 2020 01:,1579482000,0.069,37428
Jan 21 2020 01:,1579568400,0.063,31742
Jan 22 2020 01:,1579654800,0.064,39079
Jan 23 2020 01:,1579741200,0.064,36404
Jan 24 2020 01:,1579827600,0.062,45639
Jan 25 2020 01:,1579914000,0.066,50930
Jan 26 2020 01:,1580000400,0.063,46365
Jan 27 2020 01:,1580086800,0.063,36891
Jan 28 2020 01:,1580173200,0.065,31919
Jan 29 2020 01:,1580259600,0.065,36756
Jan 30 2020 01:,1580346000,0.066,31427
Jan 31 2020 01:,1580432400,0.066,44005
Feb 01 2020 01:,1580518800,0.071,42203
Feb 02 2020 01:,1580605200,0.071,39092
Feb 03 2020 01:,1580691600,0.072,37902
Feb 04 2020 01:,1580778000,0.075,39638
Feb 05 2020 01:,1580864400,0.083,42739
Feb 06 2020 01:,1580950800,0.084,40360
Feb 07 2020 01:,1581037200,0.086,40607
Feb 08 2020 01:,1581123600,0.09,53295
Feb 09 2020 01:,1581210000,0.094,53653
Feb 10 2020 01:,1581296400,0.092,44787
Feb 11 2020 01:,1581382800,0.091,43443
Feb 12 2020 01:,1581469200,0.087,39490
Feb 13 2020 01:,1581555600,0.087,38855
Feb 14 2020 01:,1581642000,0.096,59197
Feb 15 2020 01:,1581728400,0.1,58880
Feb 16 2020 01:,1581814800,0.106,55339
Feb 17 2020 01:,1581901200,0.099,38559
Feb 18 2020 01:,1581987600,0.106,43903
Feb 19 2020 01:,1582074000,0.104,42570
Feb 20 2020 01:,1582160400,0.106,45225
Feb 21 2020 01:,1582246800,0.11,55802
Feb 22 2020 01:,1582333200,0.12,63730
Feb 23 2020 01:,1582419600,0.154,159474
Feb 24 2020 01:,1582506000,0.161,70254
Feb 25 2020 01:,1582592400,0.153,64085
Feb 26 2020 01:,1582678800,0.149,56710
Feb 27 2020 01:,1582765200,0.147,60279
Feb 28 2020 01:,1582851600,0.146,53633
Feb 29 2020 01:,1582938000,0.14,60280
Mar 01 2020 01:,1583024400,0.132,59650
Mar 02 2020 01:,1583110800,0.13,50461
Mar 03 2020 01:,1583197200,0.135,47155
Mar 04 2020 01:,1583283600,0.127,45496
Mar 05 2020 01:,1583370000,0.127,42629
Mar 06 2020 01:,1583456400,0.121,42890
Mar 07 2020 01:,1583542800,0.117,49206
Mar 08 2020 01:,1583629200,0.115,43408
Mar 09 2020 01:,1583715600,0.114,46199
Mar 10 2020 01:,1583802000,0.112,37547
Mar 11 2020 01:,1583888400,0.115,38468
Mar 12 2020 01:,1583974800,0.118,45036
Mar 13 2020 01:,1584061200,0.117,45531
Mar 14 2020 01:,1584147600,0.119,54502
Mar 15 2020 01:,1584234000,0.12,55459
Mar 16 2020 01:,1584320400,0.119,49190
Mar 17 2020 01:,1584406800,0.113,50266
Mar 18 2020 01:,1584493200,0.107,48054
Mar 19 2020 01:,1584579600,0.098,48136
Mar 20 2020 01:,1584666000,0.089,53123
Mar 21 2020 01:,1584752400,0.092,49858
Mar 22 2020 01:,1584838800,0.097,50541
Mar 23 2020 01:,1584925200,0.088,43982
Mar 24 2020 01:,1585011600,0.087,44013
Mar 25 2020 01:,1585098000,0.086,49611
Mar 26 2020 01:,1585184400,0.084,48113
Mar 27 2020 01:,1585270800,0.083,44628
Mar 28 2020 01:,1585357200,0.084,52320
Mar 29 2020 01:,1585440000,0.094,39628
Mar 30 2020 01:,1585526400,0.083,42173
Mar 31 2020 01:,1585612800,0.077,53783
Apr 01 2020 01:,1585699200,0.077,66957
Apr 02 2020 01:,1585785600,0.08,67301
Apr 03 2020 01:,1585872000,0.084,67205
Apr 04 2020 01:,1585958400,0.094,73570
Apr 05 2020 01:,1586044800,0.102,66308
Apr 06 2020 01:,1586131200,0.101,68579
Apr 07 2020 01:,1586217600,0.099,63593
Apr 08 2020 01:,1586304000,0.102,63145
Apr 09 2020 01:,1586390400,0.104,62171
Apr 10 2020 01:,1586476800,0.107,61749
Apr 11 2020 01:,1586563200,0.106,62831
Apr 12 2020 01:,1586649600,0.11,61119
Apr 13 2020 01:,1586736000,0.109,59480
Apr 14 2020 01:,1586822400,0.108,61884
Apr 15 2020 01:,1586908800,0.107,64733
Apr 16 2020 01:,1586995200,0.11,61584
Apr 17 2020 01:,1587081600,0.108,64796
Apr 18 2020 01:,1587168000,0.116,64033
Apr 19 2020 01:,1587254400,0.116,57853
Apr 20 2020 01:,1587340800,0.113,52082
Apr 21 2020 01:,1587427200,0.11,52636
Apr 22 2020 01:,1587513600,0.112,54074
Apr 23 2020 01:,1587600000,0.107,54903
Apr 24 2020 01:,1587686400,0.115,60077
Apr 25 2020 01:,1587772800,0.119,57347
Apr 26 2020 01:,1587859200,0.118,58490
Apr 27 2020 01:,1587945600,0.117,55825
Apr 28 2020 01:,1588032000,0.119,57095
Apr 29 2020 01:,1588118400,0.118,26403
Apr 29 2020 15:,1588168800,0.116,2986
Apr 29 2020 16:,1588172400,0.115,2589
Apr 29 2020 17:,1588176000,0.119,3528
Apr 29 2020 18:,1588179600,0.13,3996
Apr 29 2020 19:,1588183200,0.13,3735
Apr 29 2020 20:,1588186800,0.123,3183
Apr 29 2020 21:,1588190400,0.119,2972
Apr 29 2020 22:,1588194000,0.119,2992
Apr 29 2020 23:,1588197600,0.119,2531
Apr 30 2020 00:,1588201200,0.12,1978
Apr 30 2020 01:,1588204800,0.119,1998
Apr 30 2020 02:,1588208400,0.129,1717
Apr 30 2020 03:,1588212000,0.12,1347
Apr 30 2020 04:,1588215600,0.125,1913
Apr 30 2020 05:,1588219200,0.13,1704
Apr 30 2020 06:,1588222800,0.13,1982
Apr 30 2020 07:,1588226400,0.125,1675
Apr 30 2020 08:,1588230000,0.123,1636
Apr 30 2020 09:,1588233600,0.122,1644
Apr 30 2020 10:,1588237200,0.13,3603
Apr 30 2020 11:,1588240800,0.124,2448
Apr 30 2020 12:,1588244400,0.124,2204
Apr 30 2020 13:,1588248000,0.13,2871
Apr 30 2020 14:,1588251600,0.125,2697
Apr 30 2020 15:,1588255200,0.13,3669
Apr 30 2020 16:,1588258800,0.13,3852
Apr 30 2020 17:,1588262400,0.13,3493
Apr 30 2020 18:,1588266000,0.13,3291
Apr 30 2020 19:,1588269600,0.13,3504
Apr 30 2020 20:,1588273200,0.13,3531
Apr 30 2020 21:,1588276800,0.13,4087
Apr 30 2020 22:,1588280400,0.13,3313
Apr 30 2020 23:,1588284000,0.13,2830
May 01 2020 00:,1588287600,0.13,2375
May 01 2020 01:,1588291200,0.13,1717
May 01 2020 02:,1588294800,0.13,2009
May 01 2020 03:,1588298400,0.13,2045
May 01 2020 04:,1588302000,0.124,1670
May 01 2020 05:,1588305600,0.125,1601
May 01 2020 06:,1588309200,0.124,1386
May 01 2020 07:,1588312800,0.124,1274
May 01 2020 08:,1588316400,0.124,1467
May 01 2020 09:,1588320000,0.124,2320
May 01 2020 10:,1588323600,0.126,2388
May 01 2020 11:,1588327200,0.13,2875
May 01 2020 12:,1588330800,0.13,3053
May 01 2020 13:,1588334400,0.13,2804
May 01 2020 14:,1588338000,0.124,2576
May 01 2020 15:,1588341600,0.137,4621
May 01 2020 16:,1588345200,0.137,4399
May 01 2020 17:,1588348800,0.13,3425
May 01 2020 18:,1588352400,0.13,2937
May 01 2020 19:,1588356000,0.13,4209
May 01 2020 20:,1588359600,0.14,5186
May 01 2020 21:,1588363200,0.135,3948
May 01 2020 22:,1588366800,0.132,3019
May 01 2020 23:,1588370400,0.138,3320
May 02 2020 00:,1588374000,0.132,2596
May 02 2020 01:,1588377600,0.138,2542
May 02 2020 02:,1588381200,0.129,2547
May 02 2020 03:,1588384800,0.131,1669
May 02 2020 04:,1588388400,0.132,1558
May 02 2020 05:,1588392000,0.133,1704
May 02 2020 06:,1588395600,0.136,1766
May 02 2020 07:,1588399200,0.132,1429
May 02 2020 08:,1588402800,0.132,1338
May 02 2020 09:,1588406400,0.133,1817
May 02 2020 10:,1588410000,0.133,2204
May 02 2020 11:,1588413600,0.14,3772
May 02 2020 12:,1588417200,0.14,3364
May 02 2020 13:,1588420800,0.137,2867
May 02 2020 14:,1588424400,0.134,2761
May 02 2020 15:,1588428000,0.135,2982
May 02 2020 16:,1588431600,0.14,2829
May 02 2020 17:,1588435200,0.14,2902
May 02 2020 18:,1588438800,0.14,3183
May 02 2020 19:,1588442400,0.143,3265
May 02 2020 20:,1588446000,0.14,2868
May 02 2020 21:,1588449600,0.143,2791
May 02 2020 22:,1588453200,0.14,3141
May 02 2020 23:,1588456800,0.14,2770
May 03 2020 00:,1588460400,0.14,2266
May 03 2020 01:,1588464000,0.14,1846
May 03 2020 02:,1588467600,0.143,2140
May 03 2020 03:,1588471200,0.143,1813
May 03 2020 04:,1588474800,0.14,1523
May 03 2020 05:,1588478400,0.141,1418
May 03 2020 06:,1588482000,0.141,1343
May 03 2020 07:,1588485600,0.139,1212
May 03 2020 08:,1588489200,0.137,1893
May 03 2020 09:,1588492800,0.141,1788
May 03 2020 10:,1588496400,0.137,1801
May 03 2020 11:,1588500000,0.137,2138
May 03 2020 12:,1588503600,0.143,2424
May 03 2020 13:,1588507200,0.143,2829
May 03 2020 14:,1588510800,0.143,3107
May 03 2020 15:,1588514400,0.143,3696
May 03 2020 16:,1588518000,0.146,3169
May 03 2020 17:,1588521600,0.154,2674
May 03 2020 18:,1588525200,0.151,3661
May 03 2020 19:,1588528800,0.151,3465
May 03 2020 20:,1588532400,0.15,2425
May 03 2020 21:,1588536000,0.149,2666
May 03 2020 22:,1588539600,0.143,2625
May 03 2020 23:,1588543200,0.143,2680
May 04 2020 00:,1588546800,0.143,2334
May 04 2020 01:,1588550400,0.15,1710
May 04 2020 02:,1588554000,0.15,1860
May 04 2020 03:,1588557600,0.143,1244
May 04 2020 04:,1588561200,0.143,1054
May 04 2020 05:,1588564800,0.15,1112
May 04 2020 06:,1588568400,0.149,1025
May 04 2020 07:,1588572000,0.15,1186
May 04 2020 08:,1588575600,0.15,1437
May 04 2020 09:,1588579200,0.143,1451
May 04 2020 10:,1588582800,0.148,1843
May 04 2020 11:,1588586400,0.151,2024
May 04 2020 12:,1588590000,0.151,2523
May 04 2020 13:,1588593600,0.144,2344
May 04 2020 14:,1588597200,0.146,2674
May 04 2020 15:,1588600800,0.151,3099
May 04 2020 16:,1588604400,0.151,2774
May 04 2020 17:,1588608000,0.151,2696
May 04 2020 18:,1588611600,0.154,3263
May 04 2020 19:,1588615200,0.151,3067
May 04 2020 20:,1588618800,0.154,2494
May 04 2020 21:,1588622400,0.151,2781
May 04 2020 22:,1588626000,0.15,2536
May 04 2020 23:,1588629600,0.15,2347
May 05 2020 00:,1588633200,0.142,1705
May 05 2020 01:,1588636800,0.142,1735
May 05 2020 02:,1588640400,0.15,1568
May 05 2020 03:,1588644000,0.15,1196
May 05 2020 04:,1588647600,0.15,1896
May 05 2020 05:,1588651200,0.15,1252
May 05 2020 06:,1588654800,0.15,1226
May 05 2020 07:,1588658400,0.151,1427
May 05 2020 08:,1588662000,0.15,1553
May 05 2020 09:,1588665600,0.142,1358
May 05 2020 10:,1588669200,0.151,2200
May 05 2020 11:,1588672800,0.142,1695
May 05 2020 12:,1588676400,0.14,2150
May 05 2020 13:,1588680000,0.142,2407
May 05 2020 14:,1588683600,0.147,2519
May 05 2020 15:,1588687200,0.142,2033
May 05 2020 16:,1588690800,0.15,2146
May 05 2020 17:,1588694400,0.15,2196
May 05 2020 18:,1588698000,0.151,2956
May 05 2020 19:,1588701600,0.152,2583
May 05 2020 20:,1588705200,0.152,2826
May 05 2020 21:,1588708800,0.15,2175
May 05 2020 22:,1588712400,0.149,2248
May 05 2020 23:,1588716000,0.151,2145
May 06 2020 00:,1588719600,0.15,1641
May 06 2020 01:,1588723200,0.15,1419
May 06 2020 02:,1588726800,0.15,1451
May 06 2020 03:,1588730400,0.154,2463
May 06 2020 04:,1588734000,0.151,1305
May 06 2020 05:,1588737600,0.15,1032
May 06 2020 06:,1588741200,0.15,1516
May 06 2020 07:,1588744800,0.153,1805
May 06 2020 08:,1588748400,0.153,1866
May 06 2020 09:,1588752000,0.149,1498
May 06 2020 10:,1588755600,0.151,1828
May 06 2020 11:,1588759200,0.152,2187
May 06 2020 12:,1588762800,0.147,2331
May 06 2020 13:,1588766400,0.152,2614
May 06 2020 14:,1588770000,0.15,2796
May 06 2020 15:,1588773600,0.152,2490
May 06 2020 16:,1588777200,0.15,2582
May 06 2020 17:,1588780800,0.15,2293
May 06 2020 18:,1588784400,0.149,2429
May 06 2020 19:,1588788000,0.152,2797
May 06 2020 20:,1588791600,0.152,2738
May 06 2020 21:,1588795200,0.15,2567
May 06 2020 22:,1588798800,0.148,2108
May 06 2020 23:,1588802400,0.144,1835
May 07 2020 00:,1588806000,0.15,1660
May 07 2020 01:,1588809600,0.15,1242
May 07 2020 02:,1588813200,0.15,1295
May 07 2020 03:,1588816800,0.15,1483
May 07 2020 04:,1588820400,0.152,1588
May 07 2020 05:,1588824000,0.152,1838
May 07 2020 06:,1588827600,0.152,1349
May 07 2020 07:,1588831200,0.158,1681
May 07 2020 08:,1588834800,0.154,1868
May 07 2020 09:,1588838400,0.151,1838
May 07 2020 10:,1588842000,0.15,2153
May 07 2020 11:,1588845600,0.151,1995
May 07 2020 12:,1588849200,0.151,2195
May 07 2020 13:,1588852800,0.15,2215
May 07 2020 14:,1588856400,0.15,2518
May 07 2020 15:,1588860000,0.151,2394
May 07 2020 16:,1588863600,0.15,2309
May 07 2020 17:,1588867200,0.149,2394
May 07 2020 18:,1588870800,0.151,2686
May 07 2020 19:,1588874400,0.151,2839
May 07 2020 20:,1588878000,0.15,2704
May 07 2020 21:,1588881600,0.152,3320
May 07 2020 22:,1588885200,0.15,2078
May 07 2020 23:,1588888800,0.15,1907
May 08 2020 00:,1588892400,0.14,1560
May 08 2020 01:,1588896000,0.151,1545
May 08 2020 02:,1588899600,0.151,1485
May 08 2020 03:,1588903200,0.16,1551
May 08 2020 04:,1588906800,0.16,1274
May 08 2020 05:,1588910400,0.16,1046
May 08 2020 06:,1588914000,0.15,1000
May 08 2020 07:,1588917600,0.15,1198
May 08 2020 08:,1588921200,0.154,1669
May 08 2020 09:,1588924800,0.154,1359
May 08 2020 10:,1588928400,0.147,1639
May 08 2020 11:,1588932000,0.154,2614
May 08 2020 12:,1588935600,0.154,2188
May 08 2020 13:,1588939200,0.154,2549
May 08 2020 14:,1588942800,0.16,2468
May 08 2020 15:,1588946400,0.162,3215
May 08 2020 16:,1588950000,0.158,2986
May 08 2020 17:,1588953600,0.158,2842
May 08 2020 18:,1588957200,0.151,3029
May 08 2020 19:,1588960800,0.156,2998
May 08 2020 20:,1588964400,0.151,2925
May 08 2020 21:,1588968000,0.151,2570
May 08 2020 22:,1588971600,0.151,2535
May 08 2020 23:,1588975200,0.15,2178
May 09 2020 00:,1588978800,0.15,1641
May 09 2020 01:,1588982400,0.15,1504
May 09 2020 02:,1588986000,0.15,1489
May 09 2020 03:,1588989600,0.152,1284
May 09 2020 04:,1588993200,0.158,1764
May 09 2020 05:,1588996800,0.156,1242
May 09 2020 06:,1589000400,0.159,1892
May 09 2020 07:,1589004000,0.157,1748
May 09 2020 08:,1589007600,0.158,1996
May 09 2020 09:,1589011200,0.159,2233
May 09 2020 10:,1589014800,0.158,1851
May 09 2020 11:,1589018400,0.151,1515
May 09 2020 12:,1589022000,0.162,2143
May 09 2020 13:,1589025600,0.151,2047
May 09 2020 14:,1589029200,0.157,2497
May 09 2020 15:,1589032800,0.15,1900
May 09 2020 16:,1589036400,0.152,2503
May 09 2020 17:,1589040000,0.154,2674
May 09 2020 18:,1589043600,0.16,2741
May 09 2020 19:,1589047200,0.16,2476
May 09 2020 20:,1589050800,0.154,2481
May 09 2020 21:,1589054400,0.157,2458
May 09 2020 22:,1589058000,0.151,2476
May 09 2020 23:,1589061600,0.16,2379
May 10 2020 00:,1589065200,0.162,2755
May 10 2020 01:,1589068800,0.162,1643
May 10 2020 02:,1589072400,0.16,1507
May 10 2020 03:,1589076000,0.16,1095
May 10 2020 04:,1589079600,0.16,1174
May 10 2020 05:,1589083200,0.16,1180
May 10 2020 06:,1589086800,0.162,1481
May 10 2020 07:,1589090400,0.16,1255
May 10 2020 08:,1589094000,0.154,1142
May 10 2020 09:,1589097600,0.157,1714
May 10 2020 10:,1589101200,0.155,2155
May 10 2020 11:,1589104800,0.152,1821
May 10 2020 12:,1589108400,0.152,2383
May 10 2020 13:,1589112000,0.15,2571
May 10 2020 14:,1589115600,0.15,2418
May 10 2020 15:,1589119200,0.151,3019
May 10 2020 16:,1589122800,0.15,2739
May 10 2020 17:,1589126400,0.15,2639
May 10 2020 18:,1589130000,0.151,2858
May 10 2020 19:,1589133600,0.151,2949
May 10 2020 20:,1589137200,0.151,2806
May 10 2020 21:,1589140800,0.15,2467
May 10 2020 22:,1589144400,0.148,2195
May 10 2020 23:,1589148000,0.147,2113
May 11 2020 00:,1589151600,0.151,1963
May 11 2020 01:,1589155200,0.15,1300
May 11 2020 02:,1589158800,0.15,1265
May 11 2020 03:,1589162400,0.15,1245
May 11 2020 04:,1589166000,0.15,1241
May 11 2020 05:,1589169600,0.155,1354
May 11 2020 06:,1589173200,0.158,1675
May 11 2020 07:,1589176800,0.156,1568
May 11 2020 08:,1589180400,0.148,1198
May 11 2020 09:,1589184000,0.149,1454
May 11 2020 10:,1589187600,0.145,1661
May 11 2020 11:,1589191200,0.149,1847
May 11 2020 12:,1589194800,0.15,2308
May 11 2020 13:,1589198400,0.148,2874
May 11 2020 14:,1589202000,0.142,2613
May 11 2020 15:,1589205600,0.141,2652
May 11 2020 16:,1589209200,0.151,3649
May 11 2020 17:,1589212800,0.149,2678
May 11 2020 18:,1589216400,0.148,2940
May 11 2020 19:,1589220000,0.143,2670
May 11 2020 20:,1589223600,0.147,2550
May 11 2020 21:,1589227200,0.144,2567
May 11 2020 22:,1589230800,0.14,2304
May 11 2020 23:,1589234400,0.141,2142
May 12 2020 00:,1589238000,0.141,1805
May 12 2020 01:,1589241600,0.141,1726
May 12 2020 02:,1589245200,0.15,1316
May 12 2020 03:,1589248800,0.15,1305
May 12 2020 04:,1589252400,0.15,1449
May 12 2020 05:,1589256000,0.15,1317
May 12 2020 06:,1589259600,0.15,1365
May 12 2020 07:,1589263200,0.149,1629
May 12 2020 08:,1589266800,0.149,1609
May 12 2020 09:,1589270400,0.146,1532
May 12 2020 10:,1589274000,0.143,1769
May 12 2020 11:,1589277600,0.141,2173
May 12 2020 12:,1589281200,0.139,2112
May 12 2020 13:,1589284800,0.138,1704
May 12 2020 14:,1589288400,0.137,2173
May 12 2020 15:,1589292000,0.138,2434
May 12 2020 16:,1589295600,0.139,3012
May 12 2020 17:,1589299200,0.14,2391
May 12 2020 18:,1589302800,0.14,2915
May 12 2020 19:,1589306400,0.14,2339
May 12 2020 20:,1589310000,0.14,2323
May 12 2020 21:,1589313600,0.138,2646
May 12 2020 22:,1589317200,0.14,2457
May 12 2020 23:,1589320800,0.14,2257
May 13 2020 00:,1589324400,0.14,1506
May 13 2020 01:,1589328000,0.14,1291
May 13 2020 02:,1589331600,0.139,1328
May 13 2020 03:,1589335200,0.138,1081
May 13 2020 04:,1589338800,0.14,943
May 13 2020 05:,1589342400,0.139,918
May 13 2020 06:,1589346000,0.141,1642
May 13 2020 07:,1589349600,0.139,1568
May 13 2020 08:,1589353200,0.138,1530
May 13 2020 09:,1589356800,0.14,2237
May 13 2020 10:,1589360400,0.137,1833
May 13 2020 11:,1589364000,0.137,2173
May 13 2020 12:,1589367600,0.138,3439
May 13 2020 13:,1589371200,0.137,2203
May 13 2020 14:,1589374800,0.137,2678
May 13 2020 15:,1589378400,0.137,2073
May 13 2020 16:,1589382000,0.137,2062
May 13 2020 17:,1589385600,0.141,3346
May 13 2020 18:,1589389200,0.137,2518
May 13 2020 19:,1589392800,0.138,2673
May 13 2020 20:,1589396400,0.135,2747
May 13 2020 21:,1589400000,0.14,2753
May 13 2020 22:,1589403600,0.141,2366
May 13 2020 23:,1589407200,0.13,1726
May 14 2020 00:,1589410800,0.14,1818
May 14 2020 01:,1589414400,0.14,1398
May 14 2020 02:,1589418000,0.138,1384
May 14 2020 03:,1589421600,0.138,1283
May 14 2020 04:,1589425200,0.138,1171
May 14 2020 05:,1589428800,0.138,977
May 14 2020 06:,1589432400,0.14,2034
May 14 2020 07:,1589436000,0.138,1116
May 14 2020 08:,1589439600,0.138,1395
May 14 2020 09:,1589443200,0.132,1468
May 14 2020 10:,1589446800,0.137,1670
May 14 2020 11:,1589450400,0.139,2824
May 14 2020 12:,1589454000,0.138,2435
May 14 2020 13:,1589457600,0.138,2425
May 14 2020 14:,1589461200,0.136,2263
May 14 2020 15:,1589464800,0.138,2635
May 14 2020 16:,1589468400,0.138,2954
May 14 2020 17:,1589472000,0.139,2873
May 14 2020 18:,1589475600,0.138,2941
May 14 2020 19:,1589479200,0.14,2406
May 14 2020 20:,1589482800,0.14,2448
May 14 2020 21:,1589486400,0.137,2124
May 14 2020 22:,1589490000,0.137,1949
May 14 2020 23:,1589493600,0.14,2061
May 15 2020 00:,1589497200,0.14,1823
May 15 2020 01:,1589500800,0.134,1484
May 15 2020 02:,1589504400,0.134,1423
May 15 2020 03:,1589508000,0.138,1965
May 15 2020 04:,1589511600,0.138,1293
May 15 2020 05:,1589515200,0.138,1007
May 15 2020 06:,1589518800,0.138,1504
May 15 2020 07:,1589522400,0.137,1711
May 15 2020 08:,1589526000,0.137,2446
May 15 2020 09:,1589529600,0.138,2390
May 15 2020 10:,1589533200,0.139,2039
May 15 2020 11:,1589536800,0.145,2536
May 15 2020 12:,1589540400,0.14,1826
May 15 2020 13:,1589544000,0.146,2819
May 15 2020 14:,1589547600,0.146,2943
May 15 2020 15:,1589551200,0.15,3696
May 15 2020 16:,1589554800,0.149,2789
May 15 2020 17:,1589558400,0.148,2627
May 15 2020 18:,1589562000,0.15,2813
May 15 2020 19:,1589565600,0.145,2338
May 15 2020 20:,1589569200,0.148,2866
May 15 2020 21:,1589572800,0.15,3411
May 15 2020 22:,1589576400,0.15,2645
May 15 2020 23:,1589580000,0.146,2821
May 16 2020 00:,1589583600,0.15,2368
May 16 2020 01:,1589587200,0.152,2421
May 16 2020 02:,1589590800,0.15,1396
May 16 2020 03:,1589594400,0.151,1421
May 16 2020 04:,1589598000,0.152,1677
May 16 2020 05:,1589601600,0.152,1407
May 16 2020 06:,1589605200,0.152,1675
May 16 2020 07:,1589608800,0.15,1111
May 16 2020 08:,1589612400,0.149,1698
May 16 2020 09:,1589616000,0.148,1532
May 16 2020 10:,1589619600,0.145,1571
May 16 2020 11:,1589623200,0.146,1789
May 16 2020 12:,1589626800,0.146,2345
May 16 2020 13:,1589630400,0.146,2481
May 16 2020 14:,1589634000,0.146,2695
May 16 2020 15:,1589637600,0.147,3441
May 16 2020 16:,1589641200,0.148,3067
May 16 2020 17:,1589644800,0.15,3376
May 16 2020 18:,1589648400,0.148,2991
May 16 2020 19:,1589652000,0.15,2824
May 16 2020 20:,1589655600,0.152,3037
May 16 2020 21:,1589659200,0.15,2606
May 16 2020 22:,1589662800,0.15,2648
May 16 2020 23:,1589666400,0.15,2913
May 17 2020 00:,1589670000,0.152,2275
May 17 2020 01:,1589673600,0.152,2091
May 17 2020 02:,1589677200,0.15,2655
May 17 2020 03:,1589680800,0.154,1537
May 17 2020 04:,1589684400,0.155,2748
May 17 2020 05:,1589688000,0.155,1024
May 17 2020 06:,1589691600,0.155,1429
May 17 2020 07:,1589695200,0.155,1417
May 17 2020 08:,1589698800,0.152,1209
May 17 2020 09:,1589702400,0.152,1402
May 17 2020 10:,1589706000,0.152,2059
May 17 2020 11:,1589709600,0.153,1801
May 17 2020 12:,1589713200,0.155,2673
May 17 2020 13:,1589716800,0.16,3145
May 17 2020 14:,1589720400,0.153,2579
May 17 2020 15:,1589724000,0.155,3402
May 17 2020 16:,1589727600,0.155,3015
May 17 2020 17:,1589731200,0.155,2960
May 17 2020 18:,1589734800,0.15,2269
May 17 2020 19:,1589738400,0.155,3080
May 17 2020 20:,1589742000,0.152,2683
May 17 2020 21:,1589745600,0.152,2359
May 17 2020 22:,1589749200,0.15,1859
May 17 2020 23:,1589752800,0.152,2044
May 18 2020 00:,1589756400,0.154,1677
May 18 2020 01:,1589760000,0.16,2715
May 18 2020 02:,1589763600,0.156,1280
May 18 2020 03:,1589767200,0.156,1324
May 18 2020 04:,1589770800,0.162,1320
May 18 2020 05:,1589774400,0.163,1715
May 18 2020 06:,1589778000,0.162,1630
May 18 2020 07:,1589781600,0.161,901
May 18 2020 08:,1589785200,0.16,1533
May 18 2020 09:,1589788800,0.155,1401
May 18 2020 10:,1589792400,0.155,1515
May 18 2020 11:,1589796000,0.16,2247
May 18 2020 12:,1589799600,0.162,2630
May 18 2020 13:,1589803200,0.162,2720
May 18 2020 14:,1589806800,0.162,2401
May 18 2020 15:,1589810400,0.162,2285
May 18 2020 16:,1589814000,0.162,2273
May 18 2020 17:,1589817600,0.156,2040
May 18 2020 18:,1589821200,0.152,2177
May 18 2020 19:,1589824800,0.152,2119
May 18 2020 20:,1589828400,0.152,2447
May 18 2020 21:,1589832000,0.151,2304
May 18 2020 22:,1589835600,0.152,2222
May 18 2020 23:,1589839200,0.162,2102
May 19 2020 00:,1589842800,0.162,1811
May 19 2020 01:,1589846400,0.16,1286
May 19 2020 02:,1589850000,0.16,1228
May 19 2020 03:,1589853600,0.162,1056
May 19 2020 04:,1589857200,0.163,1374
May 19 2020 05:,1589860800,0.162,991
May 19 2020 06:,1589864400,0.164,2062
May 19 2020 07:,1589868000,0.162,1075
May 19 2020 08:,1589871600,0.16,997
May 19 2020 09:,1589875200,0.152,1293
May 19 2020 10:,1589878800,0.152,1455
May 19 2020 11:,1589882400,0.16,2356
May 19 2020 12:,1589886000,0.162,1852
May 19 2020 13:,1589889600,0.162,2180
May 19 2020 14:,1589893200,0.162,1915
May 19 2020 15:,1589896800,0.156,1927
May 19 2020 16:,1589900400,0.16,1958
May 19 2020 17:,1589904000,0.162,2369
May 19 2020 18:,1589907600,0.162,2164
May 19 2020 19:,1589911200,0.162,2481
May 19 2020 20:,1589914800,0.162,2707
May 19 2020 21:,1589918400,0.16,2240
May 19 2020 22:,1589922000,0.153,1945
May 19 2020 23:,1589925600,0.164,1911
May 20 2020 00:,1589929200,0.166,1414
May 20 2020 01:,1589932800,0.164,1674
May 20 2020 02:,1589936400,0.164,1384
May 20 2020 03:,1589940000,0.164,1650
May 20 2020 04:,1589943600,0.16,944
May 20 2020 05:,1589947200,0.16,849
May 20 2020 06:,1589950800,0.162,1061
May 20 2020 07:,1589954400,0.164,1400
May 20 2020 08:,1589958000,0.164,1347
May 20 2020 09:,1589961600,0.157,1320
May 20 2020 10:,1589965200,0.16,1208
May 20 2020 11:,1589968800,0.157,1710
May 20 2020 12:,1589972400,0.164,2417
May 20 2020 13:,1589976000,0.16,1958
May 20 2020 14:,1589979600,0.157,1517
May 20 2020 15:,1589983200,0.156,2010
May 20 2020 16:,1589986800,0.157,2182
May 20 2020 17:,1589990400,0.164,2009
May 20 2020 18:,1589994000,0.16,1941
May 20 2020 19:,1589997600,0.16,1854
May 20 2020 20:,1590001200,0.164,2624
May 20 2020 21:,1590004800,0.164,2343
May 20 2020 22:,1590008400,0.164,1883
May 20 2020 23:,1590012000,0.163,1533
May 21 2020 00:,1590015600,0.161,1382
May 21 2020 01:,1590019200,0.154,1155
May 21 2020 02:,1590022800,0.151,1036
May 21 2020 03:,1590026400,0.16,1038
May 21 2020 04:,1590030000,0.16,918
May 21 2020 05:,1590033600,0.164,1014
May 21 2020 06:,1590037200,0.166,1098
May 21 2020 07:,1590040800,0.166,1137
May 21 2020 08:,1590044400,0.16,960
May 21 2020 09:,1590048000,0.164,1391
May 21 2020 10:,1590051600,0.158,1353
May 21 2020 11:,1590055200,0.158,1581
May 21 2020 12:,1590058800,0.157,1440
May 21 2020 13:,1590062400,0.16,1504
May 21 2020 14:,1590066000,0.16,1762
May 21 2020 15:,1590069600,0.164,2087
May 21 2020 16:,1590073200,0.166,2854
May 21 2020 17:,1590076800,0.165,2112
May 21 2020 18:,1590080400,0.164,2051
May 21 2020 19:,1590084000,0.162,1981
May 21 2020 20:,1590087600,0.164,2473
May 21 2020 21:,1590091200,0.164,2262
May 21 2020 22:,1590094800,0.167,3204
May 21 2020 23:,1590098400,0.161,1627
May 22 2020 00:,1590102000,0.164,1807
May 22 2020 01:,1590105600,0.164,1358
May 22 2020 02:,1590109200,0.163,958
May 22 2020 03:,1590112800,0.163,1045
May 22 2020 04:,1590116400,0.169,1390
May 22 2020 05:,1590120000,0.17,1102
May 22 2020 06:,1590123600,0.173,1041
May 22 2020 07:,1590127200,0.174,1423
May 22 2020 08:,1590130800,0.17,1418
May 22 2020 09:,1590134400,0.164,1205
May 22 2020 10:,1590138000,0.161,1260
May 22 2020 11:,1590141600,0.164,1494
May 22 2020 12:,1590145200,0.17,1711
May 22 2020 13:,1590148800,0.175,2736
May 22 2020 14:,1590152400,0.17,2488
May 22 2020 15:,1590156000,0.16,2012
May 22 2020 16:,1590159600,0.164,2280
May 22 2020 17:,1590163200,0.169,2150
May 22 2020 18:,1590166800,0.175,2611
May 22 2020 19:,1590170400,0.175,2337
May 22 2020 20:,1590174000,0.176,3370
May 22 2020 21:,1590177600,0.17,2072
May 22 2020 22:,1590181200,0.17,1976
May 22 2020 23:,1590184800,0.17,1989
May 23 2020 00:,1590188400,0.17,1498
May 23 2020 01:,1590192000,0.171,1385
May 23 2020 02:,1590195600,0.174,1280
May 23 2020 03:,1590199200,0.178,1940
May 23 2020 04:,1590202800,0.18,1816
May 23 2020 05:,1590206400,0.18,1326
May 23 2020 06:,1590210000,0.184,1258
May 23 2020 07:,1590213600,0.181,1797
May 23 2020 08:,1590217200,0.18,1489
May 23 2020 09:,1590220800,0.176,1424
May 23 2020 10:,1590224400,0.183,2417
May 23 2020 11:,1590228000,0.176,1558
May 23 2020 12:,1590231600,0.178,1598
May 23 2020 13:,1590235200,0.186,2967
May 23 2020 14:,1590238800,0.183,3081
May 23 2020 15:,1590242400,0.176,2114
May 23 2020 16:,1590246000,0.176,2226
May 23 2020 17:,1590249600,0.177,2473
May 23 2020 18:,1590253200,0.177,2589
May 23 2020 19:,1590256800,0.182,2862
May 23 2020 20:,1590260400,0.18,2706
May 23 2020 21:,1590264000,0.18,2855
May 23 2020 22:,1590267600,0.18,2305
May 23 2020 23:,1590271200,0.182,1999
May 24 2020 00:,1590274800,0.189,2983
May 24 2020 01:,1590278400,0.186,1357
May 24 2020 02:,1590282000,0.19,2009
May 24 2020 03:,1590285600,0.19,2732
May 24 2020 04:,1590289200,0.19,1589
May 24 2020 05:,1590292800,0.194,1026
May 24 2020 06:,1590296400,0.191,1055
May 24 2020 07:,1590300000,0.195,1245
May 24 2020 08:,1590303600,0.197,1957
May 24 2020 09:,1590307200,0.195,1624
May 24 2020 10:,1590310800,0.197,4023
May 24 2020 11:,1590314400,0.197,4580
May 24 2020 12:,1590318000,0.197,4407
May 24 2020 13:,1590321600,0.19,2466
May 24 2020 14:,1590325200,0.197,2312
May 24 2020 15:,1590328800,0.197,2924
May 24 2020 16:,1590332400,0.197,2494
May 24 2020 17:,1590336000,0.197,2826
May 24 2020 18:,1590339600,0.197,2867
May 24 2020 19:,1590343200,0.197,3699
May 24 2020 20:,1590346800,0.202,4610
May 24 2020 21:,1590350400,0.197,3435
May 24 2020 22:,1590354000,0.195,2114
May 24 2020 23:,1590357600,0.19,1882
May 25 2020 00:,1590361200,0.191,1350
May 25 2020 01:,1590364800,0.189,1684
May 25 2020 02:,1590368400,0.197,1609
May 25 2020 03:,1590372000,0.19,908
May 25 2020 04:,1590375600,0.19,1018
May 25 2020 05:,1590379200,0.19,924
May 25 2020 06:,1590382800,0.194,1136
May 25 2020 07:,1590386400,0.191,1214
May 25 2020 08:,1590390000,0.191,1540
May 25 2020 09:,1590393600,0.186,1825
May 25 2020 10:,1590397200,0.18,1515
May 25 2020 11:,1590400800,0.181,1336
May 25 2020 12:,1590404400,0.18,1880
May 25 2020 13:,1590408000,0.177,1849
May 25 2020 14:,1590411600,0.181,2206
May 25 2020 15:,1590415200,0.183,2261
May 25 2020 16:,1590418800,0.18,2117
May 25 2020 17:,1590422400,0.182,2312
May 25 2020 18:,1590426000,0.176,2080
May 25 2020 19:,1590429600,0.176,3114
May 25 2020 20:,1590433200,0.165,1922
May 25 2020 21:,1590436800,0.168,196
May 25 2020 22:,1590440400,0.165,1345
May 25 2020 23:,1590444000,0.165,1845
May 26 2020 00:,1590447600,0.165,1952
May 26 2020 01:,1590451200,0.16,1383
May 26 2020 02:,1590454800,0.164,1202
May 26 2020 03:,1590458400,0.165,1179
May 26 2020 04:,1590462000,0.17,1043
May 26 2020 05:,1590465600,0.162,1178
May 26 2020 06:,1590469200,0.176,1892
May 26 2020 07:,1590472800,0.164,1586
May 26 2020 08:,1590476400,0.165,2007
May 26 2020 09:,1590480000,0.158,2016
May 26 2020 10:,1590483600,0.156,2026
May 26 2020 11:,1590487200,0.156,2167
May 26 2020 12:,1590490800,0.156,1972
May 26 2020 13:,1590494400,0.154,2165
May 26 2020 14:,1590498000,0.154,2061
May 26 2020 15:,1590501600,0.162,2401
May 26 2020 16:,1590505200,0.157,1872
May 26 2020 17:,1590508800,0.154,2070
May 26 2020 18:,1590512400,0.16,2420
May 26 2020 19:,1590516000,0.16,2297
May 26 2020 20:,1590519600,0.154,2117
May 26 2020 21:,1590523200,0.153,1931
May 26 2020 22:,1590526800,0.152,1979
May 26 2020 23:,1590530400,0.153,1325
May 27 2020 00:,1590534000,0.153,1598
May 27 2020 01:,1590537600,0.16,1252
May 27 2020 02:,1590541200,0.16,990
May 27 2020 03:,1590544800,0.16,1023
May 27 2020 04:,1590548400,0.16,979
May 27 2020 05:,1590552000,0.164,1008
May 27 2020 06:,1590555600,0.164,1107
May 27 2020 07:,1590559200,0.167,1051
May 27 2020 08:,1590562800,0.163,1005
May 27 2020 09:,1590566400,0.163,1194
May 27 2020 10:,1590570000,0.164,1914
May 27 2020 11:,1590573600,0.158,1540
May 27 2020 12:,1590577200,0.153,1712
May 27 2020 13:,1590580800,0.153,1726
May 27 2020 14:,1590584400,0.153,1945
May 27 2020 15:,1590588000,0.153,1743
May 27 2020 16:,1590591600,0.164,1739
May 27 2020 17:,1590595200,0.15,1609
May 27 2020 18:,1590598800,0.153,1751
May 27 2020 19:,1590602400,0.153,1662
May 27 2020 20:,1590606000,0.148,2170
May 27 2020 21:,1590609600,0.154,2065
May 27 2020 22:,1590613200,0.159,2055
May 27 2020 23:,1590616800,0.15,1635
May 28 2020 00:,1590620400,0.154,1325
May 28 2020 01:,1590624000,0.163,2392
May 28 2020 02:,1590627600,0.164,1215
May 28 2020 03:,1590631200,0.16,1171
May 28 2020 04:,1590634800,0.166,1198
May 28 2020 05:,1590638400,0.17,1658
May 28 2020 06:,1590642000,0.169,1524
May 28 2020 07:,1590645600,0.163,1099
May 28 2020 08:,1590649200,0.16,1168
May 28 2020 09:,1590652800,0.165,1421
May 28 2020 10:,1590656400,0.165,1373
May 28 2020 11:,1590660000,0.164,1816
May 28 2020 12:,1590663600,0.165,1788
May 28 2020 13:,1590667200,0.165,1744
May 28 2020 14:,1590670800,0.164,1975
May 28 2020 15:,1590674400,0.165,2375
May 28 2020 16:,1590678000,0.17,3084
May 28 2020 17:,1590681600,0.165,2031
May 28 2020 18:,1590685200,0.174,2123
May 28 2020 19:,1590688800,0.171,2251
May 28 2020 20:,1590692400,0.175,2491
May 28 2020 21:,1590696000,0.165,1832
May 28 2020 22:,1590699600,0.168,1726
May 28 2020 23:,1590703200,0.17,1527
May 29 2020 00:,1590706800,0.165,1089
May 29 2020 01:,1590710400,0.171,984
May 29 2020 02:,1590714000,0.17,1022
May 29 2020 03:,1590717600,0.176,1235
May 29 2020 04:,1590721200,0.176,1103
May 29 2020 05:,1590724800,0.174,819
May 29 2020 06:,1590728400,0.178,1291
May 29 2020 07:,1590732000,0.182,1497
May 29 2020 08:,1590735600,0.183,1464
May 29 2020 09:,1590739200,0.176,1187
May 29 2020 10:,1590742800,0.179,1512
May 29 2020 11:,1590746400,0.178,1670
May 29 2020 12:,1590750000,0.178,2050
May 29 2020 13:,1590753600,0.179,2430
May 29 2020 14:,1590757200.0,0.17999999999999999,2554.0
May 29 2020 15:,1590760800.0,0.17799999999999999,2501.0
May 29 2020 16:,1590764400.0,0.17999999999999999,2554.0
May 29 2020 17:,1590768000.0,0.183,2772.0
May 29 2020 18:,1590771600.0,0.17799999999999999,2287.0
May 29 2020 19:,1590775200.0,0.17599999999999999,2259.0
May 29 2020 20:,1590778800.0,0.17899999999999999,2269.0
May 29 2020 21:,1590782400.0,0.17799999999999999,2352.0
May 29 2020 22:,1590786000.0,0.17799999999999999,1942.0
May 29 2020 23:,1590789600.0,0.17799999999999999,1640.0
May 30 2020 00:,1590793200.0,0.17999999999999999,1427.0
May 30 2020 01:,1590796800.0,0.17799999999999999,1219.0
May 30 2020 02:,1590800400.0,0.183,1272.0
May 30 2020 03:,1590804000.0,0.183,1452.0
May 30 2020 04:,1590807600.0,0.183,1304.0
May 30 2020 05:,1590811200.0,0.189,1384.0
May 30 2020 06:,1590814800.0,0.187,1135.0
May 30 2020 07:,1590818400.0,0.189,1404.0
May 30 2020 08:,1590822000.0,0.19,1414.0
May 30 2020 09:,1590825600.0,0.17999999999999999,1583.0
May 30 2020 10:,1590829200.0,0.183,1716.0
May 30 2020 11:,1590832800.0,0.183,1611.0
May 30 2020 12:,1590836400.0,0.17999999999999999,1743.0
May 30 2020 13:,1590840000.0,0.186,1890.0
May 30 2020 14:,1590843600.0,0.187,2200.0
May 30 2020 15:,1590847200.0,0.182,1861.0
May 30 2020 16:,1590850800.0,0.17899999999999999,1988.0
May 30 2020 17:,1590854400.0,0.17799999999999999,2027.0
May 30 2020 18:,1590858000.0,0.17999999999999999,1832.0
May 30 2020 19:,1590861600.0,0.182,2099.0
May 30 2020 20:,1590865200.0,0.189,2170.0
May 30 2020 21:,1590868800.0,0.17999999999999999,2095.0
May 30 2020 22:,1590872400.0,0.189,2168.0
May 30 2020 23:,1590876000.0,0.18099999999999999,1815.0
May 31 2020 00:,1590879600.0,0.17999999999999999,1417.0
May 31 2020 01:,1590883200.0,0.189,1520.0
May 31 2020 02:,1590886800.0,0.19,1707.0
May 31 2020 03:,1590890400.0,0.19,1217.0
May 31 2020 04:,1590894000.0,0.19600000000000001,1656.0
May 31 2020 05:,1590897600.0,0.19700000000000001,1473.0
May 31 2020 06:,1590901200.0,0.20000000000000001,1874.0
May 31 2020 07:,1590904800.0,0.20000000000000001,1546.0
May 31 2020 08:,1590908400.0,0.189,1028.0
May 31 2020 09:,1590912000.0,0.185,972.0
May 31 2020 10:,1590915600.0,0.191,1287.0
May 31 2020 11:,1590919200.0,0.182,1814.0
May 31 2020 12:,1590922800.0,0.183,1782.0
May 31 2020 13:,1590926400.0,0.189,1993.0
May 31 2020 14:,1590930000.0,0.185,2036.0
May 31 2020 15:,1590933600.0,0.185,1993.0
May 31 2020 16:,1590937200.0,0.192,2482.0
May 31 2020 17:,1590940800.0,0.189,1923.0
May 31 2020 18:,1590944400.0,0.189,2633.0
May 31 2020 19:,1590948000.0,0.185,2346.0
May 31 2020 20:,1590951600.0,0.17799999999999999,1915.0
May 31 2020 21:,1590955200.0,0.17899999999999999,1638.0
May 31 2020 22:,1590958800.0,0.189,1780.0
May 31 2020 23:,1590962400.0,0.189,1995.0
Jun 01 2020 00:,1590966000.0,0.17999999999999999,1192.0
Jun 01 2020 01:,1590969600.0,0.18099999999999999,1135.0
Jun 01 2020 02:,1590973200.0,0.189,1360.0
Jun 01 2020 03:,1590976800.0,0.19,1107.0
Jun 01 2020 04:,1590980400.0,0.19,1146.0
Jun 01 2020 05:,1590984000.0,0.19,987.0
Jun 01 2020 06:,1590987600.0,0.19,1104.0
Jun 01 2020 07:,1590991200.0,0.183,810.0
Jun 01 2020 08:,1590994800.0,0.17999999999999999,812.0
Jun 01 2020 09:,1590998400.0,0.17799999999999999,945.0
Jun 01 2020 10:,1591002000.0,0.17399999999999999,1083.0
Jun 01 2020 11:,1591005600.0,0.17299999999999999,1262.0
Jun 01 2020 12:,1591009200.0,0.189,2498.0
Jun 01 2020 13:,1591012800.0,0.192,2136.0
Jun 01 2020 14:,1591016400.0,0.189,2069.0
Jun 01 2020 15:,1591020000.0,0.183,2054.0
Jun 01 2020 16:,1591023600.0,0.189,2798.0
Jun 01 2020 17:,1591027200.0,0.183,2195.0
Jun 01 2020 18:,1591030800.0,0.17999999999999999,1763.0
Jun 01 2020 19:,1591034400.0,0.185,2014.0
Jun 01 2020 20:,1591038000.0,0.189,2095.0
Jun 01 2020 21:,1591041600.0,0.189,2198.0
Jun 01 2020 22:,1591045200.0,0.189,1756.0
Jun 01 2020 23:,1591048800.0,0.17999999999999999,1385.0
Jun 02 2020 00:,1591052400.0,0.17799999999999999,1241.0
Jun 02 2020 01:,1591056000.0,0.17999999999999999,935.0
Jun 02 2020 02:,1591059600.0,0.17999999999999999,1068.0
Jun 02 2020 03:,1591063200.0,0.189,775.0
Jun 02 2020 04:,1591066800.0,0.19600000000000001,1126.0
Jun 02 2020 05:,1591070400.0,0.19,973.0
Jun 02 2020 06:,1591074000.0,0.19700000000000001,1161.0
Jun 02 2020 07:,1591077600.0,0.19,975.0
Jun 02 2020 08:,1591081200.0,0.19,1227.0
Jun 02 2020 09:,1591084800.0,0.19,1360.0
Jun 02 2020 10:,1591088400.0,0.19,1279.0
Jun 02 2020 11:,1591092000.0,0.18099999999999999,1413.0
Jun 02 2020 12:,1591095600.0,0.189,1415.0
Jun 02 2020 13:,1591099200.0,0.17999999999999999,1630.0
Jun 02 2020 14:,1591102800.0,0.17999999999999999,1507.0
Jun 02 2020 15:,1591106400.0,0.185,1602.0
Jun 02 2020 16:,1591110000.0,0.186,2030.0
Jun 02 2020 17:,1591113600.0,0.185,2043.0
Jun 02 2020 18:,1591117200.0,0.183,1671.0
Jun 02 2020 19:,1591120800.0,0.17899999999999999,1783.0
Jun 02 2020 20:,1591124400.0,0.17999999999999999,1846.0
Jun 02 2020 21:,1591128000.0,0.17899999999999999,1437.0
Jun 02 2020 22:,1591131600.0,0.17899999999999999,1316.0
Jun 02 2020 23:,1591135200.0,0.17999999999999999,1557.0
Jun 03 2020 00:,1591138800.0,0.188,1039.0
Jun 03 2020 01:,1591142400.0,0.185,1251.0
Jun 03 2020 02:,1591146000.0,0.189,1144.0
Jun 03 2020 03:,1591149600.0,0.19,1348.0
Jun 03 2020 04:,1591153200.0,0.189,705.0
Jun 03 2020 05:,1591156800.0,0.19,784.0
Jun 03 2020 06:,1591160400.0,0.19,747.0
Jun 03 2020 07:,1591164000.0,0.184,684.0
Jun 03 2020 08:,1591167600.0,0.192,1237.0
Jun 03 2020 09:,1591171200.0,0.186,1341.0
Jun 03 2020 10:,1591174800.0,0.184,1260.0
Jun 03 2020 11:,1591178400.0,0.17799999999999999,1231.0
Jun 03 2020 12:,1591182000.0,0.17599999999999999,1500.0
Jun 03 2020 13:,1591185600.0,0.17899999999999999,1475.0
Jun 03 2020 14:,1591189200.0,0.17899999999999999,1639.0
Jun 03 2020 15:,1591192800.0,0.183,2086.0
Jun 03 2020 16:,1591196400.0,0.17999999999999999,1478.0
Jun 03 2020 17:,1591200000.0,0.17999999999999999,1757.0
Jun 03 2020 18:,1591203600.0,0.17899999999999999,2152.0
Jun 03 2020 19:,1591207200.0,0.17199999999999999,1998.0
Jun 03 2020 20:,1591210800.0,0.185,2401.0
Jun 03 2020 21:,1591214400.0,0.17999999999999999,1785.0
Jun 03 2020 22:,1591218000.0,0.17899999999999999,1634.0
Jun 03 2020 23:,1591221600.0,0.17199999999999999,1294.0
Jun 04 2020 00:,1591225200.0,0.17499999999999999,1340.0
Jun 04 2020 01:,1591228800.0,0.17999999999999999,967.0
Jun 04 2020 02:,1591232400.0,0.17100000000000001,1128.0
Jun 04 2020 03:,1591236000.0,0.187,1046.0
Jun 04 2020 04:,1591239600.0,0.17999999999999999,874.0
Jun 04 2020 05:,1591243200.0,0.19,825.0
Jun 04 2020 06:,1591246800.0,0.19,792.0
Jun 04 2020 07:,1591250400.0,0.19,1012.0
Jun 04 2020 08:,1591254000.0,0.19,1421.0
Jun 04 2020 09:,1591257600.0,0.182,1087.0
Jun 04 2020 10:,1591261200.0,0.17899999999999999,949.0
Jun 04 2020 11:,1591264800.0,0.17899999999999999,1162.0
Jun 04 2020 12:,1591268400.0,0.17100000000000001,1087.0
Jun 04 2020 13:,1591272000.0,0.17499999999999999,1409.0
Jun 04 2020 14:,1591275600.0,0.17899999999999999,1529.0
Jun 04 2020 15:,1591279200.0,0.16800000000000001,1653.0
Jun 04 2020 16:,1591282800.0,0.17699999999999999,1840.0
Jun 04 2020 17:,1591286400.0,0.17899999999999999,1774.0
Jun 04 2020 18:,1591290000.0,0.16800000000000001,1595.0
Jun 04 2020 19:,1591293600.0,0.17000000000000001,1784.0
Jun 04 2020 20:,1591297200.0,0.17899999999999999,1986.0
Jun 04 2020 21:,1591300800.0,0.17999999999999999,1910.0
Jun 04 2020 22:,1591304400.0,0.17499999999999999,1617.0
Jun 04 2020 23:,1591308000.0,0.17999999999999999,1580.0
Jun 05 2020 00:,1591311600.0,0.17999999999999999,1382.0
Jun 05 2020 01:,1591315200.0,0.17999999999999999,1365.0
Jun 05 2020 02:,1591318800.0,0.185,1598.0
Jun 05 2020 03:,1591322400.0,0.187,1260.0
Jun 05 2020 04:,1591326000.0,0.188,896.0
Jun 05 2020 05:,1591329600.0,0.187,802.0
Jun 05 2020 06:,1591333200.0,0.191,1624.0
Jun 05 2020 07:,1591336800.0,0.189,1089.0
Jun 05 2020 08:,1591340400.0,0.191,1647.0
Jun 05 2020 09:,1591344000.0,0.193,2274.0
Jun 05 2020 10:,1591347600.0,0.184,1239.0
Jun 05 2020 11:,1591351200.0,0.17999999999999999,1249.0
Jun 05 2020 12:,1591354800.0,0.17999999999999999,1548.0
Jun 05 2020 13:,1591358400.0,0.182,1702.0
Jun 05 2020 14:,1591362000.0,0.191,1731.0
Jun 05 2020 15:,1591365600.0,0.19,1914.0
Jun 05 2020 16:,1591369200.0,0.186,2018.0
Jun 05 2020 17:,1591372800.0,0.19,1909.0
Jun 05 2020 18:,1591376400.0,0.191,2043.0
Jun 05 2020 19:,1591380000.0,0.19,2074.0
Jun 05 2020 20:,1591383600.0,0.19,2061.0
Jun 05 2020 21:,1591387200.0,0.185,2130.0
Jun 05 2020 22:,1591390800.0,0.17999999999999999,2140.0
Jun 05 2020 23:,1591394400.0,0.18099999999999999,1528.0
Jun 06 2020 00:,1591398000.0,0.19,1274.0
Jun 06 2020 01:,1591401600.0,0.192,1236.0
Jun 06 2020 02:,1591405200.0,0.19,822.0
Jun 06 2020 03:,1591408800.0,0.186,805.0
Jun 06 2020 04:,1591412400.0,0.19,771.0
Jun 06 2020 05:,1591416000.0,0.19,1042.0
Jun 06 2020 06:,1591419600.0,0.19400000000000001,1214.0
Jun 06 2020 07:,1591423200.0,0.19,1256.0
Jun 06 2020 08:,1591426800.0,0.189,982.0
Jun 06 2020 09:,1591430400.0,0.182,1009.0
Jun 06 2020 10:,1591434000.0,0.17799999999999999,1218.0
Jun 06 2020 11:,1591437600.0,0.17799999999999999,1502.0
Jun 06 2020 12:,1591441200.0,0.18099999999999999,1712.0
Jun 06 2020 13:,1591444800.0,0.182,1528.0
Jun 06 2020 14:,1591448400.0,0.183,1676.0
Jun 06 2020 15:,1591452000.0,0.18099999999999999,1566.0
Jun 06 2020 16:,1591455600.0,0.18099999999999999,2052.0
Jun 06 2020 17:,1591459200.0,0.19,2149.0
Jun 06 2020 18:,1591462800.0,0.192,1827.0
Jun 06 2020 19:,1591466400.0,0.185,1464.0
Jun 06 2020 20:,1591470000.0,0.19,1697.0
Jun 06 2020 21:,1591473600.0,0.17899999999999999,1612.0
Jun 06 2020 22:,1591477200.0,0.17999999999999999,1510.0
Jun 06 2020 23:,1591480800.0,0.17799999999999999,1190.0
Jun 07 2020 00:,1591484400.0,0.182,1187.0
Jun 07 2020 01:,1591488000.0,0.19,1306.0
Jun 07 2020 02:,1591491600.0,0.192,1296.0
Jun 07 2020 03:,1591495200.0,0.19,831.0
Jun 07 2020 04:,1591498800.0,0.19,968.0
Jun 07 2020 05:,1591502400.0,0.189,800.0
Jun 07 2020 06:,1591506000.0,0.19,1214.0
Jun 07 2020 07:,1591509600.0,0.19,820.0
Jun 07 2020 08:,1591513200.0,0.19,888.0
Jun 07 2020 09:,1591516800.0,0.187,1130.0
Jun 07 2020 10:,1591520400.0,0.182,976.0
Jun 07 2020 11:,1591524000.0,0.18099999999999999,1434.0
Jun 07 2020 12:,1591527600.0,0.18099999999999999,1330.0
Jun 07 2020 13:,1591531200.0,0.183,1492.0
Jun 07 2020 14:,1591534800.0,0.189,1781.0
Jun 07 2020 15:,1591538400.0,0.187,1942.0
Jun 07 2020 16:,1591542000.0,0.189,1898.0
Jun 07 2020 17:,1591545600.0,0.182,1525.0
Jun 07 2020 18:,1591549200.0,0.18099999999999999,1345.0
Jun 07 2020 19:,1591552800.0,0.17799999999999999,1654.0
Jun 07 2020 20:,1591556400.0,0.17999999999999999,1580.0
Jun 07 2020 21:,1591560000.0,0.18099999999999999,1601.0
Jun 07 2020 22:,1591563600.0,0.187,1868.0
Jun 07 2020 23:,1591567200.0,0.189,1584.0
Jun 08 2020 00:,1591570800.0,0.19,1534.0
Jun 08 2020 01:,1591574400.0,0.19,976.0
Jun 08 2020 02:,1591578000.0,0.189,1065.0
Jun 08 2020 03:,1591581600.0,0.193,832.0
Jun 08 2020 04:,1591585200.0,0.19400000000000001,1346.0
Jun 08 2020 05:,1591588800.0,0.19600000000000001,957.0
Jun 08 2020 06:,1591592400.0,0.19,829.0
Jun 08 2020 07:,1591596000.0,0.19,652.0
Jun 08 2020 08:,1591599600.0,0.192,1261.0
Jun 08 2020 09:,1591603200.0,0.19,1097.0
Jun 08 2020 10:,1591606800.0,0.192,1504.0
Jun 08 2020 11:,1591610400.0,0.19700000000000001,1866.0
Jun 08 2020 12:,1591614000.0,0.187,1255.0
Jun 08 2020 13:,1591617600.0,0.189,1493.0
