Nov 18 2019 01:,1574038800,4.304,2055
Nov 19 2019 01:,1574125200,1.473,263089
Nov 20 2019 01:,1574211600,1.462,117090
Nov 21 2019 01:,1574298000,1.53,78466
Nov 22 2019 01:,1574384400,1.502,69147
Nov 23 2019 01:,1574470800,1.501,60552
Nov 24 2019 01:,1574557200,1.542,49755
Nov 25 2019 01:,1574643600,1.732,35983
Nov 26 2019 01:,1574730000,1.598,53929
Nov 27 2019 01:,1574816400,0.928,131507
Nov 28 2019 01:,1574902800,0.983,69923
Nov 29 2019 01:,1574989200,1.176,59022
Nov 30 2019 01:,1575075600,1.257,46878
Dec 01 2019 01:,1575162000,1.18,39549
Dec 02 2019 01:,1575248400,1.115,32320
Dec 03 2019 01:,1575334800,1.056,33805
Dec 04 2019 01:,1575421200,1.07,35784
Dec 05 2019 01:,1575507600,1.016,34671
Dec 06 2019 01:,1575594000,1.091,31499
Dec 07 2019 01:,1575680400,1.074,33439
Dec 08 2019 01:,1575766800,1.063,29101
Dec 09 2019 01:,1575853200,1.044,24105
Dec 10 2019 01:,1575939600,0.996,24898
Dec 11 2019 01:,1576026000,0.957,28134
Dec 12 2019 01:,1576112400,0.994,24498
Dec 13 2019 01:,1576198800,1.073,26750
Dec 14 2019 01:,1576285200,1.136,25654
Dec 15 2019 01:,1576371600,1.115,23704
Dec 16 2019 01:,1576458000,1.091,20636
Dec 17 2019 01:,1576544400,1.002,31543
Dec 18 2019 01:,1576630800,0.659,69863
Dec 19 2019 01:,1576717200,0.666,43522
Dec 20 2019 01:,1576803600,0.695,39292
Dec 21 2019 01:,1576890000,0.758,36203
Dec 22 2019 01:,1576976400,0.763,32157
Dec 23 2019 01:,1577062800,0.811,30738
Dec 24 2019 01:,1577149200,0.847,32315
Dec 25 2019 01:,1577235600,0.755,69971
Dec 26 2019 01:,1577322000,0.777,47117
Dec 27 2019 01:,1577408400,0.746,41551
Dec 28 2019 01:,1577494800,0.76,37408
Dec 29 2019 01:,1577581200,0.787,32254
Dec 30 2019 01:,1577667600,0.844,33683
Dec 31 2019 01:,1577754000,0.905,28889
Jan 01 2020 01:,1577840400,0.876,36262
Jan 02 2020 01:,1577926800,0.849,34176
Jan 03 2020 01:,1578013200,0.873,32577
Jan 04 2020 01:,1578099600,0.92,29421
Jan 05 2020 01:,1578186000,0.916,26532
Jan 06 2020 01:,1578272400,0.908,22892
Jan 07 2020 01:,1578358800,0.887,22780
Jan 08 2020 01:,1578445200,0.837,28540
Jan 09 2020 01:,1578531600,0.864,25831
Jan 10 2020 01:,1578618000,0.863,27389
Jan 11 2020 01:,1578704400,0.85,29212
Jan 12 2020 01:,1578790800,0.852,26162
Jan 13 2020 01:,1578877200,0.857,21894
Jan 14 2020 01:,1578963600,0.838,27713
Jan 15 2020 01:,1579050000,0.689,71627
Jan 16 2020 01:,1579136400,0.687,42397
Jan 17 2020 01:,1579222800,0.72,37036
Jan 18 2020 01:,1579309200,0.745,35200
Jan 19 2020 01:,1579395600,0.761,32717
Jan 20 2020 01:,1579482000,0.75,26007
Jan 21 2020 01:,1579568400,0.731,30013
Jan 22 2020 01:,1579654800,0.664,63342
Jan 23 2020 01:,1579741200,0.667,45083
Jan 24 2020 01:,1579827600,0.685,43953
Jan 25 2020 01:,1579914000,0.695,41719
Jan 26 2020 01:,1580000400,0.693,35149
Jan 27 2020 01:,1580086800,0.689,27683
Jan 28 2020 01:,1580173200,0.698,28214
Jan 29 2020 01:,1580259600,0.713,34565
Jan 30 2020 01:,1580346000,0.734,26552
Jan 31 2020 01:,1580432400,0.772,33772
Feb 01 2020 01:,1580518800,0.8,36756
Feb 02 2020 01:,1580605200,0.802,31830
Feb 03 2020 01:,1580691600,0.823,28035
Feb 04 2020 01:,1580778000,0.867,32733
Feb 05 2020 01:,1580864400,0.869,33192
Feb 06 2020 01:,1580950800,0.869,30233
Feb 07 2020 01:,1581037200,0.745,64651
Feb 08 2020 01:,1581123600,0.728,61714
Feb 09 2020 01:,1581210000,0.702,54015
Feb 10 2020 01:,1581296400,0.686,43302
Feb 11 2020 01:,1581382800,0.672,45464
Feb 12 2020 01:,1581469200,0.663,84103
Feb 13 2020 01:,1581555600,0.701,61945
Feb 14 2020 01:,1581642000,0.75,55876
Feb 15 2020 01:,1581728400,0.755,58739
Feb 16 2020 01:,1581814800,0.718,52680
Feb 17 2020 01:,1581901200,0.708,42503
Feb 18 2020 01:,1581987600,0.691,39526
Feb 19 2020 01:,1582074000,0.683,57605
Feb 20 2020 01:,1582160400,0.674,46761
Feb 21 2020 01:,1582246800,0.683,46852
Feb 22 2020 01:,1582333200,0.68,48153
Feb 23 2020 01:,1582419600,0.675,48898
Feb 24 2020 01:,1582506000,0.684,46030
Feb 25 2020 01:,1582592400,0.715,71009
Feb 26 2020 01:,1582678800,0.775,135620
Feb 27 2020 01:,1582765200,0.941,123736
Feb 28 2020 01:,1582851600,1.157,96230
Feb 29 2020 01:,1582938000,1.104,78891
Mar 01 2020 01:,1583024400,0.984,70722
Mar 02 2020 01:,1583110800,0.944,54619
Mar 03 2020 01:,1583197200,0.894,57198
Mar 04 2020 01:,1583283600,0.897,81919
Mar 05 2020 01:,1583370000,0.82,70552
Mar 06 2020 01:,1583456400,0.847,63850
Mar 07 2020 01:,1583542800,0.857,66423
Mar 08 2020 01:,1583629200,0.843,61567
Mar 09 2020 01:,1583715600,0.861,65784
Mar 10 2020 01:,1583802000,0.902,49467
Mar 11 2020 01:,1583888400,0.872,46697
Mar 12 2020 01:,1583974800,0.861,48276
Mar 13 2020 01:,1584061200,0.823,50848
Mar 14 2020 01:,1584147600,0.788,57887
Mar 15 2020 01:,1584234000,0.73,60899
Mar 16 2020 01:,1584320400,0.687,53186
Mar 17 2020 01:,1584406800,0.69,49678
Mar 18 2020 01:,1584493200,0.708,47635
Mar 19 2020 01:,1584579600,0.719,44914
Mar 20 2020 01:,1584666000,0.714,46603
Mar 21 2020 01:,1584752400,0.742,47193
Mar 22 2020 01:,1584838800,0.783,50710
Mar 23 2020 01:,1584925200,0.812,50446
Mar 24 2020 01:,1585011600,0.793,40219
Mar 25 2020 01:,1585098000,0.763,47482
Mar 26 2020 01:,1585184400,0.758,43293
Mar 27 2020 01:,1585270800,0.811,48091
Mar 28 2020 01:,1585357200,0.854,46213
Mar 29 2020 01:,1585440000,0.84,54027
Mar 30 2020 01:,1585526400,0.765,96674
Mar 31 2020 01:,1585612800,0.75,85460
Apr 01 2020 01:,1585699200,1.201,231520
Apr 02 2020 01:,1585785600,1.158,61165
Apr 03 2020 01:,1585872000,1.023,56026
Apr 04 2020 01:,1585958400,1.161,81330
Apr 05 2020 01:,1586044800,1.16,40672
Apr 06 2020 01:,1586131200,1.099,33190
Apr 07 2020 01:,1586217600,1.044,35270
Apr 08 2020 01:,1586304000,1.019,31477
Apr 09 2020 01:,1586390400,1.006,33262
Apr 10 2020 01:,1586476800,0.994,29633
Apr 11 2020 01:,1586563200,0.945,33283
Apr 12 2020 01:,1586649600,0.941,26574
Apr 13 2020 01:,1586736000,0.955,25233
Apr 14 2020 01:,1586822400,1.042,37852
Apr 15 2020 01:,1586908800,1.11,31003
Apr 16 2020 01:,1586995200,1.089,23220
Apr 17 2020 01:,1587081600,1.051,23418
Apr 18 2020 01:,1587168000,1.061,21774
Apr 19 2020 01:,1587254400,1.052,19615
Apr 20 2020 01:,1587340800,1.026,17740
Apr 21 2020 01:,1587427200,0.99,17067
Apr 22 2020 01:,1587513600,0.976,17087
Apr 23 2020 01:,1587600000,0.945,16373
Apr 24 2020 01:,1587686400,0.919,16677
Apr 25 2020 01:,1587772800,0.957,15716
Apr 26 2020 01:,1587859200,0.956,16496
Apr 27 2020 01:,1587945600,0.925,15418
Apr 28 2020 01:,1588032000,0.927,16356
Apr 29 2020 01:,1588118400,0.949,7915
Apr 29 2020 15:,1588168800,0.95,875
Apr 29 2020 16:,1588172400,0.955,936
Apr 29 2020 17:,1588176000,0.96,1050
Apr 29 2020 18:,1588179600,0.957,806
Apr 29 2020 19:,1588183200,0.955,964
Apr 29 2020 20:,1588186800,0.96,786
Apr 29 2020 21:,1588190400,0.957,738
Apr 29 2020 22:,1588194000,0.966,714
Apr 29 2020 23:,1588197600,0.98,1076
Apr 30 2020 00:,1588201200,0.98,681
Apr 30 2020 01:,1588204800,0.98,484
Apr 30 2020 02:,1588208400,0.98,553
Apr 30 2020 03:,1588212000,0.98,694
Apr 30 2020 04:,1588215600,0.98,572
Apr 30 2020 05:,1588219200,0.98,460
Apr 30 2020 06:,1588222800,0.985,423
Apr 30 2020 07:,1588226400,0.978,517
Apr 30 2020 08:,1588230000,0.977,507
Apr 30 2020 09:,1588233600,0.977,572
Apr 30 2020 10:,1588237200,0.955,551
Apr 30 2020 11:,1588240800,0.96,759
Apr 30 2020 12:,1588244400,0.96,655
Apr 30 2020 13:,1588248000,0.966,724
Apr 30 2020 14:,1588251600,0.97,811
Apr 30 2020 15:,1588255200,0.952,1432
Apr 30 2020 16:,1588258800,0.958,1007
Apr 30 2020 17:,1588262400,0.966,808
Apr 30 2020 18:,1588266000,0.955,893
Apr 30 2020 19:,1588269600,0.957,951
Apr 30 2020 20:,1588273200,0.966,782
Apr 30 2020 21:,1588276800,0.975,889
Apr 30 2020 22:,1588280400,0.98,907
Apr 30 2020 23:,1588284000,0.999,764
May 01 2020 00:,1588287600,1.003,799
May 01 2020 01:,1588291200,1.0,455
May 01 2020 02:,1588294800,0.98,473
May 01 2020 03:,1588298400,1.0,621
May 01 2020 04:,1588302000,1.0,603
May 01 2020 05:,1588305600,1.0,571
May 01 2020 06:,1588309200,1.0,583
May 01 2020 07:,1588312800,1.0,549
May 01 2020 08:,1588316400,0.995,579
May 01 2020 09:,1588320000,0.994,657
May 01 2020 10:,1588323600,0.993,1322
May 01 2020 11:,1588327200,0.983,1019
May 01 2020 12:,1588330800,1.008,1052
May 01 2020 13:,1588334400,1.007,855
May 01 2020 14:,1588338000,1.003,1047
May 01 2020 15:,1588341600,1.003,951
May 01 2020 16:,1588345200,1.012,1005
May 01 2020 17:,1588348800,1.019,1305
May 01 2020 18:,1588352400,1.019,1047
May 01 2020 19:,1588356000,1.029,1020
May 01 2020 20:,1588359600,1.047,1305
May 01 2020 21:,1588363200,1.06,1488
May 01 2020 22:,1588366800,1.066,2152
May 01 2020 23:,1588370400,1.085,1455
May 02 2020 00:,1588374000,1.09,875
May 02 2020 01:,1588377600,1.09,804
May 02 2020 02:,1588381200,1.081,605
May 02 2020 03:,1588384800,1.06,710
May 02 2020 04:,1588388400,1.04,584
May 02 2020 05:,1588392000,1.053,530
May 02 2020 06:,1588395600,1.04,548
May 02 2020 07:,1588399200,1.04,477
May 02 2020 08:,1588402800,1.047,1009
May 02 2020 09:,1588406400,1.042,1095
May 02 2020 10:,1588410000,1.026,662
May 02 2020 11:,1588413600,1.039,568
May 02 2020 12:,1588417200,1.036,813
May 02 2020 13:,1588420800,1.033,893
May 02 2020 14:,1588424400,1.032,1220
May 02 2020 15:,1588428000,1.04,861
May 02 2020 16:,1588431600,1.031,783
May 02 2020 17:,1588435200,1.051,684
May 02 2020 18:,1588438800,1.053,924
May 02 2020 19:,1588442400,1.051,803
May 02 2020 20:,1588446000,1.056,703
May 02 2020 21:,1588449600,1.06,788
May 02 2020 22:,1588453200,1.089,991
May 02 2020 23:,1588456800,1.09,848
May 03 2020 00:,1588460400,1.08,921
May 03 2020 01:,1588464000,1.075,1206
May 03 2020 02:,1588467600,1.07,702
May 03 2020 03:,1588471200,1.061,394
May 03 2020 04:,1588474800,1.04,274
May 03 2020 05:,1588478400,1.047,468
May 03 2020 06:,1588482000,1.046,331
May 03 2020 07:,1588485600,1.04,342
May 03 2020 08:,1588489200,1.037,464
May 03 2020 09:,1588492800,1.042,441
May 03 2020 10:,1588496400,1.042,516
May 03 2020 11:,1588500000,1.042,775
May 03 2020 12:,1588503600,1.038,744
May 03 2020 13:,1588507200,1.04,719
May 03 2020 14:,1588510800,1.042,753
May 03 2020 15:,1588514400,1.039,729
May 03 2020 16:,1588518000,1.041,700
May 03 2020 17:,1588521600,1.042,622
May 03 2020 18:,1588525200,1.05,844
May 03 2020 19:,1588528800,1.053,677
May 03 2020 20:,1588532400,1.056,733
May 03 2020 21:,1588536000,1.064,972
May 03 2020 22:,1588539600,1.064,890
May 03 2020 23:,1588543200,1.07,787
May 04 2020 00:,1588546800,1.064,542
May 04 2020 01:,1588550400,1.061,501
May 04 2020 02:,1588554000,1.06,289
May 04 2020 03:,1588557600,1.033,342
May 04 2020 04:,1588561200,1.03,333
May 04 2020 05:,1588564800,1.013,545
May 04 2020 06:,1588568400,1.012,538
May 04 2020 07:,1588572000,1.026,473
May 04 2020 08:,1588575600,1.016,384
May 04 2020 09:,1588579200,1.01,394
May 04 2020 10:,1588582800,1.01,452
May 04 2020 11:,1588586400,1.013,651
May 04 2020 12:,1588590000,1.01,588
May 04 2020 13:,1588593600,1.009,742
May 04 2020 14:,1588597200,1.023,654
May 04 2020 15:,1588600800,1.038,736
May 04 2020 16:,1588604400,1.042,747
May 04 2020 17:,1588608000,1.03,812
May 04 2020 18:,1588611600,1.03,704
May 04 2020 19:,1588615200,1.026,772
May 04 2020 20:,1588618800,1.03,522
May 04 2020 21:,1588622400,1.031,577
May 04 2020 22:,1588626000,1.039,664
May 04 2020 23:,1588629600,1.046,614
May 05 2020 00:,1588633200,1.051,669
May 05 2020 01:,1588636800,1.057,620
May 05 2020 02:,1588640400,1.05,506
May 05 2020 03:,1588644000,1.056,549
May 05 2020 04:,1588647600,1.04,290
May 05 2020 05:,1588651200,1.0,272
May 05 2020 06:,1588654800,0.99,329
May 05 2020 07:,1588658400,1.0,429
May 05 2020 08:,1588662000,1.001,402
May 05 2020 09:,1588665600,1.046,1087
May 05 2020 10:,1588669200,1.015,509
May 05 2020 11:,1588672800,0.98,448
May 05 2020 12:,1588676400,0.999,674
May 05 2020 13:,1588680000,1.024,795
May 05 2020 14:,1588683600,1.024,706
May 05 2020 15:,1588687200,1.031,700
May 05 2020 16:,1588690800,1.03,705
May 05 2020 17:,1588694400,1.03,682
May 05 2020 18:,1588698000,1.03,764
May 05 2020 19:,1588701600,1.024,607
May 05 2020 20:,1588705200,1.035,618
May 05 2020 21:,1588708800,1.036,623
May 05 2020 22:,1588712400,1.048,606
May 05 2020 23:,1588716000,1.058,486
May 06 2020 00:,1588719600,1.05,397
May 06 2020 01:,1588723200,1.06,530
May 06 2020 02:,1588726800,1.059,517
May 06 2020 03:,1588730400,1.05,489
May 06 2020 04:,1588734000,1.05,390
May 06 2020 05:,1588737600,1.05,360
May 06 2020 06:,1588741200,1.042,331
May 06 2020 07:,1588744800,1.03,273
May 06 2020 08:,1588748400,1.03,431
May 06 2020 09:,1588752000,1.02,620
May 06 2020 10:,1588755600,1.024,539
May 06 2020 11:,1588759200,1.025,716
May 06 2020 12:,1588762800,1.031,657
May 06 2020 13:,1588766400,1.034,887
May 06 2020 14:,1588770000,1.037,675
May 06 2020 15:,1588773600,1.036,862
May 06 2020 16:,1588777200,1.034,725
May 06 2020 17:,1588780800,1.039,772
May 06 2020 18:,1588784400,1.034,523
May 06 2020 19:,1588788000,1.042,739
May 06 2020 20:,1588791600,1.046,664
May 06 2020 21:,1588795200,1.037,761
May 06 2020 22:,1588798800,1.04,607
May 06 2020 23:,1588802400,1.05,569
May 07 2020 00:,1588806000,1.059,568
May 07 2020 01:,1588809600,1.051,726
May 07 2020 02:,1588813200,1.06,675
May 07 2020 03:,1588816800,1.06,624
May 07 2020 04:,1588820400,1.05,551
May 07 2020 05:,1588824000,1.051,477
May 07 2020 06:,1588827600,1.055,412
May 07 2020 07:,1588831200,1.05,290
May 07 2020 08:,1588834800,1.04,437
May 07 2020 09:,1588838400,1.042,580
May 07 2020 10:,1588842000,1.05,769
May 07 2020 11:,1588845600,1.063,1182
May 07 2020 12:,1588849200,1.069,810
May 07 2020 13:,1588852800,1.064,817
May 07 2020 14:,1588856400,1.07,821
May 07 2020 15:,1588860000,1.06,652
May 07 2020 16:,1588863600,1.06,967
May 07 2020 17:,1588867200,1.07,769
May 07 2020 18:,1588870800,1.07,948
May 07 2020 19:,1588874400,1.077,1280
May 07 2020 20:,1588878000,1.08,1052
May 07 2020 21:,1588881600,1.074,1130
May 07 2020 22:,1588885200,1.082,1617
May 07 2020 23:,1588888800,1.088,891
May 08 2020 00:,1588892400,1.1,827
May 08 2020 01:,1588896000,1.099,476
May 08 2020 02:,1588899600,1.1,919
May 08 2020 03:,1588903200,1.095,447
May 08 2020 04:,1588906800,1.092,397
May 08 2020 05:,1588910400,1.09,392
May 08 2020 06:,1588914000,1.08,401
May 08 2020 07:,1588917600,1.088,741
May 08 2020 08:,1588921200,1.103,1008
May 08 2020 09:,1588924800,1.105,1494
May 08 2020 10:,1588928400,1.12,1462
May 08 2020 11:,1588932000,1.1,923
May 08 2020 12:,1588935600,1.112,1347
May 08 2020 13:,1588939200,1.129,1552
May 08 2020 14:,1588942800,1.128,1526
May 08 2020 15:,1588946400,1.132,1671
May 08 2020 16:,1588950000,1.142,2227
May 08 2020 17:,1588953600,1.142,1423
May 08 2020 18:,1588957200,1.137,1424
May 08 2020 19:,1588960800,1.149,1075
May 08 2020 20:,1588964400,1.164,1584
May 08 2020 21:,1588968000,1.179,1133
May 08 2020 22:,1588971600,1.183,1664
May 08 2020 23:,1588975200,1.19,1361
May 09 2020 00:,1588978800,1.192,1135
May 09 2020 01:,1588982400,1.19,1086
May 09 2020 02:,1588986000,1.188,757
May 09 2020 03:,1588989600,1.18,782
May 09 2020 04:,1588993200,1.171,935
May 09 2020 05:,1588996800,1.171,1160
May 09 2020 06:,1589000400,1.165,748
May 09 2020 07:,1589004000,1.157,732
May 09 2020 08:,1589007600,1.159,621
May 09 2020 09:,1589011200,1.146,691
May 09 2020 10:,1589014800,1.15,696
May 09 2020 11:,1589018400,1.17,1017
May 09 2020 12:,1589022000,1.179,886
May 09 2020 13:,1589025600,1.182,1091
May 09 2020 14:,1589029200,1.179,922
May 09 2020 15:,1589032800,1.179,1278
May 09 2020 16:,1589036400,1.178,967
May 09 2020 17:,1589040000,1.172,968
May 09 2020 18:,1589043600,1.18,1314
May 09 2020 19:,1589047200,1.181,1055
May 09 2020 20:,1589050800,1.2,1790
May 09 2020 21:,1589054400,1.215,1533
May 09 2020 22:,1589058000,1.211,1099
May 09 2020 23:,1589061600,1.215,1153
May 10 2020 00:,1589065200,1.234,1442
May 10 2020 01:,1589068800,1.218,964
May 10 2020 02:,1589072400,1.21,996
May 10 2020 03:,1589076000,1.21,665
May 10 2020 04:,1589079600,1.2,630
May 10 2020 05:,1589083200,1.201,472
May 10 2020 06:,1589086800,1.231,1145
May 10 2020 07:,1589090400,1.233,776
May 10 2020 08:,1589094000,1.227,701
May 10 2020 09:,1589097600,1.23,1194
May 10 2020 10:,1589101200,1.234,1415
May 10 2020 11:,1589104800,1.229,1229
May 10 2020 12:,1589108400,1.235,1615
May 10 2020 13:,1589112000,1.234,1035
May 10 2020 14:,1589115600,1.232,1903
May 10 2020 15:,1589119200,1.234,2433
May 10 2020 16:,1589122800,1.235,1915
May 10 2020 17:,1589126400,1.244,1510
May 10 2020 18:,1589130000,1.245,2048
May 10 2020 19:,1589133600,1.245,1781
May 10 2020 20:,1589137200,1.265,1357
May 10 2020 21:,1589140800,1.28,1392
May 10 2020 22:,1589144400,1.296,2916
May 10 2020 23:,1589148000,1.333,3584
May 11 2020 00:,1589151600,1.353,2270
May 11 2020 01:,1589155200,1.341,2119
May 11 2020 02:,1589158800,1.285,1320
May 11 2020 03:,1589162400,1.27,788
May 11 2020 04:,1589166000,1.271,766
May 11 2020 05:,1589169600,1.279,726
May 11 2020 06:,1589173200,1.276,814
May 11 2020 07:,1589176800,1.28,855
May 11 2020 08:,1589180400,1.289,944
May 11 2020 09:,1589184000,1.298,1475
May 11 2020 10:,1589187600,1.309,1422
May 11 2020 11:,1589191200,1.31,1346
May 11 2020 12:,1589194800,1.309,1298
May 11 2020 13:,1589198400,1.326,1704
May 11 2020 14:,1589202000,1.337,2626
May 11 2020 15:,1589205600,1.343,1821
May 11 2020 16:,1589209200,1.344,1984
May 11 2020 17:,1589212800,1.351,1910
May 11 2020 18:,1589216400,1.363,2748
May 11 2020 19:,1589220000,1.377,2952
May 11 2020 20:,1589223600,1.408,3571
May 11 2020 21:,1589227200,1.47,3885
May 11 2020 22:,1589230800,1.479,2214
May 11 2020 23:,1589234400,1.449,2131
May 12 2020 00:,1589238000,1.454,1292
May 12 2020 01:,1589241600,1.449,1566
May 12 2020 02:,1589245200,1.415,904
May 12 2020 03:,1589248800,1.355,1073
May 12 2020 04:,1589252400,1.331,927
May 12 2020 05:,1589256000,1.388,1726
May 12 2020 06:,1589259600,1.391,840
May 12 2020 07:,1589263200,1.387,1163
May 12 2020 08:,1589266800,1.393,1347
May 12 2020 09:,1589270400,1.406,1329
May 12 2020 10:,1589274000,1.43,1856
May 12 2020 11:,1589277600,1.438,1308
May 12 2020 12:,1589281200,1.433,1434
May 12 2020 13:,1589284800,1.431,1347
May 12 2020 14:,1589288400,1.428,1020
May 12 2020 15:,1589292000,1.406,1315
May 12 2020 16:,1589295600,1.344,1460
May 12 2020 17:,1589299200,1.354,1115
May 12 2020 18:,1589302800,1.394,1201
May 12 2020 19:,1589306400,1.396,1326
May 12 2020 20:,1589310000,1.406,1033
May 12 2020 21:,1589313600,1.401,1140
May 12 2020 22:,1589317200,1.39,775
May 12 2020 23:,1589320800,1.38,793
May 13 2020 00:,1589324400,1.369,668
May 13 2020 01:,1589328000,1.35,566
May 13 2020 02:,1589331600,1.34,653
May 13 2020 03:,1589335200,1.31,1381
May 13 2020 04:,1589338800,1.293,818
May 13 2020 05:,1589342400,1.325,581
May 13 2020 06:,1589346000,1.331,498
May 13 2020 07:,1589349600,1.287,697
May 13 2020 08:,1589353200,1.303,1264
May 13 2020 09:,1589356800,1.347,846
May 13 2020 10:,1589360400,1.328,700
May 13 2020 11:,1589364000,1.32,846
May 13 2020 12:,1589367600,1.327,759
May 13 2020 13:,1589371200,1.347,1211
May 13 2020 14:,1589374800,1.359,1130
May 13 2020 15:,1589378400,1.361,1274
May 13 2020 16:,1589382000,1.359,1254
May 13 2020 17:,1589385600,1.362,890
May 13 2020 18:,1589389200,1.369,976
May 13 2020 19:,1589392800,1.376,791
May 13 2020 20:,1589396400,1.39,1044
May 13 2020 21:,1589400000,1.39,719
May 13 2020 22:,1589403600,1.385,692
May 13 2020 23:,1589407200,1.379,869
May 14 2020 00:,1589410800,1.39,740
May 14 2020 01:,1589414400,1.39,470
May 14 2020 02:,1589418000,1.376,580
May 14 2020 03:,1589421600,1.351,433
May 14 2020 04:,1589425200,1.357,439
May 14 2020 05:,1589428800,1.35,658
May 14 2020 06:,1589432400,1.35,510
May 14 2020 07:,1589436000,1.361,654
May 14 2020 08:,1589439600,1.361,842
May 14 2020 09:,1589443200,1.35,866
May 14 2020 10:,1589446800,1.352,711
May 14 2020 11:,1589450400,1.35,939
May 14 2020 12:,1589454000,1.371,947
May 14 2020 13:,1589457600,1.379,730
May 14 2020 14:,1589461200,1.368,922
May 14 2020 15:,1589464800,1.379,1003
May 14 2020 16:,1589468400,1.388,960
May 14 2020 17:,1589472000,1.39,1092
May 14 2020 18:,1589475600,1.399,1022
May 14 2020 19:,1589479200,1.401,1027
May 14 2020 20:,1589482800,1.401,1112
May 14 2020 21:,1589486400,1.391,998
May 14 2020 22:,1589490000,1.395,711
May 14 2020 23:,1589493600,1.392,909
May 15 2020 00:,1589497200,1.402,581
May 15 2020 01:,1589500800,1.404,1308
May 15 2020 02:,1589504400,1.409,551
May 15 2020 03:,1589508000,1.402,560
May 15 2020 04:,1589511600,1.39,525
May 15 2020 05:,1589515200,1.402,459
May 15 2020 06:,1589518800,1.404,566
May 15 2020 07:,1589522400,1.4,498
May 15 2020 08:,1589526000,1.407,1106
May 15 2020 09:,1589529600,1.405,970
May 15 2020 10:,1589533200,1.412,1311
May 15 2020 11:,1589536800,1.426,1254
May 15 2020 12:,1589540400,1.416,1166
May 15 2020 13:,1589544000,1.418,1000
May 15 2020 14:,1589547600,1.43,826
May 15 2020 15:,1589551200,1.437,1580
May 15 2020 16:,1589554800,1.445,1172
May 15 2020 17:,1589558400,1.45,1123
May 15 2020 18:,1589562000,1.45,990
May 15 2020 19:,1589565600,1.47,1515
May 15 2020 20:,1589569200,1.487,1696
May 15 2020 21:,1589572800,1.516,1566
May 15 2020 22:,1589576400,1.527,1276
May 15 2020 23:,1589580000,1.531,1036
May 16 2020 00:,1589583600,1.541,1645
May 16 2020 01:,1589587200,1.55,1365
May 16 2020 02:,1589590800,1.555,965
May 16 2020 03:,1589594400,1.555,823
May 16 2020 04:,1589598000,1.55,683
May 16 2020 05:,1589601600,1.554,448
May 16 2020 06:,1589605200,1.555,708
May 16 2020 07:,1589608800,1.559,594
May 16 2020 08:,1589612400,1.559,702
May 16 2020 09:,1589616000,1.562,1532
May 16 2020 10:,1589619600,1.607,2352
May 16 2020 11:,1589623200,1.66,4020
May 16 2020 12:,1589626800,1.767,3363
May 16 2020 13:,1589630400,1.656,2385
May 16 2020 14:,1589634000,1.743,2964
May 16 2020 15:,1589637600,1.765,2842
May 16 2020 16:,1589641200,1.819,2767
May 16 2020 17:,1589644800,1.863,3728
May 16 2020 18:,1589648400,1.968,4717
May 16 2020 19:,1589652000,1.979,3708
May 16 2020 20:,1589655600,1.86,2910
May 16 2020 21:,1589659200,1.897,3257
May 16 2020 22:,1589662800,1.965,2881
May 16 2020 23:,1589666400,1.96,1783
May 17 2020 00:,1589670000,1.96,1950
May 17 2020 01:,1589673600,1.956,1280
May 17 2020 02:,1589677200,1.917,866
May 17 2020 03:,1589680800,1.791,1533
May 17 2020 04:,1589684400,1.77,1486
May 17 2020 05:,1589688000,1.795,1211
May 17 2020 06:,1589691600,1.79,824
May 17 2020 07:,1589695200,1.806,973
May 17 2020 08:,1589698800,1.83,940
May 17 2020 09:,1589702400,1.851,1043
May 17 2020 10:,1589706000,1.815,1288
May 17 2020 11:,1589709600,1.819,1281
May 17 2020 12:,1589713200,1.819,1264
May 17 2020 13:,1589716800,1.818,1251
May 17 2020 14:,1589720400,1.808,1191
May 17 2020 15:,1589724000,1.774,1395
May 17 2020 16:,1589727600,1.768,1227
May 17 2020 17:,1589731200,1.782,1348
May 17 2020 18:,1589734800,1.78,1220
May 17 2020 19:,1589738400,1.795,1396
May 17 2020 20:,1589742000,1.81,1325
May 17 2020 21:,1589745600,1.819,1875
May 17 2020 22:,1589749200,1.884,1177
May 17 2020 23:,1589752800,1.883,797
May 18 2020 00:,1589756400,1.884,807
May 18 2020 01:,1589760000,1.84,538
May 18 2020 02:,1589763600,1.811,904
May 18 2020 03:,1589767200,1.821,406
May 18 2020 04:,1589770800,1.8,527
May 18 2020 05:,1589774400,1.8,896
May 18 2020 06:,1589778000,1.8,831
May 18 2020 07:,1589781600,1.79,768
May 18 2020 08:,1589785200,1.78,762
May 18 2020 09:,1589788800,1.785,728
May 18 2020 10:,1589792400,1.765,847
May 18 2020 11:,1589796000,1.754,939
May 18 2020 12:,1589799600,1.74,943
May 18 2020 13:,1589803200,1.726,787
May 18 2020 14:,1589806800,1.7,745
May 18 2020 15:,1589810400,1.635,1616
May 18 2020 16:,1589814000,1.578,1451
May 18 2020 17:,1589817600,1.624,904
May 18 2020 18:,1589821200,1.644,975
May 18 2020 19:,1589824800,1.689,1120
May 18 2020 20:,1589828400,1.69,1079
May 18 2020 21:,1589832000,1.711,857
May 18 2020 22:,1589835600,1.727,442
May 18 2020 23:,1589839200,1.72,541
May 19 2020 00:,1589842800,1.727,493
May 19 2020 01:,1589846400,1.66,469
May 19 2020 02:,1589850000,1.64,591
May 19 2020 03:,1589853600,1.668,538
May 19 2020 04:,1589857200,1.65,437
May 19 2020 05:,1589860800,1.61,473
May 19 2020 06:,1589864400,1.606,421
May 19 2020 07:,1589868000,1.603,596
May 19 2020 08:,1589871600,1.601,570
May 19 2020 09:,1589875200,1.587,994
May 19 2020 10:,1589878800,1.56,1081
May 19 2020 11:,1589882400,1.57,882
May 19 2020 12:,1589886000,1.569,929
May 19 2020 13:,1589889600,1.579,894
May 19 2020 14:,1589893200,1.576,1007
May 19 2020 15:,1589896800,1.596,990
May 19 2020 16:,1589900400,1.636,864
May 19 2020 17:,1589904000,1.646,868
May 19 2020 18:,1589907600,1.673,976
May 19 2020 19:,1589911200,1.679,915
May 19 2020 20:,1589914800,1.679,966
May 19 2020 21:,1589918400,1.693,967
May 19 2020 22:,1589922000,1.715,928
May 19 2020 23:,1589925600,1.749,607
May 20 2020 00:,1589929200,1.749,404
May 20 2020 01:,1589932800,1.736,721
May 20 2020 02:,1589936400,1.678,379
May 20 2020 03:,1589940000,1.67,400
May 20 2020 04:,1589943600,1.65,427
May 20 2020 05:,1589947200,1.638,304
May 20 2020 06:,1589950800,1.648,541
May 20 2020 07:,1589954400,1.66,485
May 20 2020 08:,1589958000,1.682,901
May 20 2020 09:,1589961600,1.702,557
May 20 2020 10:,1589965200,1.69,632
May 20 2020 11:,1589968800,1.704,520
May 20 2020 12:,1589972400,1.693,543
May 20 2020 13:,1589976000,1.699,773
May 20 2020 14:,1589979600,1.715,1062
May 20 2020 15:,1589983200,1.721,1086
May 20 2020 16:,1589986800,1.726,702
May 20 2020 17:,1589990400,1.735,883
May 20 2020 18:,1589994000,1.739,811
May 20 2020 19:,1589997600,1.75,786
May 20 2020 20:,1590001200,1.761,755
May 20 2020 21:,1590004800,1.733,650
May 20 2020 22:,1590008400,1.766,652
May 20 2020 23:,1590012000,1.767,600
May 21 2020 00:,1590015600,1.794,551
May 21 2020 01:,1590019200,1.787,399
May 21 2020 02:,1590022800,1.78,472
May 21 2020 03:,1590026400,1.76,682
May 21 2020 04:,1590030000,1.746,430
May 21 2020 05:,1590033600,1.779,545
May 21 2020 06:,1590037200,1.782,409
May 21 2020 07:,1590040800,1.775,404
May 21 2020 08:,1590044400,1.775,672
May 21 2020 09:,1590048000,1.767,697
May 21 2020 10:,1590051600,1.762,414
May 21 2020 11:,1590055200,1.776,861
May 21 2020 12:,1590058800,1.769,692
May 21 2020 13:,1590062400,1.736,682
May 21 2020 14:,1590066000,1.718,703
May 21 2020 15:,1590069600,1.716,669
May 21 2020 16:,1590073200,1.733,762
May 21 2020 17:,1590076800,1.736,722
May 21 2020 18:,1590080400,1.764,559
May 21 2020 19:,1590084000,1.76,862
May 21 2020 20:,1590087600,1.75,607
May 21 2020 21:,1590091200,1.764,820
May 21 2020 22:,1590094800,1.76,484
May 21 2020 23:,1590098400,1.757,493
May 22 2020 00:,1590102000,1.76,471
May 22 2020 01:,1590105600,1.75,562
May 22 2020 02:,1590109200,1.759,400
May 22 2020 03:,1590112800,1.757,425
May 22 2020 04:,1590116400,1.74,351
May 22 2020 05:,1590120000,1.733,530
May 22 2020 06:,1590123600,1.73,376
May 22 2020 07:,1590127200,1.722,429
May 22 2020 08:,1590130800,1.711,408
May 22 2020 09:,1590134400,1.72,489
May 22 2020 10:,1590138000,1.718,430
May 22 2020 11:,1590141600,1.718,874
May 22 2020 12:,1590145200,1.711,466
May 22 2020 13:,1590148800,1.704,644
May 22 2020 14:,1590152400,1.711,598
May 22 2020 15:,1590156000,1.7,722
May 22 2020 16:,1590159600,1.7,628
May 22 2020 17:,1590163200,1.68,752
May 22 2020 18:,1590166800,1.678,767
May 22 2020 19:,1590170400,1.678,1038
May 22 2020 20:,1590174000,1.676,717
May 22 2020 21:,1590177600,1.673,607
May 22 2020 22:,1590181200,1.694,679
May 22 2020 23:,1590184800,1.71,505
May 23 2020 00:,1590188400,1.711,496
May 23 2020 01:,1590192000,1.72,318
May 23 2020 02:,1590195600,1.73,438
May 23 2020 03:,1590199200,1.709,292
May 23 2020 04:,1590202800,1.704,319
May 23 2020 05:,1590206400,1.68,387
May 23 2020 06:,1590210000,1.69,451
May 23 2020 07:,1590213600,1.7,441
May 23 2020 08:,1590217200,1.7,502
May 23 2020 09:,1590220800,1.7,892
May 23 2020 10:,1590224400,1.667,532
May 23 2020 11:,1590228000,1.652,481
May 23 2020 12:,1590231600,1.64,993
May 23 2020 13:,1590235200,1.637,579
May 23 2020 14:,1590238800,1.645,446
May 23 2020 15:,1590242400,1.64,530
May 23 2020 16:,1590246000,1.634,531
May 23 2020 17:,1590249600,1.619,586
May 23 2020 18:,1590253200,1.612,745
May 23 2020 19:,1590256800,1.626,573
May 23 2020 20:,1590260400,1.628,616
May 23 2020 21:,1590264000,1.652,884
May 23 2020 22:,1590267600,1.667,1025
May 23 2020 23:,1590271200,1.667,673
May 24 2020 00:,1590274800,1.689,728
May 24 2020 01:,1590278400,1.69,509
May 24 2020 02:,1590282000,1.68,433
May 24 2020 03:,1590285600,1.685,687
May 24 2020 04:,1590289200,1.673,421
May 24 2020 05:,1590292800,1.665,380
May 24 2020 06:,1590296400,1.664,468
May 24 2020 07:,1590300000,1.66,408
May 24 2020 08:,1590303600,1.65,418
May 24 2020 09:,1590307200,1.645,441
May 24 2020 10:,1590310800,1.64,605
May 24 2020 11:,1590314400,1.64,586
May 24 2020 12:,1590318000,1.638,596
May 24 2020 13:,1590321600,1.645,574
May 24 2020 14:,1590325200,1.637,573
May 24 2020 15:,1590328800,1.654,777
May 24 2020 16:,1590332400,1.654,559
May 24 2020 17:,1590336000,1.656,866
May 24 2020 18:,1590339600,1.657,737
May 24 2020 19:,1590343200,1.649,547
May 24 2020 20:,1590346800,1.63,715
May 24 2020 21:,1590350400,1.612,884
May 24 2020 22:,1590354000,1.601,827
May 24 2020 23:,1590357600,1.588,469
May 25 2020 00:,1590361200,1.603,643
May 25 2020 01:,1590364800,1.612,658
May 25 2020 02:,1590368400,1.61,403
May 25 2020 03:,1590372000,1.588,628
May 25 2020 04:,1590375600,1.58,471
May 25 2020 05:,1590379200,1.58,493
May 25 2020 06:,1590382800,1.57,1025
May 25 2020 07:,1590386400,1.547,619
May 25 2020 08:,1590390000,1.559,503
May 25 2020 09:,1590393600,1.542,679
May 25 2020 10:,1590397200,1.533,494
May 25 2020 11:,1590400800,1.515,805
May 25 2020 12:,1590404400,1.514,586
May 25 2020 13:,1590408000,1.499,805
May 25 2020 14:,1590411600,1.49,762
May 25 2020 15:,1590415200,1.49,1044
May 25 2020 16:,1590418800,1.481,1100
May 25 2020 17:,1590422400,1.47,1135
May 25 2020 18:,1590426000,1.481,1305
May 25 2020 19:,1590429600,1.517,967
May 25 2020 20:,1590433200,1.485,951
May 25 2020 21:,1590436800,1.49,126
May 25 2020 22:,1590440400,1.47,1021
May 25 2020 23:,1590444000,1.481,1217
May 26 2020 00:,1590447600,1.514,838
May 26 2020 01:,1590451200,1.49,744
May 26 2020 02:,1590454800,1.471,859
May 26 2020 03:,1590458400,1.466,1232
May 26 2020 04:,1590462000,1.434,857
May 26 2020 05:,1590465600,1.417,1012
May 26 2020 06:,1590469200,1.415,1454
May 26 2020 07:,1590472800,1.382,1147
May 26 2020 08:,1590476400,1.376,1498
May 26 2020 09:,1590480000,1.38,798
May 26 2020 10:,1590483600,1.451,1549
May 26 2020 11:,1590487200,1.5,1120
May 26 2020 12:,1590490800,1.438,963
May 26 2020 13:,1590494400,1.449,1536
May 26 2020 14:,1590498000,1.453,1194
May 26 2020 15:,1590501600,1.463,1043
May 26 2020 16:,1590505200,1.459,775
May 26 2020 17:,1590508800,1.456,841
May 26 2020 18:,1590512400,1.463,918
May 26 2020 19:,1590516000,1.474,839
May 26 2020 20:,1590519600,1.483,819
May 26 2020 21:,1590523200,1.481,613
May 26 2020 22:,1590526800,1.493,896
May 26 2020 23:,1590530400,1.503,539
May 27 2020 00:,1590534000,1.53,465
May 27 2020 01:,1590537600,1.53,728
May 27 2020 02:,1590541200,1.5,499
May 27 2020 03:,1590544800,1.49,562
May 27 2020 04:,1590548400,1.484,284
May 27 2020 05:,1590552000,1.493,489
May 27 2020 06:,1590555600,1.513,314
May 27 2020 07:,1590559200,1.513,379
May 27 2020 08:,1590562800,1.502,376
May 27 2020 09:,1590566400,1.498,516
May 27 2020 10:,1590570000,1.478,474
May 27 2020 11:,1590573600,1.468,593
May 27 2020 12:,1590577200,1.462,608
May 27 2020 13:,1590580800,1.48,512
May 27 2020 14:,1590584400,1.493,513
May 27 2020 15:,1590588000,1.475,761
May 27 2020 16:,1590591600,1.47,899
May 27 2020 17:,1590595200,1.468,869
May 27 2020 18:,1590598800,1.493,1014
May 27 2020 19:,1590602400,1.525,726
May 27 2020 20:,1590606000,1.534,810
May 27 2020 21:,1590609600,1.571,488
May 27 2020 22:,1590613200,1.587,524
May 27 2020 23:,1590616800,1.604,455
May 28 2020 00:,1590620400,1.615,446
May 28 2020 01:,1590624000,1.604,524
May 28 2020 02:,1590627600,1.598,466
May 28 2020 03:,1590631200,1.59,367
May 28 2020 04:,1590634800,1.58,314
May 28 2020 05:,1590638400,1.543,430
May 28 2020 06:,1590642000,1.57,435
May 28 2020 07:,1590645600,1.56,374
May 28 2020 08:,1590649200,1.538,629
May 28 2020 09:,1590652800,1.51,531
May 28 2020 10:,1590656400,1.532,562
May 28 2020 11:,1590660000,1.55,716
May 28 2020 12:,1590663600,1.547,392
May 28 2020 13:,1590667200,1.551,516
May 28 2020 14:,1590670800,1.554,722
May 28 2020 15:,1590674400,1.55,613
May 28 2020 16:,1590678000,1.538,624
May 28 2020 17:,1590681600,1.529,522
May 28 2020 18:,1590685200,1.54,511
May 28 2020 19:,1590688800,1.556,448
May 28 2020 20:,1590692400,1.571,424
May 28 2020 21:,1590696000,1.58,659
May 28 2020 22:,1590699600,1.577,510
May 28 2020 23:,1590703200,1.608,549
May 29 2020 00:,1590706800,1.61,463
May 29 2020 01:,1590710400,1.61,540
May 29 2020 02:,1590714000,1.605,508
May 29 2020 03:,1590717600,1.605,342
May 29 2020 04:,1590721200,1.601,433
May 29 2020 05:,1590724800,1.61,319
May 29 2020 06:,1590728400,1.61,274
May 29 2020 07:,1590732000,1.601,222
May 29 2020 08:,1590735600,1.602,468
May 29 2020 09:,1590739200,1.589,382
May 29 2020 10:,1590742800,1.578,463
May 29 2020 11:,1590746400,1.58,400
May 29 2020 12:,1590750000,1.558,592
May 29 2020 13:,1590753600,1.57,639
May 29 2020 14:,1590757200,1.576,530
May 29 2020 15:,1590760800,1.572,532
May 29 2020 16:,1590764400,1.575,736
May 29 2020 17:,1590768000,1.568,730
May 29 2020 18:,1590771600,1.597,737
May 29 2020 19:,1590775200,1.609,709
May 29 2020 20:,1590778800,1.61,715
May 29 2020 21:,1590782400,1.62,833
May 29 2020 22:,1590786000,1.632,1004
May 29 2020 23:,1590789600,1.66,970
May 30 2020 00:,1590793200,1.659,532
May 30 2020 01:,1590796800,1.657,436
May 30 2020 02:,1590800400,1.66,385
May 30 2020 03:,1590804000,1.667,334
May 30 2020 04:,1590807600,1.65,357
May 30 2020 05:,1590811200,1.61,292
May 30 2020 06:,1590814800,1.609,273
May 30 2020 07:,1590818400,1.603,244
May 30 2020 08:,1590822000,1.609,247
May 30 2020 09:,1590825600,1.605,495
May 30 2020 10:,1590829200,1.588,441
May 30 2020 11:,1590832800,1.586,439
May 30 2020 12:,1590836400,1.579,560
May 30 2020 13:,1590840000,1.623,799
May 30 2020 14:,1590843600,1.616,574
May 30 2020 15:,1590847200,1.63,598
May 30 2020 16:,1590850800,1.632,544
May 30 2020 17:,1590854400,1.654,540
May 30 2020 18:,1590858000,1.652,584
May 30 2020 19:,1590861600,1.656,744
May 30 2020 20:,1590865200,1.654,513
May 30 2020 21:,1590868800,1.652,456
May 30 2020 22:,1590872400,1.665,812
May 30 2020 23:,1590876000,1.655,590
May 31 2020 00:,1590879600,1.652,418
May 31 2020 01:,1590883200,1.65,533
May 31 2020 02:,1590886800,1.654,392
May 31 2020 03:,1590890400,1.652,430
May 31 2020 04:,1590894000,1.67,569
May 31 2020 05:,1590897600,1.666,267
May 31 2020 06:,1590901200,1.65,412
May 31 2020 07:,1590904800,1.654,341
May 31 2020 08:,1590908400,1.64,376
May 31 2020 09:,1590912000,1.62,359
May 31 2020 10:,1590915600,1.63,458
May 31 2020 11:,1590919200,1.616,511
May 31 2020 12:,1590922800,1.621,572
May 31 2020 13:,1590926400,1.61,508
May 31 2020 14:,1590930000,1.619,497
May 31 2020 15:,1590933600,1.607,631
May 31 2020 16:,1590937200,1.602,538
May 31 2020 17:,1590940800,1.609,820
May 31 2020 18:,1590944400,1.62,570
May 31 2020 19:,1590948000,1.609,511
May 31 2020 20:,1590951600,1.617,501
May 31 2020 21:,1590955200,1.634,577
May 31 2020 22:,1590958800,1.659,475
May 31 2020 23:,1590962400,1.665,343
Jun 01 2020 00:,1590966000,1.676,294
Jun 01 2020 01:,1590969600,1.66,251
Jun 01 2020 02:,1590973200,1.67,261
Jun 01 2020 03:,1590976800,1.67,356
Jun 01 2020 04:,1590980400,1.61,144
Jun 01 2020 05:,1590984000,1.64,232
Jun 01 2020 06:,1590987600,1.66,289
Jun 01 2020 07:,1590991200,1.652,244
Jun 01 2020 08:,1590994800,1.65,391
Jun 01 2020 09:,1590998400,1.62,368
Jun 01 2020 10:,1591002000,1.631,432
Jun 01 2020 11:,1591005600,1.62,391
Jun 01 2020 12:,1591009200,1.602,316
Jun 01 2020 13:,1591012800,1.609,387
Jun 01 2020 14:,1591016400,1.609,785
Jun 01 2020 15:,1591020000,1.602,418
Jun 01 2020 16:,1591023600,1.602,513
Jun 01 2020 17:,1591027200,1.592,369
Jun 01 2020 18:,1591030800,1.609,510
Jun 01 2020 19:,1591034400,1.627,586
Jun 01 2020 20:,1591038000,1.627,501
Jun 01 2020 21:,1591041600,1.61,506
Jun 01 2020 22:,1591045200,1.632,405
Jun 01 2020 23:,1591048800,1.598,531
Jun 02 2020 00:,1591052400,1.632,479
Jun 02 2020 01:,1591056000,1.61,409
Jun 02 2020 02:,1591059600,1.61,225
Jun 02 2020 03:,1591063200,1.598,350
Jun 02 2020 04:,1591066800,1.61,185
Jun 02 2020 05:,1591070400,1.61,329
Jun 02 2020 06:,1591074000,1.61,284
Jun 02 2020 07:,1591077600,1.61,255
Jun 02 2020 08:,1591081200,1.61,415
Jun 02 2020 09:,1591084800,1.599,313
Jun 02 2020 10:,1591088400,1.588,437
Jun 02 2020 11:,1591092000,1.587,441
Jun 02 2020 12:,1591095600,1.577,304
Jun 02 2020 13:,1591099200,1.56,637
Jun 02 2020 14:,1591102800,1.581,353
Jun 02 2020 15:,1591106400,1.57,397
Jun 02 2020 16:,1591110000,1.577,455
Jun 02 2020 17:,1591113600,1.588,381
Jun 02 2020 18:,1591117200,1.597,486
Jun 02 2020 19:,1591120800,1.57,441
Jun 02 2020 20:,1591124400,1.545,527
Jun 02 2020 21:,1591128000,1.58,617
Jun 02 2020 22:,1591131600,1.596,326
Jun 02 2020 23:,1591135200,1.606,250
Jun 03 2020 00:,1591138800,1.528,440
Jun 03 2020 01:,1591142400,1.61,439
Jun 03 2020 02:,1591146000,1.611,306
Jun 03 2020 03:,1591149600,1.61,310
Jun 03 2020 04:,1591153200,1.609,151
Jun 03 2020 05:,1591156800,1.596,214
Jun 03 2020 06:,1591160400,1.585,185
Jun 03 2020 07:,1591164000,1.573,211
Jun 03 2020 08:,1591167600,1.57,233
Jun 03 2020 09:,1591171200,1.57,253
Jun 03 2020 10:,1591174800,1.58,495
Jun 03 2020 11:,1591178400,1.552,243
Jun 03 2020 12:,1591182000,1.535,348
Jun 03 2020 13:,1591185600,1.531,564
Jun 03 2020 14:,1591189200,1.503,464
Jun 03 2020 15:,1591192800,1.514,527
Jun 03 2020 16:,1591196400,1.516,413
Jun 03 2020 17:,1591200000,1.541,402
Jun 03 2020 18:,1591203600,1.54,545
Jun 03 2020 19:,1591207200,1.541,599
Jun 03 2020 20:,1591210800,1.57,513
Jun 03 2020 21:,1591214400,1.518,546
Jun 03 2020 22:,1591218000,1.507,668
Jun 03 2020 23:,1591221600,1.493,362
Jun 04 2020 00:,1591225200,1.56,378
Jun 04 2020 01:,1591228800,1.575,265
Jun 04 2020 02:,1591232400,1.594,381
Jun 04 2020 03:,1591236000,1.58,304
Jun 04 2020 04:,1591239600,1.593,178
Jun 04 2020 05:,1591243200,1.61,818
Jun 04 2020 06:,1591246800,1.62,391
Jun 04 2020 07:,1591250400,1.62,313
Jun 04 2020 08:,1591254000,1.599,279
Jun 04 2020 09:,1591257600,1.594,206
Jun 04 2020 10:,1591261200,1.554,330
Jun 04 2020 11:,1591264800,1.55,281
Jun 04 2020 12:,1591268400,1.543,330
Jun 04 2020 13:,1591272000,1.571,343
Jun 04 2020 14:,1591275600,1.599,562
Jun 04 2020 15:,1591279200,1.577,566
Jun 04 2020 16:,1591282800,1.569,406
Jun 04 2020 17:,1591286400,1.59,667
Jun 04 2020 18:,1591290000,1.583,472
Jun 04 2020 19:,1591293600,1.593,535
Jun 04 2020 20:,1591297200,1.57,547
Jun 04 2020 21:,1591300800,1.563,402
Jun 04 2020 22:,1591304400,1.552,330
Jun 04 2020 23:,1591308000,1.552,340
Jun 05 2020 00:,1591311600,1.58,505
Jun 05 2020 01:,1591315200,1.58,320
Jun 05 2020 02:,1591318800,1.58,299
Jun 05 2020 03:,1591322400,1.57,225
Jun 05 2020 04:,1591326000,1.57,292
Jun 05 2020 05:,1591329600,1.57,211
Jun 05 2020 06:,1591333200,1.566,262
Jun 05 2020 07:,1591336800,1.549,199
Jun 05 2020 08:,1591340400,1.555,193
Jun 05 2020 09:,1591344000,1.527,211
Jun 05 2020 10:,1591347600,1.533,417
Jun 05 2020 11:,1591351200,1.519,476
Jun 05 2020 12:,1591354800,1.518,258
Jun 05 2020 13:,1591358400,1.537,456
Jun 05 2020 14:,1591362000,1.53,547
Jun 05 2020 15:,1591365600,1.554,626
Jun 05 2020 16:,1591369200,1.555,586
Jun 05 2020 17:,1591372800,1.552,425
Jun 05 2020 18:,1591376400,1.54,526
Jun 05 2020 19:,1591380000,1.526,504
Jun 05 2020 20:,1591383600,1.551,501
Jun 05 2020 21:,1591387200,1.555,533
Jun 05 2020 22:,1591390800,1.55,413
Jun 05 2020 23:,1591394400,1.548,474
Jun 06 2020 00:,1591398000,1.526,685
Jun 06 2020 01:,1591401600,1.56,555
Jun 06 2020 02:,1591405200,1.54,286
Jun 06 2020 03:,1591408800,1.53,203
Jun 06 2020 04:,1591412400,1.546,203
Jun 06 2020 05:,1591416000,1.55,287
Jun 06 2020 06:,1591419600,1.549,350
Jun 06 2020 07:,1591423200,1.57,185
Jun 06 2020 08:,1591426800,1.57,213
Jun 06 2020 09:,1591430400,1.55,254
Jun 06 2020 10:,1591434000,1.522,287
Jun 06 2020 11:,1591437600,1.515,342
Jun 06 2020 12:,1591441200,1.515,324
Jun 06 2020 13:,1591444800,1.53,577
Jun 06 2020 14:,1591448400,1.53,451
Jun 06 2020 15:,1591452000,1.547,525
Jun 06 2020 16:,1591455600,1.55,560
Jun 06 2020 17:,1591459200,1.555,546
Jun 06 2020 18:,1591462800,1.56,572
Jun 06 2020 19:,1591466400,1.547,505
Jun 06 2020 20:,1591470000,1.53,404
Jun 06 2020 21:,1591473600,1.55,438
Jun 06 2020 22:,1591477200,1.558,435
Jun 06 2020 23:,1591480800,1.56,437
Jun 07 2020 00:,1591484400,1.56,298
Jun 07 2020 01:,1591488000,1.571,317
Jun 07 2020 02:,1591491600,1.526,258
Jun 07 2020 03:,1591495200,1.54,239
Jun 07 2020 04:,1591498800,1.546,199
Jun 07 2020 05:,1591502400,1.545,189
Jun 07 2020 06:,1591506000,1.54,178
Jun 07 2020 07:,1591509600,1.52,187
Jun 07 2020 08:,1591513200,1.526,214
Jun 07 2020 09:,1591516800,1.53,428
Jun 07 2020 10:,1591520400,1.515,372
Jun 07 2020 11:,1591524000,1.501,420
Jun 07 2020 12:,1591527600,1.5,733
Jun 07 2020 13:,1591531200,1.509,595
Jun 07 2020 14:,1591534800,1.515,518
Jun 07 2020 15:,1591538400,1.504,508
Jun 07 2020 16:,1591542000,1.514,597
Jun 07 2020 17:,1591545600,1.526,500
Jun 07 2020 18:,1591549200,1.506,371
Jun 07 2020 19:,1591552800,1.526,400
Jun 07 2020 20:,1591556400,1.515,420
Jun 07 2020 21:,1591560000,1.496,318
Jun 07 2020 22:,1591563600,1.492,361
Jun 07 2020 23:,1591567200,1.526,314
Jun 08 2020 00:,1591570800,1.51,339
Jun 08 2020 01:,1591574400,1.51,249
Jun 08 2020 02:,1591578000,1.49,421
Jun 08 2020 03:,1591581600,1.5,414
Jun 08 2020 04:,1591585200,1.51,300
Jun 08 2020 05:,1591588800,1.51,280
Jun 08 2020 06:,1591592400,1.51,387
Jun 08 2020 07:,1591596000,1.5,382
Jun 08 2020 08:,1591599600,1.5,324
Jun 08 2020 09:,1591603200,1.492,243
Jun 08 2020 10:,1591606800,1.481,264
Jun 08 2020 11:,1591610400,1.476,316
Jun 08 2020 12:,1591614000,1.465,319
Jun 08 2020 13:,1591617600.0,1.47,440.0
